# Wavefront Obj file
# 
# verts: 3499 uv-s: 4123
mtllib Scalpel.mtl

g Plane

v -0.681643 0.045411 -0.988877
v 0.681644 0.045411 -0.988877
v -1.057112 0.045411 -1.367308
v 1.057113 0.045411 -1.367308
v -0.403430 0.045411 -6.986273
v 0.403430 0.045411 -6.986273
v -0.350956 0.045411 -0.988877
v 0.350957 0.045411 -0.988877
v 0.544274 0.045411 -1.367308
v -0.544273 0.045411 -1.367308
v 0.207714 0.045411 -6.986273
v -0.207713 0.045411 -6.986273
v 0.981583 0.045411 -2.016552
v 0.763689 0.045411 -3.889540
v -0.763688 0.045411 -3.889540
v -0.981583 0.045411 -2.016552
v -0.505386 0.045411 -2.016552
v -0.393199 0.045411 -3.889540
v 0.505386 0.045411 -2.016552
v 0.393199 0.045411 -3.889540
v -0.681643 0.045411 0.005062
v 0.681644 0.045411 0.005062
v -0.350956 0.045411 0.005062
v 0.350957 0.045411 0.005062
v -0.681643 -0.046989 -0.988877
v 0.681644 -0.046989 -0.988877
v -1.057112 -0.046989 -1.367308
v 1.057113 -0.046989 -1.367308
v -0.403430 -0.046989 -6.986273
v 0.403430 -0.046989 -6.986273
v -0.350956 -0.046989 -0.988877
v 0.350957 -0.046989 -0.988877
v 0.544274 -0.046989 -1.367308
v -0.544273 -0.046989 -1.367308
v 0.207714 -0.046989 -6.986273
v -0.207713 -0.046989 -6.986273
v 0.981583 -0.046989 -2.016552
v 0.763689 -0.046989 -3.889540
v -0.763688 -0.046989 -3.889540
v -0.981583 -0.046989 -2.016552
v -0.505386 -0.046989 -2.016552
v -0.393199 -0.046986 -3.889540
v 0.505386 -0.046989 -2.016552
v 0.393199 -0.046986 -3.889540
v -0.681643 -0.046989 0.005062
v 0.681644 -0.046989 0.005062
v -0.350956 -0.046989 0.005062
v 0.350957 -0.046989 0.005062
v -0.752777 -0.000789 -0.988878
v 0.732567 -0.000789 -0.988878
v -1.161862 -0.000789 -1.367308
v 1.141653 -0.000789 -1.367308
v -0.449655 -0.000789 -6.986272
v 0.429445 -0.000789 -6.986272
v 0.207714 -0.000789 -6.986273
v -0.207713 -0.000789 -6.986273
v 1.059361 -0.000789 -2.016552
v 0.821958 -0.000789 -3.889540
v -0.842168 -0.000789 -3.889540
v -1.079570 -0.000789 -2.016552
v -0.681643 -0.000789 0.005062
v 0.681644 -0.000789 0.005062
v -0.350956 -0.000789 0.005062
v 0.350957 -0.000789 0.005062
v 0.069238 0.009812 -6.986273
v -0.069237 0.009812 -6.986273
v 0.131067 0.009812 -3.889540
v -0.131066 0.009812 -3.889540
v 0.069238 -0.046989 -6.986273
v -0.069237 -0.046989 -6.986273
v 0.131067 -0.046986 -3.889540
v -0.131066 -0.046986 -3.889540
v 0.069238 -0.000789 -6.986273
v -0.069237 -0.000789 -6.986273
# 74 positions

vt 0.485867 0.504355
vt 0.485867 0.521836
vt 0.465862 0.541685
vt 0.465862 0.514574
vt 0.332527 0.506588
vt 0.332527 0.526173
vt 0.168821 0.507129
vt 0.168821 0.496782
vt 0.332527 0.445430
vt 0.332527 0.465016
vt 0.168821 0.474821
vt 0.168821 0.464475
vt 0.332527 0.492730
vt 0.168821 0.489462
vt 0.485867 0.449767
vt 0.485867 0.467249
vt 0.465862 0.457029
vt 0.465862 0.429919
vt 0.431540 0.512519
vt 0.431540 0.459085
vt 0.431540 0.433911
vt 0.431540 0.537692
vt 0.538411 0.467249
vt 0.538411 0.504355
vt 0.538411 0.449767
vt 0.538411 0.521836
vt 0.221364 0.362973
vt 0.241370 0.352754
vt 0.241370 0.325643
vt 0.221364 0.345492
vt 0.374705 0.360740
vt 0.538411 0.370546
vt 0.538411 0.360199
vt 0.374705 0.341155
vt 0.374705 0.421898
vt 0.538411 0.402853
vt 0.538411 0.392507
vt 0.374705 0.402312
vt 0.374705 0.374598
vt 0.538411 0.377866
vt 0.221364 0.417561
vt 0.241370 0.437410
vt 0.241370 0.410299
vt 0.221364 0.400079
vt 0.275691 0.408243
vt 0.275691 0.354810
vt 0.275691 0.433417
vt 0.275691 0.329636
vt 0.168821 0.362973
vt 0.168821 0.400079
vt 0.168821 0.417561
vt 0.168821 0.345492
vt 0.221364 0.421321
vt 0.241370 0.442947
vt 0.241370 0.321174
vt 0.221364 0.342800
vt 0.307033 0.308872
vt 0.294243 0.308872
vt 0.294243 0.311315
vt 0.304589 0.311315
vt 0.538411 0.358824
vt 0.374705 0.338074
vt 0.275691 0.438597
vt 0.272282 0.308872
vt 0.260560 0.308872
vt 0.261936 0.311315
vt 0.272282 0.311315
vt 0.279602 0.308872
vt 0.279602 0.311315
vt 0.275691 0.325524
vt 0.374705 0.426047
vt 0.538411 0.405297
vt 0.229434 0.119645
vt 0.328625 0.119645
vt 0.328625 0.114760
vt 0.229434 0.114760
vt 0.288410 0.211384
vt 0.387601 0.211384
vt 0.387601 0.206500
vt 0.288410 0.206500
vt 0.086910 0.060699
vt 0.086910 0.114133
vt 0.091795 0.114133
vt 0.091795 0.060699
vt 0.226910 0.309433
vt 0.213052 0.311315
vt 0.213052 0.306430
vt 0.226910 0.306430
vt 0.281845 0.210580
vt 0.264363 0.210580
vt 0.264363 0.208138
vt 0.281845 0.208138
vt 0.227257 0.210580
vt 0.209776 0.210580
vt 0.209776 0.208138
vt 0.227257 0.208138
vt 0.168821 0.417561
vt 0.168821 0.345492
vt 0.538411 0.521836
vt 0.485867 0.524528
vt 0.485867 0.446007
vt 0.538411 0.449767
vt 0.264363 0.213022
vt 0.227257 0.213022
vt 0.209776 0.213022
vt 0.281845 0.213022
vt 0.332527 0.441281
vt 0.431540 0.428731
vt 0.168821 0.462031
vt 0.431540 0.541804
vt 0.332527 0.529254
vt 0.465862 0.546154
vt 0.279602 0.308312
vt 0.272282 0.306430
vt 0.261936 0.306430
vt 0.465862 0.424381
vt 0.168821 0.508504
vt 0.304589 0.306430
vt 0.294243 0.306430
vt 0.286923 0.308312
vt 0.286923 0.308872
vt 0.254625 0.311315
vt 0.240767 0.309433
vt 0.240767 0.306430
vt 0.254625 0.306430
vt 0.286923 0.311315
vt 0.538411 0.385187
vt 0.374705 0.388455
vt 0.332527 0.478873
vt 0.168821 0.482142
# 130 texture coordinates

vn 0.000000 1.000000 0.000000
vn -0.175008 0.984542 0.007000
vn 0.000000 -1.000000 -0.000000
vn -0.418913 -0.797424 0.434313
vn 0.486601 -0.713302 0.504401
vn 0.000000 0.000000 -1.000000
vn 0.735881 -0.671183 -0.089398
vn 0.647116 -0.758319 -0.078702
vn 0.657772 -0.748968 -0.079897
vn -0.414198 -0.908796 -0.050300
vn -0.437078 -0.897855 -0.053097
vn -0.440483 -0.896166 -0.053498
vn 0.525310 -0.848516 -0.063801
vn 0.493801 -0.867502 -0.060000
vn 0.529716 -0.845726 -0.064402
vn -0.525496 -0.848393 -0.063899
vn -0.593784 -0.801379 -0.072198
vn -0.534229 -0.842845 -0.064903
vn 0.998210 0.000000 0.059801
vn -0.998210 0.000000 0.059801
vn -0.000000 0.000000 1.000000
vn -0.792069 -0.609776 0.028299
vn 0.875607 -0.482504 0.022400
vn 0.875607 0.482504 0.022400
vn -0.792069 0.609776 0.028299
vn -0.440483 0.896166 -0.053498
vn -0.534229 0.842845 -0.064903
vn -0.525496 0.848393 -0.063899
vn -0.437078 0.897855 -0.053097
vn -0.593784 0.801379 -0.072198
vn 0.657772 0.748968 -0.079897
vn 0.529716 0.845726 -0.064402
vn 0.525310 0.848516 -0.063801
vn 0.647116 0.758319 -0.078702
vn 0.493801 0.867502 -0.060000
vn -0.414198 0.908796 -0.050300
vn 0.735881 0.671183 -0.089398
vn 0.486601 0.713302 0.504401
vn -0.418913 0.797424 0.434313
vn 0.175008 0.984542 0.007000
# 40 normals

usemtl None
f 8/1/1 2/2/1 4/3/1 9/4/1
f 20/5/1 14/6/1 6/7/1 11/8/1
f 15/9/1 18/10/1 12/11/1 5/12/1
f 67/13/2 20/5/2 11/8/2 65/14/2
f 1/15/1 7/16/1 10/17/1 3/18/1
f 7/16/1 8/1/1 9/4/1 10/17/1
f 10/17/1 9/4/1 19/19/1 17/20/1
f 3/18/1 10/17/1 17/20/1 16/21/1
f 16/21/1 17/20/1 18/10/1 15/9/1
f 9/4/1 4/3/1 13/22/1 19/19/1
f 19/19/1 13/22/1 14/6/1 20/5/1
f 8/1/1 7/16/1 23/23/1 24/24/1
f 7/16/1 1/15/1 21/25/1 23/23/1
f 2/2/1 8/1/1 24/24/1 22/26/1
f 32/27/3 33/28/3 28/29/3 26/30/3
f 44/31/3 35/32/3 30/33/3 38/34/3
f 39/35/3 29/36/3 36/37/3 42/38/3
f 71/39/3 69/40/3 35/32/3 44/31/3
f 25/41/3 27/42/3 34/43/3 31/44/3
f 31/44/3 34/43/3 33/28/3 32/27/3
f 34/43/3 41/45/3 43/46/3 33/28/3
f 27/42/3 40/47/3 41/45/3 34/43/3
f 40/47/3 39/35/3 42/38/3 41/45/3
f 33/28/3 43/46/3 37/48/3 28/29/3
f 43/46/3 44/31/3 38/34/3 37/48/3
f 32/27/3 48/49/3 47/50/3 31/44/3
f 31/44/3 47/50/3 45/51/3 25/41/3
f 26/30/3 46/52/3 48/49/3 32/27/3
f 49/53/4 51/54/4 27/42/4 25/41/4
f 52/55/5 50/56/5 26/30/5 28/29/5
f 53/57/6 56/58/6 36/59/6 29/60/6
f 54/61/7 58/62/8 38/34/9 30/33/7
f 51/54/10 60/63/11 40/47/12 27/42/10
f 55/64/6 54/65/6 30/66/6 35/67/6
f 73/68/6 55/64/6 35/67/6 69/69/6
f 57/70/13 52/55/14 28/29/14 37/48/15
f 58/62/8 57/70/13 37/48/15 38/34/9
f 59/71/16 53/72/17 29/36/17 39/35/18
f 60/63/11 59/71/16 39/35/18 40/47/12
f 18/73/19 17/74/19 41/75/19 42/76/19
f 19/77/20 20/78/20 44/79/20 43/80/20
f 17/81/6 19/82/6 43/83/6 41/84/6
f 68/85/21 18/86/21 42/87/21 72/88/21
f 62/89/21 64/90/21 48/91/21 46/92/21
f 63/93/21 61/94/21 45/95/21 47/96/21
f 64/90/21 63/93/21 47/96/21 48/91/21
f 61/97/22 49/53/22 25/41/22 45/51/22
f 50/56/23 62/98/23 46/52/23 26/30/23
f 2/2/24 22/26/24 62/99/24 50/100/24
f 21/25/25 1/15/25 49/101/25 61/102/25
f 24/103/21 23/104/21 63/93/21 64/90/21
f 23/104/21 21/105/21 61/94/21 63/93/21
f 22/106/21 24/103/21 64/90/21 62/89/21
f 16/21/26 15/9/27 59/107/28 60/108/29
f 15/9/27 5/12/30 53/109/30 59/107/28
f 14/6/31 13/22/32 57/110/33 58/111/34
f 13/22/32 4/3/35 52/112/35 57/110/33
f 65/113/6 11/114/6 55/64/6 73/68/6
f 11/114/6 6/115/6 54/65/6 55/64/6
f 3/18/36 16/21/26 60/108/29 51/116/36
f 6/7/37 14/6/31 58/111/34 54/117/37
f 5/118/6 12/119/6 56/58/6 53/57/6
f 4/3/38 2/2/38 50/100/38 52/112/38
f 1/15/39 3/18/39 51/116/39 49/101/39
f 12/119/6 66/120/6 74/121/6 56/58/6
f 66/120/6 65/113/6 73/68/6 74/121/6
f 20/122/21 67/123/21 71/124/21 44/125/21
f 67/123/21 68/85/21 72/88/21 71/124/21
f 56/58/6 74/121/6 70/126/6 36/59/6
f 74/121/6 73/68/6 69/69/6 70/126/6
f 42/38/3 36/37/3 70/127/3 72/128/3
f 72/128/3 70/127/3 69/40/3 71/39/3
f 18/10/40 68/129/40 66/130/40 12/11/40
f 68/129/1 67/13/1 65/14/1 66/130/1

g Cylinder.001

v 0.000000 1.038130 1.359329
v 0.000000 1.089573 2.143369
v 0.202529 1.018182 1.359329
v 0.212565 1.068637 2.143369
v 0.397275 0.959107 1.359329
v 0.416962 1.006634 2.143369
v 0.576754 0.863173 1.359329
v 0.605334 0.905947 2.143369
v 0.734069 0.734069 1.359329
v 0.770444 0.770444 2.143369
v 0.863173 0.576754 1.359329
v 0.905947 0.605334 2.143369
v 0.959107 0.397275 1.359329
v 1.006634 0.416961 2.143369
v 1.018182 0.202529 1.359329
v 1.068637 0.212565 2.143369
v 1.038130 0.000000 1.359329
v 1.089573 0.000000 2.143369
v 1.018182 -0.202529 1.359329
v 1.068637 -0.212565 2.143369
v 0.959107 -0.397275 1.359329
v 1.006634 -0.416961 2.143369
v 0.863173 -0.576754 1.359329
v 0.905947 -0.605334 2.143369
v 0.734069 -0.734069 1.359329
v 0.770444 -0.770444 2.143369
v 0.576754 -0.863173 1.359329
v 0.605334 -0.905947 2.143369
v 0.397275 -0.959107 1.359329
v 0.416961 -1.006634 2.143369
v 0.202529 -1.018182 1.359329
v 0.212565 -1.068637 2.143369
v 0.000000 -1.038130 1.359329
v 0.000000 -1.089573 2.143369
v -0.202529 -1.018182 1.359329
v -0.212566 -1.068637 2.143369
v -0.397276 -0.959107 1.359329
v -0.416962 -1.006634 2.143369
v -0.576754 -0.863173 1.359329
v -0.605335 -0.905946 2.143369
v -0.734069 -0.734068 1.359329
v -0.770445 -0.770444 2.143369
v -0.863174 -0.576753 1.359329
v -0.905947 -0.605334 2.143369
v -0.959107 -0.397274 1.359329
v -1.006634 -0.416961 2.143369
v -1.018183 -0.202528 1.359329
v -1.068637 -0.212564 2.143369
v -1.038130 0.000001 1.359329
v -1.089573 0.000001 2.143369
v -1.018182 0.202530 1.359329
v -1.068637 0.212566 2.143369
v -0.959106 0.397276 1.359329
v -1.006634 0.416963 2.143369
v -0.863173 0.576755 1.359329
v -0.905946 0.605335 2.143369
v -0.734068 0.734070 1.359329
v -0.770443 0.770445 2.143369
v -0.576753 0.863174 1.359329
v -0.605333 0.905948 2.143369
v -0.397274 0.959107 1.359329
v -0.416960 1.006635 2.143369
v -0.202527 1.018183 1.359329
v -0.212563 1.068637 2.143369
v 0.000000 0.696087 1.028812
v 0.135800 0.682712 1.028812
v 0.266381 0.643101 1.028812
v 0.386725 0.578775 1.028812
v 0.492208 0.492208 1.028812
v 0.578775 0.386725 1.028812
v 0.643101 0.266381 1.028812
v 0.682712 0.135800 1.028812
v 0.696087 0.000000 1.028812
v 0.682712 -0.135800 1.028812
v 0.643101 -0.266381 1.028812
v 0.578775 -0.386725 1.028812
v 0.492208 -0.492208 1.028812
v 0.386725 -0.578775 1.028812
v 0.266381 -0.643100 1.028812
v 0.135800 -0.682712 1.028812
v 0.000000 -0.696087 1.028812
v -0.135800 -0.682712 1.028812
v -0.266381 -0.643100 1.028812
v -0.386725 -0.578775 1.028812
v -0.492208 -0.492207 1.028812
v -0.578775 -0.386725 1.028812
v -0.643101 -0.266380 1.028812
v -0.682712 -0.135799 1.028812
v -0.696087 0.000001 1.028812
v -0.682712 0.135801 1.028812
v -0.643100 0.266382 1.028812
v -0.578775 0.386726 1.028812
v -0.492207 0.492209 1.028812
v -0.386724 0.578776 1.028812
v -0.266380 0.643101 1.028812
v -0.135799 0.682712 1.028812
v 0.000000 0.696087 -1.081366
v 0.135800 0.682712 -1.081366
v 0.266381 0.643101 -1.081366
v 0.386726 0.578775 -1.081366
v 0.492208 0.492208 -1.081366
v 0.578776 0.386725 -1.081366
v 0.643101 0.266381 -1.081366
v 0.682712 0.135800 -1.081366
v 0.682712 -0.038166 -1.081366
v 0.682712 -0.135799 -1.081366
v 0.643101 -0.266381 -1.081366
v 0.578776 -0.386725 -1.081366
v 0.492208 -0.492207 -1.081366
v 0.386726 -0.578775 -1.081366
v 0.266381 -0.643100 -1.081366
v 0.135800 -0.682712 -1.081366
v 0.000000 -0.696087 -1.081366
v -0.135800 -0.682711 -1.081366
v -0.266381 -0.643100 -1.081366
v -0.386725 -0.578775 -1.081366
v -0.492208 -0.492207 -1.081366
v -0.578775 -0.386724 -1.081366
v -0.643100 -0.266380 -1.081366
v -0.682712 -0.135799 -1.081366
v 0.682712 0.038167 -1.081366
v -0.682711 0.135801 -1.081366
v -0.643100 0.266382 -1.081366
v -0.578774 0.386726 -1.081366
v -0.492207 0.492209 -1.081366
v -0.386724 0.578776 -1.081366
v -0.266380 0.643101 -1.081366
v -0.135798 0.682712 -1.081366
v 0.000000 1.062858 1.586091
v 0.207353 1.042436 1.586091
v 0.406738 0.981953 1.586091
v 0.590492 0.883735 1.586091
v 0.751554 0.751554 1.586091
v 0.883735 0.590492 1.586091
v 0.981953 0.406738 1.586091
v 1.042436 0.207353 1.586091
v 1.062858 0.000000 1.586091
v 1.042436 -0.207353 1.586091
v 0.981953 -0.406738 1.586091
v 0.883735 -0.590492 1.586091
v 0.751554 -0.751554 1.586091
v 0.590492 -0.883734 1.586091
v 0.406738 -0.981953 1.586091
v 0.207353 -1.042436 1.586091
v 0.000000 -1.062858 1.586091
v -0.207354 -1.042436 1.586091
v -0.406739 -0.981953 1.586091
v -0.590493 -0.883734 1.586091
v -0.751555 -0.751554 1.586091
v -0.883735 -0.590492 1.586091
v -0.981954 -0.406737 1.586091
v -1.042436 -0.207352 1.586091
v -1.062858 0.000001 1.586091
v -1.042436 0.207355 1.586091
v -0.981953 0.406739 1.586091
v -0.883734 0.590494 1.586091
v -0.751553 0.751555 1.586091
v -0.590491 0.883735 1.586091
v -0.406737 0.981954 1.586091
v -0.207352 1.042436 1.586091
v 0.000000 1.043146 -1.225448
v 0.203508 1.023102 -1.225448
v 0.399195 0.963741 -1.225448
v 0.579541 0.867344 -1.225448
v 0.737616 0.737616 -1.225448
v 0.867344 0.579541 -1.225448
v 0.963741 0.399195 -1.225448
v 1.023102 0.203508 -1.225448
v -0.682712 0.038168 1.028812
v 1.023102 -0.203507 -1.225448
v 0.963741 -0.399194 -1.225448
v 0.867344 -0.579540 -1.225448
v 0.737616 -0.737615 -1.225448
v 0.579541 -0.867344 -1.225448
v 0.399195 -0.963741 -1.225448
v 0.203508 -1.023102 -1.225448
v 0.000000 -1.043146 -1.225448
v -0.203508 -1.023102 -1.225448
v -0.399195 -0.963740 -1.225448
v -0.579541 -0.867343 -1.225448
v -0.737615 -0.737615 -1.225448
v -0.867344 -0.579540 -1.225448
v -0.963741 -0.399194 -1.225448
v -1.023102 -0.203507 -1.225448
v -0.696087 0.000001 1.028812
v -1.023101 0.203509 -1.225448
v -0.963740 0.399196 -1.225448
v -0.867343 0.579542 -1.225448
v -0.737614 0.737617 -1.225448
v -0.579539 0.867345 -1.225448
v -0.399193 0.963742 -1.225448
v -0.203506 1.023102 -1.225448
v 0.000000 1.043146 -1.649674
v 0.203508 1.023102 -1.649674
v 0.399195 0.963741 -1.649674
v 0.579541 0.867344 -1.649674
v 0.737616 0.737616 -1.649674
v 0.867344 0.579541 -1.649674
v 0.963741 0.399195 -1.649674
v 1.023102 0.203508 -1.649674
v -0.682712 -0.038166 1.028812
v 1.023102 -0.203507 -1.649674
v 0.963741 -0.399194 -1.649674
v 0.867344 -0.579540 -1.649674
v 0.737616 -0.737615 -1.649674
v 0.579541 -0.867344 -1.649674
v 0.399195 -0.963741 -1.649674
v 0.203508 -1.023102 -1.649674
v 0.000000 -1.043145 -1.649674
v -0.203508 -1.023101 -1.649674
v -0.399195 -0.963740 -1.649674
v -0.579541 -0.867343 -1.649674
v -0.737615 -0.737615 -1.649674
v -0.867344 -0.579540 -1.649674
v -0.963741 -0.399194 -1.649674
v -1.023102 -0.203507 -1.649674
v 0.682712 -0.038166 1.028812
v -1.023101 0.203509 -1.649674
v -0.963740 0.399196 -1.649674
v -0.867343 0.579542 -1.649674
v -0.737614 0.737617 -1.649674
v -0.579539 0.867345 -1.649674
v -0.399193 0.963742 -1.649674
v -0.203506 1.023102 -1.649674
v 0.000000 0.771926 -1.813951
v 0.150596 0.757094 -1.813951
v 0.295404 0.713167 -1.813951
v 0.428859 0.641833 -1.813951
v 0.545834 0.545834 -1.813951
v 0.641833 0.428859 -1.813951
v 0.713167 0.295404 -1.813951
v 0.757094 0.150596 -1.813951
v 0.696087 0.000000 1.028812
v 0.757094 -0.150595 -1.813951
v 0.713167 -0.295403 -1.813951
v 0.641833 -0.428859 -1.813951
v 0.545834 -0.545834 -1.813951
v 0.428859 -0.641833 -1.813951
v 0.295404 -0.713166 -1.813951
v 0.150595 -0.757093 -1.813951
v 0.000000 -0.771926 -1.813951
v -0.150595 -0.757093 -1.813951
v -0.295403 -0.713166 -1.813951
v -0.428859 -0.641832 -1.813951
v -0.545834 -0.545833 -1.813951
v -0.641833 -0.428858 -1.813951
v -0.713167 -0.295402 -1.813951
v -0.757093 -0.150594 -1.813951
v 0.682712 0.038167 1.028812
v -0.757093 0.150596 -1.813951
v -0.713166 0.295404 -1.813951
v -0.641832 0.428860 -1.813951
v -0.545833 0.545835 -1.813951
v -0.428858 0.641834 -1.813951
v -0.295402 0.713167 -1.813951
v -0.150594 0.757094 -1.813951
v -0.682712 -0.038166 -1.081366
v -0.682711 0.038168 -1.081366
v 1.023102 0.057196 -1.225448
v 1.023102 -0.057196 -1.225448
v -1.023102 -0.057195 -1.225448
v -1.023101 0.057197 -1.225448
v 1.023102 0.057196 -1.649674
v 1.023102 -0.057196 -1.649674
v -1.023102 -0.057195 -1.649674
v -1.023101 0.057197 -1.649674
v 0.757094 0.042325 -1.813951
v 0.757094 -0.042325 -1.813951
v -0.757093 -0.042324 -1.813951
v -0.757093 0.042326 -1.813951
v -1.093567 0.061136 -1.437561
v 1.093568 0.061135 -1.437561
v 1.093568 0.217524 -1.437561
v 1.030119 0.426689 -1.437561
v -1.093567 0.217525 -1.437561
v -1.030117 0.426690 -1.437561
v -0.927081 0.619458 -1.437561
v 0.217524 1.093568 -1.437561
v 0.000000 1.114992 -1.437561
v -0.788417 0.788420 -1.437561
v 0.426689 1.030118 -1.437561
v -0.619455 0.927083 -1.437561
v 0.619457 0.927082 -1.437561
v -0.426687 1.030119 -1.437561
v 0.788419 0.788419 -1.437561
v -0.217522 1.093568 -1.437561
v 0.927082 0.619456 -1.437561
v -1.093568 -0.061134 -1.437561
v 1.093568 -0.061135 -1.437561
v -0.788418 -0.788418 -1.437561
v -0.619456 -0.927081 -1.437561
v -0.927082 -0.619455 -1.437561
v -1.030118 -0.426688 -1.437561
v 1.093568 -0.217524 -1.437561
v -1.093568 -0.217523 -1.437561
v 1.030119 -0.426689 -1.437561
v 0.927082 -0.619456 -1.437561
v 0.788419 -0.788418 -1.437561
v 0.619457 -0.927082 -1.437561
v 0.426689 -1.030118 -1.437561
v 0.217524 -1.093567 -1.437561
v 0.000000 -1.114992 -1.437561
v -0.217524 -1.093567 -1.437561
v -0.426689 -1.030118 -1.437561
v 0.000000 0.835356 2.505299
v 0.162970 0.819305 2.505299
v 0.319677 0.771769 2.505299
v 0.464099 0.694573 2.505299
v 0.590686 0.590686 2.505299
v 0.694573 0.464099 2.505299
v 0.771769 0.319677 2.505299
v 0.819305 0.162970 2.505299
v 0.835356 0.000000 2.505299
v 0.819305 -0.162970 2.505299
v 0.771769 -0.319677 2.505299
v 0.694573 -0.464099 2.505299
v 0.590686 -0.590686 2.505299
v 0.464099 -0.694573 2.505299
v 0.319677 -0.771769 2.505299
v 0.162970 -0.819305 2.505299
v 0.000000 -0.835356 2.505299
v -0.162970 -0.819305 2.505299
v -0.319677 -0.771768 2.505299
v -0.464099 -0.694573 2.505299
v -0.590686 -0.590686 2.505299
v -0.694574 -0.464099 2.505299
v -0.771769 -0.319676 2.505299
v -0.819305 -0.162969 2.505299
v -0.835356 0.000001 2.505299
v -0.819305 0.162971 2.505299
v -0.771768 0.319678 2.505299
v -0.694573 0.464100 2.505299
v -0.590685 0.590687 2.505299
v -0.464098 0.694574 2.505299
v -0.319676 0.771769 2.505299
v -0.162969 0.819305 2.505299
v 0.000000 0.835356 16.229330
v 0.162970 0.819305 16.229330
v 0.319677 0.771769 16.229330
v 0.464099 0.694573 16.229330
v 0.590686 0.590686 16.229330
v 0.694573 0.464099 16.229330
v 0.771769 0.319677 16.229330
v 0.819305 0.162970 16.229330
v 0.835356 0.000000 16.229330
v 0.819305 -0.162970 16.229330
v 0.771769 -0.319677 16.229330
v 0.694573 -0.464099 16.229330
v 0.590686 -0.590686 16.229330
v 0.464099 -0.694573 16.229330
v 0.319677 -0.771769 16.229330
v 0.162970 -0.819305 16.229330
v 0.000000 -0.835356 16.229330
v -0.162970 -0.819305 16.229330
v -0.319677 -0.771768 16.229330
v -0.464099 -0.694573 16.229330
v -0.590686 -0.590686 16.229330
v -0.694574 -0.464099 16.229330
v -0.771769 -0.319676 16.229330
v -0.819305 -0.162969 16.229330
v -0.835356 0.000001 16.229330
v -0.819305 0.162971 16.229330
v -0.771768 0.319678 16.229330
v -0.694573 0.464100 16.229330
v -0.590685 0.590687 16.229330
v -0.464098 0.694574 16.229330
v -0.319676 0.771769 16.229330
v -0.162969 0.819305 16.229330
v 0.000000 0.771908 16.987707
v 0.150592 0.757076 16.987707
v 0.295397 0.713150 16.987707
v 0.428849 0.641818 16.987707
v 0.545821 0.545822 16.987707
v 0.641818 0.428849 16.987707
v 0.713150 0.295396 16.987707
v 0.757076 0.150592 16.987707
v 0.771908 0.000000 16.987707
v 0.757076 -0.150592 16.987707
v 0.713150 -0.295396 16.987707
v 0.641818 -0.428849 16.987707
v 0.545821 -0.545821 16.987707
v 0.428849 -0.641818 16.987707
v 0.295396 -0.713150 16.987707
v 0.150592 -0.757076 16.987707
v 0.000000 -0.771908 16.987707
v -0.150592 -0.757076 16.987707
v -0.295397 -0.713150 16.987707
v -0.428850 -0.641818 16.987707
v -0.545822 -0.545821 16.987707
v -0.641819 -0.428849 16.987707
v -0.713150 -0.295396 16.987707
v -0.757076 -0.150591 16.987707
v -0.771908 0.000001 16.987707
v -0.757076 0.150593 16.987707
v -0.713150 0.295397 16.987707
v -0.641818 0.428850 16.987707
v -0.545821 0.545822 16.987707
v -0.428848 0.641819 16.987707
v -0.295395 0.713151 16.987707
v -0.150591 0.757076 16.987707
v 0.667398 0.269376 16.987707
v 0.665465 0.100324 16.987707
v 0.636095 -0.071812 16.987707
v 0.580415 -0.240416 16.987713
v 0.500566 -0.399008 16.987707
v 0.399615 -0.541494 16.987707
v 0.281444 -0.662399 16.987707
v 0.545274 0.380624 16.987707
v 0.521601 0.201700 16.987707
v 0.475710 0.015923 16.987707
v 0.409366 -0.169565 16.987713
v 0.325118 -0.347637 16.987707
v 0.226204 -0.511450 16.987707
v 0.116425 -0.654709 16.987707
v 0.397515 0.479184 16.987707
v 0.349530 0.298705 16.987707
v 0.286741 0.107315 16.987707
v 0.211559 -0.087630 16.987713
v 0.126873 -0.278639 16.987707
v 0.035939 -0.458372 16.987707
v -0.057750 -0.619920 16.987707
v 0.232091 0.560318 16.987707
v 0.159867 0.385954 16.987707
v 0.081500 0.196758 16.987707
v 0.000000 0.000000 16.987713
v -0.081500 -0.196758 16.987707
v -0.159868 -0.385954 16.987707
v -0.232092 -0.560318 16.987707
v 0.057749 0.619920 16.987707
v -0.035939 0.458371 16.987707
v -0.126874 0.278639 16.987707
v -0.211559 0.087631 16.987713
v -0.286741 -0.107315 16.987707
v -0.349531 -0.298705 16.987707
v -0.397515 -0.479184 16.987707
v -0.116425 0.654709 16.987707
v -0.226204 0.511451 16.987707
v -0.325119 0.347638 16.987707
v -0.409366 0.169565 16.987707
v -0.475710 -0.015923 16.987707
v -0.521601 -0.201699 16.987707
v -0.545275 -0.380624 16.987707
v -0.281443 0.662400 16.987707
v -0.399615 0.541495 16.987707
v -0.500565 0.399009 16.987707
v -0.580415 0.240416 16.987707
v -0.636095 0.071812 16.987707
v -0.665465 -0.100323 16.987707
v -0.667398 -0.269376 16.987707
v 0.000000 0.908836 16.449057
v 0.000000 0.877668 16.792892
v 0.171225 0.860804 16.792892
v 0.177305 0.891373 16.449057
v 0.335869 0.810860 16.792892
v 0.347796 0.839655 16.449057
v 0.487606 0.729755 16.792892
v 0.504922 0.755669 16.449057
v 0.620605 0.620605 16.792892
v 0.642644 0.642644 16.449057
v 0.729755 0.487606 16.792892
v 0.755669 0.504922 16.449057
v 0.810860 0.335869 16.792892
v 0.839655 0.347796 16.449057
v 0.860804 0.171225 16.792892
v 0.891373 0.177305 16.449057
v 0.877668 0.000000 16.792892
v 0.908836 0.000000 16.449057
v 0.860804 -0.171225 16.792892
v 0.891373 -0.177305 16.449057
v 0.810860 -0.335869 16.792892
v 0.839655 -0.347796 16.449057
v 0.729755 -0.487606 16.792892
v 0.755669 -0.504922 16.449057
v 0.620605 -0.620605 16.792892
v 0.642644 -0.642644 16.449057
v 0.487606 -0.729755 16.792892
v 0.504922 -0.755669 16.449057
v 0.335869 -0.810860 16.792892
v 0.347796 -0.839655 16.449057
v 0.171224 -0.860804 16.792892
v 0.177305 -0.891373 16.449057
v 0.000000 -0.877668 16.792892
v 0.000000 -0.908836 16.449057
v -0.171225 -0.860804 16.792892
v -0.177305 -0.891373 16.449057
v -0.335869 -0.810860 16.792892
v -0.347797 -0.839654 16.449057
v -0.487607 -0.729754 16.792892
v -0.504922 -0.755669 16.449057
v -0.620606 -0.620605 16.792892
v -0.642644 -0.642643 16.449057
v -0.729755 -0.487606 16.792892
v -0.755670 -0.504921 16.449057
v -0.810860 -0.335869 16.792892
v -0.839655 -0.347796 16.449057
v -0.860804 -0.171224 16.792892
v -0.891373 -0.177304 16.449057
v -0.877668 0.000001 16.792892
v -0.908836 0.000001 16.449057
v -0.860804 0.171225 16.792892
v -0.891372 0.177306 16.449057
v -0.810859 0.335870 16.792892
v -0.839654 0.347797 16.449057
v -0.729754 0.487607 16.792892
v -0.755669 0.504923 16.449057
v -0.620604 0.620606 16.792892
v -0.642643 0.642645 16.449057
v -0.487605 0.729755 16.792892
v -0.504921 0.755670 16.449057
v -0.335868 0.810860 16.792892
v -0.347795 0.839655 16.449057
v -0.171223 0.860804 16.792892
v -0.177304 0.891373 16.449057
# 513 positions

vt 0.567636 0.770528
vt 0.527613 0.731958
vt 0.519651 0.732742
vt 0.487589 0.770528
vt 0.535574 0.732742
vt 0.543229 0.735064
vt 0.489912 0.757149
vt 0.487589 0.764804
vt 0.493683 0.750094
vt 0.565313 0.757149
vt 0.561542 0.750094
vt 0.556467 0.743910
vt 0.550284 0.738835
vt 0.694973 0.619894
vt 0.702028 0.623665
vt 0.677621 0.588202
vt 0.688790 0.614819
vt 0.677621 0.593925
vt 0.679944 0.601581
vt 0.709684 0.625987
vt 0.717645 0.626772
vt 0.511996 0.735064
vt 0.504941 0.738835
vt 0.725606 0.625987
vt 0.733261 0.623665
vt 0.740316 0.619894
vt 0.757668 0.588202
vt 0.498758 0.743910
vt 0.746500 0.614819
vt 0.751575 0.608636
vt 0.683715 0.608636
vt 0.755345 0.601581
vt 0.757668 0.593925
vt 0.567636 0.764804
vt 0.684087 0.684416
vt 0.684794 0.682398
vt 0.684087 0.680381
vt 0.611905 0.680381
vt 0.611905 0.684416
vt 0.611198 0.682399
vt 0.180808 0.160403
vt 0.210268 0.160403
vt 0.210268 0.171640
vt 0.180808 0.171365
vt 0.210268 0.182446
vt 0.180808 0.181905
vt 0.210268 0.192404
vt 0.180808 0.191619
vt 0.210268 0.201132
vt 0.180808 0.200133
vt 0.085459 0.016988
vt 0.086457 0.046448
vt 0.077729 0.046448
vt 0.076945 0.016988
vt 0.067771 0.046448
vt 0.067231 0.016988
vt 0.056966 0.046448
vt 0.056690 0.016988
vt 0.045729 0.046448
vt 0.045729 0.016988
vt 0.034492 0.046448
vt 0.034767 0.016988
vt 0.023687 0.046448
vt 0.024227 0.016988
vt 0.013728 0.046448
vt 0.014513 0.016988
vt 0.005000 0.046448
vt 0.005999 0.016988
vt 0.983012 0.037125
vt 0.953552 0.036126
vt 0.953552 0.044854
vt 0.983012 0.045639
vt 0.953552 0.054812
vt 0.983012 0.055353
vt 0.953552 0.065618
vt 0.983012 0.065893
vt 0.953552 0.076855
vt 0.983012 0.076855
vt 0.953552 0.088092
vt 0.983012 0.087816
vt 0.953552 0.098897
vt 0.983012 0.098357
vt 0.953552 0.108855
vt 0.983012 0.108071
vt 0.953552 0.117584
vt 0.983012 0.116585
vt 0.170646 0.819191
vt 0.171645 0.789731
vt 0.162916 0.789731
vt 0.162132 0.819191
vt 0.152958 0.789731
vt 0.152417 0.819191
vt 0.142152 0.789731
vt 0.141877 0.819191
vt 0.130915 0.789731
vt 0.130915 0.819191
vt 0.119679 0.789731
vt 0.119954 0.819191
vt 0.108873 0.789731
vt 0.109414 0.819191
vt 0.098915 0.789731
vt 0.099700 0.819191
vt 0.090187 0.789731
vt 0.091185 0.819191
vt 0.180808 0.120673
vt 0.210268 0.119675
vt 0.210268 0.128403
vt 0.180808 0.129187
vt 0.210268 0.138361
vt 0.180808 0.138901
vt 0.210268 0.149166
vt 0.180808 0.149442
vt 0.698698 0.661397
vt 0.693627 0.651909
vt 0.678592 0.661955
vt 0.681993 0.668316
vt 0.670583 0.463852
vt 0.664221 0.463852
vt 0.664221 0.352300
vt 0.670583 0.352300
vt 0.609190 0.643593
vt 0.602365 0.651909
vt 0.617400 0.661955
vt 0.621976 0.656378
vt 0.617506 0.728029
vt 0.626995 0.733101
vt 0.633914 0.716395
vt 0.627552 0.712995
vt 0.698698 0.703400
vt 0.701821 0.693105
vt 0.684087 0.689577
vt 0.681993 0.696480
vt 0.647996 0.627519
vt 0.637290 0.628573
vt 0.640817 0.646308
vt 0.647996 0.645601
vt 0.658702 0.628573
vt 0.655175 0.646308
vt 0.594171 0.693105
vt 0.597294 0.703400
vt 0.613999 0.696480
vt 0.611905 0.689577
vt 0.668998 0.733101
vt 0.678486 0.728029
vt 0.668440 0.712995
vt 0.662078 0.716395
vt 0.686802 0.643593
vt 0.674016 0.656378
vt 0.597294 0.661397
vt 0.613999 0.668317
vt 0.637290 0.736224
vt 0.640817 0.718489
vt 0.702876 0.682398
vt 0.684794 0.682398
vt 0.626995 0.631696
vt 0.633914 0.648402
vt 0.602365 0.712888
vt 0.617400 0.702842
vt 0.686802 0.721204
vt 0.674016 0.708419
vt 0.678486 0.636768
vt 0.668440 0.651802
vt 0.594171 0.671692
vt 0.611905 0.675220
vt 0.647996 0.737278
vt 0.647996 0.719196
vt 0.701821 0.671692
vt 0.684087 0.675220
vt 0.617506 0.636768
vt 0.627552 0.651802
vt 0.609190 0.721204
vt 0.621976 0.708419
vt 0.693627 0.712888
vt 0.678592 0.702842
vt 0.668998 0.631696
vt 0.662078 0.648402
vt 0.593116 0.682399
vt 0.611198 0.682399
vt 0.658703 0.736224
vt 0.655175 0.718489
vt 0.433382 0.689746
vt 0.427020 0.686346
vt 0.434041 0.669395
vt 0.443575 0.674491
vt 0.658645 0.463852
vt 0.658645 0.352300
vt 0.682401 0.470251
vt 0.675497 0.470251
vt 0.675497 0.581803
vt 0.682401 0.581803
vt 0.660283 0.267113
vt 0.660283 0.272689
vt 0.771835 0.272689
vt 0.771835 0.267113
vt 0.669136 0.470251
vt 0.669136 0.581803
vt 0.660283 0.279051
vt 0.771835 0.279051
vt 0.585080 0.684665
vt 0.585080 0.691844
vt 0.473527 0.691844
vt 0.473527 0.684665
vt 0.663559 0.470251
vt 0.663559 0.581803
vt 0.660283 0.285954
vt 0.771835 0.285954
vt 0.585080 0.698747
vt 0.473527 0.698747
vt 0.585080 0.658645
vt 0.585080 0.664221
vt 0.473527 0.664221
vt 0.473527 0.658645
vt 0.660283 0.293133
vt 0.771835 0.293133
vt 0.585080 0.705109
vt 0.473527 0.705109
vt 0.585080 0.670583
vt 0.473527 0.670583
vt 0.660283 0.300312
vt 0.771835 0.300312
vt 0.585080 0.710685
vt 0.473527 0.710685
vt 0.585080 0.677486
vt 0.473527 0.677486
vt 0.660283 0.307215
vt 0.771835 0.307215
vt 0.192823 0.725966
vt 0.187247 0.725966
vt 0.187247 0.614413
vt 0.192823 0.614413
vt 0.660283 0.313577
vt 0.771835 0.313577
vt 0.180885 0.725966
vt 0.180885 0.614413
vt 0.660283 0.319153
vt 0.771835 0.319153
vt 0.173982 0.725966
vt 0.173982 0.614413
vt 0.223949 0.614413
vt 0.218373 0.614413
vt 0.218373 0.725966
vt 0.223949 0.725966
vt 0.677486 0.463852
vt 0.677486 0.352300
vt 0.682647 0.352300
vt 0.682647 0.463852
vt 0.212011 0.614413
vt 0.212011 0.725966
vt 0.180573 0.016213
vt 0.179832 0.005000
vt 0.172097 0.005000
vt 0.172305 0.016213
vt 0.205108 0.614413
vt 0.205108 0.725966
vt 0.368730 0.636259
vt 0.350736 0.632680
vt 0.350736 0.627519
vt 0.368730 0.628525
vt 0.168821 0.149697
vt 0.168821 0.160403
vt 0.168821 0.139402
vt 0.168821 0.129914
vt 0.168821 0.121597
vt 0.100426 0.831179
vt 0.092110 0.831179
vt 0.109914 0.831179
vt 0.120209 0.831179
vt 0.130915 0.831179
vt 0.141622 0.831179
vt 0.151917 0.831179
vt 0.161405 0.831179
vt 0.169722 0.831179
vt 0.995000 0.107344
vt 0.995000 0.115661
vt 0.995000 0.097856
vt 0.995000 0.087561
vt 0.995000 0.076855
vt 0.995000 0.066148
vt 0.995000 0.055853
vt 0.995000 0.046365
vt 0.995000 0.038049
vt 0.015239 0.005000
vt 0.006923 0.005000
vt 0.024727 0.005000
vt 0.035022 0.005000
vt 0.045729 0.005000
vt 0.056435 0.005000
vt 0.066730 0.005000
vt 0.076218 0.005000
vt 0.084535 0.005000
vt 0.168821 0.190893
vt 0.168821 0.199209
vt 0.168821 0.181405
vt 0.168821 0.171110
vt 0.242286 0.688839
vt 0.242286 0.697771
vt 0.253499 0.695085
vt 0.253499 0.686729
vt 0.314645 0.662299
vt 0.321824 0.661592
vt 0.325404 0.679586
vt 0.314645 0.680646
vt 0.284049 0.645945
vt 0.288625 0.651521
vt 0.275652 0.664495
vt 0.268794 0.656138
vt 0.420117 0.684252
vt 0.423696 0.666257
vt 0.328727 0.659498
vt 0.335749 0.676448
vt 0.294202 0.656098
vt 0.284008 0.671353
vt 0.412938 0.683545
vt 0.412938 0.665198
vt 0.335089 0.656098
vt 0.345282 0.671352
vt 0.300564 0.659498
vt 0.293543 0.676448
vt 0.405759 0.684252
vt 0.402180 0.666257
vt 0.340665 0.651521
vt 0.353639 0.664495
vt 0.307467 0.661592
vt 0.303887 0.679586
vt 0.398856 0.686346
vt 0.391835 0.669395
vt 0.345242 0.645945
vt 0.360496 0.656138
vt 0.392494 0.689746
vt 0.382301 0.674491
vt 0.348643 0.639583
vt 0.365593 0.646604
vt 0.386918 0.694322
vt 0.373945 0.681349
vt 0.382342 0.699899
vt 0.367087 0.689706
vt 0.663559 0.596723
vt 0.663559 0.588988
vt 0.378941 0.706261
vt 0.361991 0.699239
vt 0.376847 0.713164
vt 0.358853 0.709584
vt 0.449029 0.713164
vt 0.446935 0.706261
vt 0.463885 0.699239
vt 0.467023 0.709584
vt 0.248147 0.016213
vt 0.248887 0.005000
vt 0.256623 0.005000
vt 0.256414 0.016213
vt 0.443534 0.699899
vt 0.458789 0.689706
vt 0.376847 0.718325
vt 0.358853 0.717319
vt 0.438958 0.694322
vt 0.451932 0.681349
vt 0.278554 0.632680
vt 0.280649 0.639583
vt 0.263698 0.646604
vt 0.260560 0.636259
vt 0.768592 0.607067
vt 0.771730 0.596723
vt 0.283370 0.016213
vt 0.272313 0.016213
vt 0.271571 0.005000
vt 0.281916 0.005000
vt 0.210753 0.016213
vt 0.201821 0.016213
vt 0.199710 0.027426
vt 0.208067 0.027426
vt 0.771730 0.588988
vt 0.191630 0.016213
vt 0.190177 0.027426
vt 0.339886 0.016213
vt 0.340627 0.027426
vt 0.348362 0.027426
vt 0.348153 0.016213
vt 0.179832 0.027426
vt 0.237090 0.016213
vt 0.238543 0.005000
vt 0.467023 0.717319
vt 0.449029 0.718325
vt 0.226899 0.016213
vt 0.229009 0.005000
vt 0.168821 0.725966
vt 0.168821 0.614413
vt 0.217967 0.016213
vt 0.220653 0.005000
vt 0.328829 0.016213
vt 0.330283 0.027426
vt 0.242286 0.614413
vt 0.242286 0.623345
vt 0.253499 0.625455
vt 0.253499 0.617099
vt 0.318639 0.016213
vt 0.320749 0.027426
vt 0.242286 0.633536
vt 0.253499 0.634989
vt 0.642009 0.308792
vt 0.642009 0.320291
vt 0.630795 0.319550
vt 0.630795 0.308792
vt 0.309707 0.016213
vt 0.312393 0.027426
vt 0.242286 0.644593
vt 0.253499 0.645334
vt 0.642009 0.331349
vt 0.630795 0.329895
vt 0.642009 0.267113
vt 0.642009 0.276045
vt 0.630795 0.278155
vt 0.630795 0.269799
vt 0.242286 0.656092
vt 0.253499 0.656092
vt 0.642009 0.341539
vt 0.630795 0.339429
vt 0.642009 0.286236
vt 0.630795 0.287689
vt 0.242286 0.667591
vt 0.253499 0.666850
vt 0.642009 0.350471
vt 0.630795 0.347785
vt 0.642009 0.297293
vt 0.630795 0.298034
vt 0.242286 0.678649
vt 0.253499 0.677195
vt 0.302492 0.016213
vt 0.293560 0.016213
vt 0.291450 0.005000
vt 0.299806 0.005000
vt 0.666697 0.607067
vt 0.473527 0.762007
vt 0.473527 0.769741
vt 0.671793 0.616601
vt 0.581698 0.762007
vt 0.581698 0.769741
vt 0.678651 0.624958
vt 0.578560 0.751662
vt 0.687008 0.631816
vt 0.573464 0.742128
vt 0.696542 0.636912
vt 0.527613 0.717620
vt 0.516854 0.718680
vt 0.566606 0.733772
vt 0.706887 0.640050
vt 0.506510 0.721818
vt 0.558249 0.726914
vt 0.717645 0.641109
vt 0.496976 0.726914
vt 0.548716 0.721818
vt 0.728403 0.640050
vt 0.488619 0.733772
vt 0.538371 0.718680
vt 0.738748 0.636912
vt 0.481761 0.742128
vt 0.748282 0.631816
vt 0.476665 0.751662
vt 0.756638 0.624958
vt 0.763496 0.616601
vt 0.687562 0.581803
vt 0.687562 0.470251
vt 0.199947 0.614413
vt 0.199947 0.725966
vt 0.260560 0.628525
vt 0.278554 0.627519
vt 0.271571 0.027426
vt 0.263837 0.027426
vt 0.264045 0.016213
vt 0.263837 0.005000
vt 0.291450 0.027426
vt 0.281916 0.027426
vt 0.653221 0.298034
vt 0.653221 0.308792
vt 0.299806 0.027426
vt 0.653221 0.287689
vt 0.653221 0.339429
vt 0.653221 0.347785
vt 0.653221 0.278155
vt 0.653221 0.329895
vt 0.653221 0.269799
vt 0.653221 0.319550
vt 0.320749 0.005000
vt 0.312393 0.005000
vt 0.330283 0.005000
vt 0.340627 0.005000
vt 0.348362 0.005000
vt 0.231073 0.677195
vt 0.231073 0.686729
vt 0.231073 0.666850
vt 0.231073 0.656092
vt 0.231073 0.645334
vt 0.231073 0.634989
vt 0.231073 0.625455
vt 0.231073 0.617099
vt 0.229009 0.027426
vt 0.220653 0.027426
vt 0.238543 0.027426
vt 0.248887 0.027426
vt 0.190177 0.005000
vt 0.199710 0.005000
vt 0.208067 0.005000
vt 0.256623 0.027426
vt 0.231073 0.695085
vt 0.172097 0.027426
vt 0.467684 0.310204
vt 0.467684 0.202034
vt 0.456471 0.198308
vt 0.456471 0.313929
vt 0.476369 0.216096
vt 0.476369 0.296142
vt 0.445258 0.202034
vt 0.445258 0.310204
vt 0.437641 0.220028
vt 0.437641 0.292210
vt 0.326089 0.220028
vt 0.326089 0.292210
vt 0.199931 0.210225
vt 0.207548 0.228219
vt 0.207548 0.300401
vt 0.199931 0.318395
vt 0.188718 0.206500
vt 0.188718 0.322120
vt 0.177505 0.210225
vt 0.177505 0.318395
vt 0.168821 0.304333
vt 0.168821 0.224287
vt 0.319101 0.228219
vt 0.319101 0.300401
vt 0.130915 0.770598
vt 0.122300 0.770598
vt 0.229401 0.177303
vt 0.229401 0.184937
vt 0.021195 0.065581
vt 0.014503 0.065581
vt 0.162142 0.770598
vt 0.155450 0.770598
vt 0.229401 0.135869
vt 0.229401 0.143504
vt 0.054344 0.065581
vt 0.045729 0.065581
vt 0.934419 0.076855
vt 0.934419 0.085470
vt 0.114016 0.770598
vt 0.229401 0.191629
vt 0.934419 0.045629
vt 0.934419 0.052321
vt 0.147815 0.770598
vt 0.229401 0.151788
vt 0.037113 0.065581
vt 0.934419 0.093754
vt 0.106381 0.770598
vt 0.076955 0.065581
vt 0.070263 0.065581
vt 0.934419 0.059955
vt 0.229401 0.160403
vt 0.229401 0.169018
vt 0.139531 0.770598
vt 0.028829 0.065581
vt 0.934419 0.101389
vt 0.099690 0.770598
vt 0.062628 0.065581
vt 0.934419 0.068239
vt 0.934419 0.108081
vt 0.229401 0.129177
vt 0.208911 0.093754
vt 0.208911 0.101389
vt 0.070263 0.791088
vt 0.062628 0.791088
vt 0.208911 0.108081
vt 0.054344 0.791088
vt 0.162142 0.045091
vt 0.155450 0.045091
vt 0.045729 0.791088
vt 0.147815 0.045091
vt 0.037113 0.791088
vt 0.139531 0.045091
vt 0.028829 0.791088
vt 0.130915 0.045091
vt 0.021195 0.791088
vt 0.122300 0.045091
vt 0.014503 0.791088
vt 0.114016 0.045091
vt 0.208911 0.045629
vt 0.208911 0.052321
vt 0.106381 0.045091
vt 0.208911 0.059955
vt 0.954909 0.160403
vt 0.954909 0.169018
vt 0.099690 0.045091
vt 0.208911 0.068239
vt 0.954909 0.177303
vt 0.954909 0.129177
vt 0.954909 0.135869
vt 0.208911 0.076855
vt 0.954909 0.184937
vt 0.954909 0.143504
vt 0.208911 0.085470
vt 0.954909 0.191629
vt 0.954909 0.151788
vt 0.076955 0.791088
vt 0.139967 0.015299
vt 0.148671 0.015299
vt 0.146532 0.005000
vt 0.138877 0.005000
vt 0.027973 0.820880
vt 0.036677 0.820880
vt 0.037768 0.831179
vt 0.030113 0.831179
vt 0.130915 0.015299
vt 0.130915 0.005000
vt 0.019952 0.820880
vt 0.023058 0.831179
vt 0.121864 0.015299
vt 0.122955 0.005000
vt 0.012921 0.820880
vt 0.016874 0.831179
vt 0.113160 0.015299
vt 0.115300 0.005000
vt 0.179119 0.051078
vt 0.179119 0.044047
vt 0.168821 0.048000
vt 0.168821 0.054184
vt 0.105139 0.015299
vt 0.108245 0.005000
vt 0.179119 0.059099
vt 0.168821 0.061239
vt 0.098108 0.015299
vt 0.102061 0.005000
vt 0.179119 0.067803
vt 0.168821 0.068894
vt 0.984701 0.160403
vt 0.984701 0.151352
vt 0.995000 0.152442
vt 0.995000 0.160403
vt 0.984701 0.134626
vt 0.984701 0.127596
vt 0.995000 0.131549
vt 0.995000 0.137733
vt 0.179119 0.076855
vt 0.168821 0.076855
vt 0.984701 0.186180
vt 0.984701 0.178159
vt 0.995000 0.176019
vt 0.995000 0.183074
vt 0.984701 0.142648
vt 0.995000 0.144787
vt 0.179119 0.085906
vt 0.168821 0.084816
vt 0.984701 0.193211
vt 0.995000 0.189258
vt 0.179119 0.094610
vt 0.168821 0.092471
vt 0.071505 0.820880
vt 0.078537 0.820880
vt 0.074583 0.831179
vt 0.068399 0.831179
vt 0.179119 0.102632
vt 0.168821 0.099525
vt 0.063484 0.820880
vt 0.061345 0.831179
vt 0.984701 0.169455
vt 0.995000 0.168364
vt 0.179119 0.109662
vt 0.168821 0.105709
vt 0.054780 0.820880
vt 0.053690 0.831179
vt 0.156692 0.015299
vt 0.163723 0.015299
vt 0.159770 0.005000
vt 0.153586 0.005000
vt 0.045729 0.820880
vt 0.045729 0.831179
vt 0.130915 0.033475
vt 0.121543 0.033475
vt 0.019037 0.802704
vt 0.011756 0.802704
vt 0.112530 0.033475
vt 0.197296 0.042882
vt 0.197296 0.050162
vt 0.104223 0.033475
vt 0.197296 0.058469
vt 0.966525 0.160403
vt 0.966525 0.169776
vt 0.096943 0.033475
vt 0.197296 0.067482
vt 0.966525 0.178789
vt 0.966525 0.126431
vt 0.966525 0.133711
vt 0.197296 0.076855
vt 0.966525 0.187095
vt 0.966525 0.142017
vt 0.197296 0.086228
vt 0.966525 0.194376
vt 0.966525 0.151030
vt 0.197296 0.095241
vt 0.079702 0.802704
vt 0.072421 0.802704
vt 0.197296 0.103547
vt 0.064115 0.802704
vt 0.197296 0.110827
vt 0.055102 0.802704
vt 0.164888 0.033475
vt 0.157608 0.033475
vt 0.045729 0.802704
vt 0.149301 0.033475
vt 0.036356 0.802704
vt 0.140289 0.033475
vt 0.027343 0.802704
vt 0.561863 0.254730
vt 0.558092 0.261785
vt 0.559444 0.253355
vt 0.564185 0.247076
vt 0.553017 0.267969
vt 0.552988 0.259236
vt 0.546834 0.273044
vt 0.545177 0.264446
vt 0.539779 0.276815
vt 0.536432 0.268735
vt 0.532124 0.279137
vt 0.527215 0.271886
vt 0.524163 0.279921
vt 0.518008 0.273725
vt 0.516202 0.279137
vt 0.509285 0.274132
vt 0.508547 0.276815
vt 0.501492 0.273044
vt 0.559341 0.244418
vt 0.564968 0.239115
vt 0.551737 0.249777
vt 0.542640 0.254905
vt 0.532614 0.259518
vt 0.522262 0.263346
vt 0.512204 0.266152
vt 0.503038 0.267740
vt 0.495309 0.267969
vt 0.557790 0.235318
vt 0.564185 0.231154
vt 0.549311 0.239956
vt 0.539321 0.244788
vt 0.528471 0.249516
vt 0.517456 0.253845
vt 0.506976 0.257492
vt 0.497700 0.260208
vt 0.490234 0.261785
vt 0.554846 0.226405
vt 0.561863 0.223499
vt 0.545803 0.230151
vt 0.535347 0.234482
vt 0.524163 0.239115
vt 0.512979 0.243747
vt 0.502522 0.248079
vt 0.493480 0.251824
vt 0.486463 0.254731
vt 0.550625 0.218021
vt 0.558092 0.216444
vt 0.541350 0.220737
vt 0.530870 0.224385
vt 0.519854 0.228713
vt 0.509004 0.233442
vt 0.499015 0.238273
vt 0.490536 0.242911
vt 0.484140 0.247076
vt 0.545288 0.210489
vt 0.553017 0.210260
vt 0.536121 0.212077
vt 0.526063 0.214883
vt 0.515712 0.218712
vt 0.505685 0.223324
vt 0.496589 0.228452
vt 0.488984 0.233811
vt 0.483357 0.239115
vt 0.539041 0.204098
vt 0.546834 0.205186
vt 0.530317 0.204504
vt 0.521110 0.206343
vt 0.511893 0.209494
vt 0.503148 0.213783
vt 0.495337 0.218993
vt 0.488881 0.224874
vt 0.484140 0.231154
vt 0.532124 0.199093
vt 0.539778 0.201415
vt 0.524163 0.198308
vt 0.516202 0.199093
vt 0.508547 0.201415
vt 0.501492 0.205186
vt 0.495309 0.210260
vt 0.490234 0.216444
vt 0.486463 0.223499
# 789 texture coordinates

vn 0.000000 0.000000 -1.000000
vn 0.000000 0.996954 -0.077996
vn 0.000000 0.998852 -0.047898
vn 0.194891 0.979655 -0.047898
vn 0.194499 0.977797 -0.078000
vn 0.382213 0.922832 -0.047902
vn 0.381490 0.921076 -0.077998
vn 0.554917 0.830525 -0.047901
vn 0.553910 0.828915 -0.078001
vn 0.706295 0.706295 -0.047900
vn 0.704953 0.704953 -0.077995
vn 0.830525 0.554917 -0.047901
vn 0.828915 0.553910 -0.078001
vn 0.922832 0.382213 -0.047902
vn 0.921076 0.381490 -0.077998
vn 0.979655 0.194891 -0.047898
vn 0.977797 0.194499 -0.078000
vn 0.998852 -0.000000 -0.047898
vn 0.996954 0.000000 -0.077996
vn 0.979655 -0.194891 -0.047898
vn 0.977797 -0.194499 -0.078000
vn 0.922832 -0.382213 -0.047902
vn 0.921076 -0.381490 -0.077998
vn 0.830525 -0.554917 -0.047901
vn 0.828915 -0.553910 -0.078001
vn 0.706295 -0.706295 -0.047900
vn 0.704953 -0.704953 -0.077995
vn 0.554917 -0.830525 -0.047901
vn 0.553910 -0.828915 -0.078001
vn 0.382213 -0.922832 -0.047902
vn 0.381490 -0.921076 -0.077998
vn 0.194891 -0.979655 -0.047898
vn 0.194499 -0.977797 -0.078000
vn -0.000000 -0.998852 -0.047898
vn -0.000000 -0.996954 -0.077996
vn -0.194891 -0.979655 -0.047898
vn -0.194499 -0.977797 -0.078000
vn -0.382213 -0.922832 -0.047902
vn -0.381490 -0.921076 -0.077998
vn -0.554917 -0.830525 -0.047901
vn -0.553910 -0.828915 -0.078001
vn -0.706295 -0.706295 -0.047900
vn -0.704953 -0.704953 -0.077995
vn -0.830525 -0.554917 -0.047901
vn -0.828915 -0.553910 -0.078001
vn -0.922832 -0.382213 -0.047902
vn -0.921076 -0.381490 -0.077998
vn -0.979655 -0.194891 -0.047898
vn -0.977797 -0.194499 -0.078000
vn -0.998852 0.000000 -0.047898
vn -0.996954 0.000000 -0.077996
vn -0.979655 0.194891 -0.047898
vn -0.977797 0.194499 -0.078000
vn -0.922832 0.382213 -0.047902
vn -0.921076 0.381490 -0.077998
vn -0.830525 0.554917 -0.047901
vn -0.828915 0.553910 -0.078001
vn -0.706295 0.706295 -0.047900
vn -0.704903 0.705002 -0.078000
vn -0.554917 0.830525 -0.047901
vn -0.553910 0.828915 -0.078001
vn -0.382213 0.922832 -0.047902
vn -0.381490 0.921076 -0.077998
vn -0.194891 0.979655 -0.047898
vn -0.194499 0.977797 -0.078000
vn -0.642009 0.265904 -0.719110
vn -0.577791 0.386094 -0.719089
vn 0.923877 -0.382690 0.000000
vn 0.831465 -0.555577 0.000000
vn 0.491387 0.491387 -0.719081
vn 0.577791 0.386094 -0.719089
vn 0.386094 -0.577791 -0.719089
vn 0.265904 -0.642009 -0.719110
vn -0.642009 -0.265904 -0.719110
vn -0.681522 -0.135604 -0.719124
vn 0.000000 0.694903 -0.719103
vn 0.135604 0.681522 -0.719124
vn -0.135604 0.681522 -0.719124
vn 0.681522 -0.135604 -0.719124
vn 0.642009 -0.265904 -0.719110
vn -0.265904 -0.642009 -0.719110
vn -0.386094 -0.577791 -0.719089
vn -0.491387 0.491387 -0.719081
vn 0.642009 0.265904 -0.719110
vn 0.135604 -0.681522 -0.719124
vn -0.694903 0.000000 -0.719103
vn 0.265904 0.642009 -0.719110
vn 0.577791 -0.386094 -0.719089
vn -0.491387 -0.491387 -0.719081
vn -0.386094 0.577791 -0.719089
vn 0.681522 0.135604 -0.719124
vn -0.000000 -0.694903 -0.719103
vn -0.681522 0.135604 -0.719124
vn 0.386094 0.577791 -0.719089
vn 0.491387 -0.491387 -0.719081
vn -0.577791 -0.386094 -0.719089
vn -0.265904 0.642009 -0.719110
vn 0.694903 0.000000 -0.719103
vn -0.135604 -0.681522 -0.719124
vn 0.212996 -0.318794 0.923582
vn 0.146699 -0.354197 0.923593
vn 0.707107 -0.707107 0.000000
vn -0.989181 0.146697 -0.000000
vn -0.923877 0.382690 -0.000000
vn 0.555577 -0.831465 0.000000
vn -0.831465 0.555577 -0.000000
vn 0.382690 -0.923877 0.000000
vn 0.000000 1.000000 0.000000
vn 0.195097 0.980784 0.000000
vn -0.707107 0.707107 -0.000000
vn 0.195097 -0.980784 -0.000000
vn 0.382690 0.923877 0.000000
vn -0.555577 0.831465 -0.000000
vn -0.000000 -1.000000 -0.000000
vn 0.555577 0.831465 0.000000
vn -0.382690 0.923877 -0.000000
vn -0.195097 -0.980784 -0.000000
vn 0.707107 0.707107 0.000000
vn -0.195097 0.980784 0.000000
vn -0.382690 -0.923877 -0.000000
vn 0.831465 0.555577 0.000000
vn -0.555577 -0.831465 -0.000000
vn 0.923877 0.382690 0.000000
vn -0.707107 -0.707107 -0.000000
vn 0.989181 0.146697 0.000000
vn -0.831465 -0.555577 -0.000000
vn 0.989181 -0.146697 0.000000
vn 1.000000 0.000000 0.000000
vn -0.923877 -0.382690 -0.000000
vn -0.936801 -0.140300 0.320500
vn -0.937231 -0.137605 0.320411
vn -0.948993 0.000000 0.315298
vn -0.989181 -0.146697 -0.000000
vn 0.379411 0.057702 0.923427
vn 0.379993 0.054499 0.923383
vn 0.389800 0.000000 0.920900
vn -0.193903 0.975013 -0.108401
vn 0.000000 0.994107 -0.108401
vn -0.380417 0.918440 -0.108405
vn -0.552285 0.826578 -0.108397
vn -0.702940 0.702940 -0.108406
vn -0.826578 0.552285 -0.108397
vn -0.918440 0.380417 -0.108405
vn -0.975013 0.193903 -0.108401
vn -0.994107 0.000000 -0.108401
vn -0.975013 -0.193903 -0.108401
vn -0.918440 -0.380417 -0.108405
vn -0.826578 -0.552285 -0.108397
vn -0.702940 -0.702940 -0.108406
vn -0.552285 -0.826578 -0.108397
vn -0.380417 -0.918440 -0.108405
vn -0.193903 -0.975013 -0.108401
vn -0.000000 -0.994107 -0.108401
vn 0.193903 -0.975013 -0.108401
vn 0.380417 -0.918440 -0.108405
vn 0.552285 -0.826578 -0.108397
vn 0.702940 -0.702940 -0.108406
vn 0.826578 -0.552285 -0.108397
vn 0.918440 -0.380417 -0.108405
vn 0.975013 -0.193903 -0.108401
vn 0.994107 0.000000 -0.108401
vn 0.975013 0.193903 -0.108401
vn 0.918440 0.380417 -0.108405
vn 0.826578 0.552285 -0.108397
vn 0.702940 0.702940 -0.108406
vn 0.552285 0.826578 -0.108397
vn 0.380417 0.918440 -0.108405
vn 0.193903 0.975013 -0.108401
vn -0.526212 -0.787518 -0.320807
vn -0.669731 -0.669731 -0.320815
vn 0.000000 0.383394 0.923585
vn 0.074797 0.376084 0.923562
vn -0.318794 0.212996 0.923582
vn -0.271096 0.271096 0.923587
vn 0.074797 -0.376084 0.923562
vn 0.146699 0.354197 0.923593
vn -0.212996 0.318794 0.923582
vn -0.000000 -0.383394 0.923585
vn 0.212996 0.318794 0.923582
vn -0.146699 0.354197 0.923593
vn -0.074797 -0.376084 0.923562
vn 0.271096 0.271096 0.923587
vn -0.074797 0.376084 0.923562
vn -0.146699 -0.354197 0.923593
vn 0.318794 0.212996 0.923582
vn -0.212996 -0.318794 0.923582
vn 0.354197 0.146699 0.923593
vn -0.271096 -0.271096 0.923587
vn -0.318794 -0.212996 0.923582
vn 0.512594 -0.077899 -0.855090
vn 0.513313 -0.073802 -0.855022
vn 0.525425 0.000000 -0.850840
vn -0.354197 -0.146699 0.923593
vn -0.379993 -0.054499 0.923383
vn -0.379411 -0.057702 0.923427
vn 0.379993 -0.054499 0.923383
vn 0.354197 -0.146699 0.923593
vn 0.379411 -0.057702 0.923427
vn 0.936801 -0.140300 -0.320500
vn 0.937231 -0.137605 -0.320411
vn 0.948993 0.000000 -0.315298
vn 0.318794 -0.212996 0.923582
vn -0.389800 0.000000 0.920900
vn 0.271096 -0.271096 0.923587
vn -0.379993 0.054499 0.923383
vn -0.354197 0.146699 0.923593
vn -0.379411 0.057702 0.923427
vn -0.478619 -0.198308 -0.855335
vn -0.512594 -0.077899 -0.855090
vn -0.513313 -0.073802 -0.855022
vn 0.875025 0.362510 -0.320809
vn 0.936801 0.140300 -0.320500
vn 0.937231 0.137605 -0.320411
vn -0.787518 -0.526212 -0.320807
vn -0.525425 0.000000 -0.850840
vn -0.875025 -0.362510 -0.320809
vn -0.936801 0.140300 -0.320500
vn -0.937231 0.137605 -0.320411
vn -0.948993 0.000000 -0.315298
vn -0.936801 -0.140300 -0.320500
vn -0.937231 -0.137605 -0.320411
vn 0.875025 -0.362510 -0.320809
vn 0.787518 -0.526212 -0.320807
vn 0.669731 -0.669731 -0.320815
vn -0.875025 0.362510 -0.320809
vn 0.526212 -0.787518 -0.320807
vn -0.787518 0.526212 -0.320807
vn 0.362510 -0.875025 -0.320809
vn 0.000000 0.947142 -0.320814
vn 0.184807 0.928938 -0.320813
vn -0.669731 0.669731 -0.320815
vn 0.184807 -0.928938 -0.320813
vn 0.362510 0.875025 -0.320809
vn -0.526212 0.787518 -0.320807
vn -0.000000 -0.947142 -0.320814
vn 0.526212 0.787518 -0.320807
vn -0.362510 0.875025 -0.320809
vn -0.184807 -0.928938 -0.320813
vn 0.669731 0.669731 -0.320815
vn -0.184807 0.928938 -0.320813
vn -0.362510 -0.875025 -0.320809
vn 0.787518 0.526212 -0.320807
vn 0.478619 -0.198308 -0.855335
vn 0.513313 0.073802 -0.855022
vn 0.512594 0.077899 -0.855090
vn 0.430810 -0.287806 -0.855319
vn -0.512594 0.077899 -0.855090
vn -0.513313 0.073802 -0.855022
vn 0.366320 -0.366320 -0.855347
vn -0.478619 0.198308 -0.855335
vn 0.287806 -0.430810 -0.855319
vn -0.430810 0.287806 -0.855319
vn 0.198308 -0.478619 -0.855335
vn 0.000000 0.518109 -0.855315
vn 0.101104 0.508119 -0.855332
vn -0.366320 0.366320 -0.855347
vn 0.101104 -0.508119 -0.855332
vn 0.198308 0.478619 -0.855335
vn -0.287806 0.430810 -0.855319
vn -0.000000 -0.518109 -0.855315
vn 0.287806 0.430810 -0.855319
vn -0.198308 0.478619 -0.855335
vn -0.101104 -0.508119 -0.855332
vn 0.366320 0.366320 -0.855347
vn -0.101104 0.508119 -0.855332
vn -0.198308 -0.478619 -0.855335
vn 0.430810 0.287806 -0.855319
vn -0.287806 -0.430810 -0.855319
vn 0.478619 0.198308 -0.855335
vn -0.366320 -0.366320 -0.855347
vn -0.430810 -0.287806 -0.855319
vn -1.000000 0.000000 -0.000000
vn 0.936801 0.140300 0.320500
vn 0.937231 0.137605 0.320411
vn 0.948993 0.000000 0.315298
vn 0.787518 0.526212 0.320807
vn 0.875025 0.362510 0.320809
vn -0.184807 0.928938 0.320813
vn 0.000000 0.947142 0.320814
vn 0.669731 0.669731 0.320815
vn -0.362510 0.875025 0.320809
vn 0.526212 0.787518 0.320807
vn -0.526212 0.787518 0.320807
vn 0.362510 0.875025 0.320809
vn -0.669731 0.669731 0.320815
vn 0.184807 0.928938 0.320813
vn -0.787518 0.526212 0.320807
vn -0.875025 0.362510 0.320809
vn -0.937231 0.137605 0.320411
vn -0.936801 0.140300 0.320500
vn -0.362510 -0.875025 0.320809
vn -0.526212 -0.787518 0.320807
vn -0.184807 -0.928938 0.320813
vn -0.000000 -0.947142 0.320814
vn 0.184807 -0.928938 0.320813
vn 0.362510 -0.875025 0.320809
vn 0.526212 -0.787518 0.320807
vn 0.669731 -0.669731 0.320815
vn 0.787518 -0.526212 0.320807
vn 0.875025 -0.362510 0.320809
vn 0.937231 -0.137605 0.320411
vn 0.936801 -0.140300 0.320500
vn -0.875025 -0.362510 0.320809
vn -0.787518 -0.526212 0.320807
vn -0.669731 -0.669731 0.320815
vn -0.000000 -0.999394 0.034800
vn -0.000000 -0.995923 0.090202
vn -0.000000 -0.999263 -0.038399
vn -0.000000 -0.996516 -0.083401
vn 0.000000 0.999263 -0.038399
vn 0.000000 0.996516 -0.083401
vn 0.000000 0.999394 0.034800
vn 0.000000 0.995923 0.090202
vn -0.802586 0.159597 0.574790
vn -0.818296 0.000000 0.574797
vn 0.454600 0.680400 0.574800
vn 0.313196 0.755990 0.574793
vn 0.578614 -0.578614 0.574814
vn 0.680400 -0.454600 0.574800
vn -0.680400 -0.454600 0.574800
vn -0.578614 -0.578614 0.574814
vn -0.313196 0.755990 0.574793
vn -0.454600 0.680400 0.574800
vn 0.818296 -0.000000 0.574797
vn 0.802586 0.159597 0.574790
vn -0.159597 -0.802586 0.574790
vn -0.000000 -0.818296 0.574797
vn -0.755990 0.313196 0.574793
vn 0.578614 0.578614 0.574814
vn 0.454600 -0.680400 0.574800
vn -0.755990 -0.313196 0.574793
vn -0.159597 0.802586 0.574790
vn 0.802586 -0.159597 0.574790
vn -0.313196 -0.755990 0.574793
vn -0.680400 0.454600 0.574800
vn 0.680400 0.454600 0.574800
vn 0.313196 -0.755990 0.574793
vn 0.159597 0.802586 0.574790
vn 0.000000 0.818296 0.574797
vn -0.802586 -0.159597 0.574790
vn 0.755990 -0.313196 0.574793
vn -0.454600 -0.680400 0.574800
vn -0.578614 0.578614 0.574814
vn 0.755990 0.313196 0.574793
vn 0.159597 -0.802586 0.574790
vn 0.980784 0.195097 0.000000
vn 0.980784 -0.195097 -0.000000
vn -0.980784 -0.195097 -0.000000
vn -0.980784 0.195097 0.000000
vn -0.939769 -0.186894 0.286191
vn -0.885219 -0.366708 0.286206
vn -0.811973 -0.336289 0.477084
vn -0.861965 -0.171493 0.477081
vn 0.885219 -0.366708 0.286206
vn 0.939769 -0.186894 0.286191
vn 0.861965 -0.171493 0.477081
vn 0.811973 -0.336289 0.477084
vn -0.958172 0.000000 0.286192
vn -0.878861 0.000000 0.477079
vn 0.796706 -0.532304 0.286202
vn 0.730706 -0.488304 0.477104
vn -0.939769 0.186894 0.286191
vn -0.861965 0.171493 0.477081
vn 0.677526 -0.677526 0.286211
vn 0.621431 -0.621431 0.477124
vn -0.885219 0.366708 0.286206
vn -0.811973 0.336289 0.477084
vn 0.532304 -0.796706 0.286202
vn 0.488304 -0.730706 0.477104
vn -0.796706 0.532304 0.286202
vn -0.730706 0.488304 0.477104
vn 0.366708 -0.885219 0.286206
vn 0.336289 -0.811973 0.477084
vn -0.677526 0.677526 0.286211
vn -0.621431 0.621431 0.477124
vn 0.186894 -0.939769 0.286191
vn 0.171493 -0.861965 0.477081
vn 0.000000 0.958172 0.286192
vn -0.186894 0.939769 0.286191
vn -0.171493 0.861965 0.477081
vn 0.000000 0.878861 0.477079
vn -0.532304 0.796706 0.286202
vn -0.488304 0.730706 0.477104
vn -0.000000 -0.958172 0.286192
vn -0.000000 -0.878861 0.477079
vn 0.532304 0.796706 0.286202
vn 0.366708 0.885219 0.286206
vn 0.336289 0.811973 0.477084
vn 0.488304 0.730706 0.477104
vn -0.366708 0.885219 0.286206
vn -0.336289 0.811973 0.477084
vn -0.186894 -0.939769 0.286191
vn -0.171493 -0.861965 0.477081
vn 0.677526 0.677526 0.286211
vn 0.621431 0.621431 0.477124
vn -0.366708 -0.885219 0.286206
vn -0.336289 -0.811973 0.477084
vn 0.796706 0.532304 0.286202
vn 0.730706 0.488304 0.477104
vn -0.532304 -0.796706 0.286202
vn -0.488304 -0.730706 0.477104
vn 0.885219 0.366708 0.286206
vn 0.811973 0.336289 0.477084
vn 0.186894 0.939769 0.286191
vn 0.171493 0.861965 0.477081
vn -0.677526 -0.677526 0.286211
vn -0.621431 -0.621431 0.477124
vn 0.939769 0.186894 0.286191
vn 0.861965 0.171493 0.477081
vn -0.796706 -0.532304 0.286202
vn -0.730706 -0.488304 0.477104
vn 0.958172 0.000000 0.286192
vn 0.878861 0.000000 0.477079
vn -0.930177 0.184995 -0.317092
vn -0.948393 0.000000 -0.317098
vn -0.993423 0.000000 -0.114503
vn -0.974335 0.193807 -0.114504
vn 0.670613 -0.670613 -0.317106
vn 0.788536 -0.526924 -0.317115
vn 0.826008 -0.551906 -0.114501
vn 0.702457 -0.702457 -0.114493
vn -0.876211 0.362904 -0.317104
vn -0.917791 0.380196 -0.114499
vn 0.526924 -0.788536 -0.317115
vn 0.551906 -0.826008 -0.114501
vn -0.788536 0.526924 -0.317115
vn -0.826008 0.551906 -0.114501
vn 0.362904 -0.876211 -0.317104
vn 0.380196 -0.917791 -0.114499
vn 0.184995 0.930177 -0.317092
vn -0.000000 0.948393 -0.317098
vn 0.000000 0.993423 -0.114503
vn 0.193807 0.974335 -0.114504
vn -0.670613 0.670613 -0.317106
vn -0.702457 0.702457 -0.114493
vn 0.184995 -0.930177 -0.317092
vn 0.193807 -0.974335 -0.114504
vn 0.362904 0.876211 -0.317104
vn 0.380196 0.917791 -0.114499
vn -0.526924 0.788536 -0.317115
vn -0.551906 0.826008 -0.114501
vn -0.000000 -0.948393 -0.317098
vn -0.000000 -0.993423 -0.114503
vn 0.526924 0.788536 -0.317115
vn 0.551906 0.826008 -0.114501
vn -0.362904 0.876211 -0.317104
vn -0.380196 0.917791 -0.114499
vn -0.184995 -0.930177 -0.317092
vn -0.193807 -0.974335 -0.114504
vn 0.670613 0.670613 -0.317106
vn 0.702457 0.702457 -0.114493
vn -0.184995 0.930177 -0.317092
vn -0.193807 0.974335 -0.114504
vn -0.362904 -0.876211 -0.317104
vn -0.380196 -0.917791 -0.114499
vn 0.788536 0.526924 -0.317115
vn 0.826008 0.551906 -0.114501
vn -0.526924 -0.788536 -0.317115
vn -0.551906 -0.826008 -0.114501
vn 0.876211 0.362904 -0.317104
vn 0.917791 0.380196 -0.114499
vn -0.670613 -0.670613 -0.317106
vn -0.702457 -0.702457 -0.114493
vn 0.930177 0.184995 -0.317092
vn 0.974335 0.193807 -0.114504
vn -0.788536 -0.526924 -0.317115
vn -0.826008 -0.551906 -0.114501
vn 0.948393 0.000000 -0.317098
vn 0.993423 0.000000 -0.114503
vn -0.876183 -0.362893 -0.317194
vn -0.917791 -0.380196 -0.114499
vn 0.930177 -0.184995 -0.317092
vn 0.974335 -0.193807 -0.114504
vn -0.930177 -0.184995 -0.317092
vn -0.974335 -0.193807 -0.114504
vn 0.876211 -0.362904 -0.317104
vn 0.917791 -0.380196 -0.114499
vn -0.000000 -0.000000 1.000000
# 478 normals

usemtl None
f 344/131/41 299/132/41 300/133/41 341/134/41
f 330/135/41 299/132/41 344/131/41 329/136/41
f 305/137/41 306/138/41 341/134/41 304/139/41
f 344/131/41 325/140/41 326/141/41 327/142/41
f 344/131/41 327/142/41 328/143/41 329/136/41
f 312/144/41 313/145/41 342/146/41 311/147/41
f 342/146/41 308/148/41 309/149/41
f 342/146/41 313/145/41 314/150/41 315/151/41
f 301/152/41 302/153/41 341/134/41 300/133/41
f 316/154/41 317/155/41 318/156/41 343/157/41
f 303/158/41 304/139/41 341/134/41 302/153/41
f 318/156/41 319/159/41 320/160/41 343/157/41
f 310/161/41 311/147/41 342/146/41 309/149/41
f 320/160/41 321/162/41 322/163/41 343/157/41
f 344/131/41 324/164/41 325/140/41
f 315/151/41 316/154/41 343/157/41 342/146/41
f 275/165/41 259/166/41 243/167/41
f 323/168/41 291/169/41 275/165/41 243/167/41
f 323/168/41 307/170/41 291/169/41
f 203/171/42 76/172/43 78/173/44 204/174/45
f 204/174/45 78/173/44 80/175/46 205/176/47
f 205/176/47 80/175/46 82/177/48 206/178/49
f 206/178/49 82/177/48 84/179/50 207/180/51
f 207/181/51 84/182/50 86/183/52 208/184/53
f 208/184/53 86/183/52 88/185/54 209/186/55
f 209/186/55 88/185/54 90/187/56 210/188/57
f 210/188/57 90/187/56 92/189/58 211/190/59
f 211/190/59 92/189/58 94/191/60 212/192/61
f 212/192/61 94/191/60 96/193/62 213/194/63
f 213/194/63 96/193/62 98/195/64 214/196/65
f 214/196/65 98/195/64 100/197/66 215/198/67
f 215/199/67 100/200/66 102/201/68 216/202/69
f 216/202/69 102/201/68 104/203/70 217/204/71
f 217/204/71 104/203/70 106/205/72 218/206/73
f 218/206/73 106/205/72 108/207/74 219/208/75
f 219/208/75 108/207/74 110/209/76 220/210/77
f 220/210/77 110/209/76 112/211/78 221/212/79
f 221/212/79 112/211/78 114/213/80 222/214/81
f 222/214/81 114/213/80 116/215/82 223/216/83
f 223/217/83 116/218/82 118/219/84 224/220/85
f 224/220/85 118/219/84 120/221/86 225/222/87
f 225/222/87 120/221/86 122/223/88 226/224/89
f 226/224/89 122/223/88 124/225/90 227/226/91
f 227/226/91 124/225/90 126/227/92 228/228/93
f 228/228/93 126/227/92 128/229/94 229/230/95
f 229/230/95 128/229/94 130/231/96 230/232/97
f 230/232/97 130/231/96 132/233/98 231/234/99
f 231/235/99 132/236/98 134/237/100 232/238/101
f 232/238/101 134/237/100 136/239/102 233/240/103
f 233/240/103 136/239/102 138/241/104 234/242/105
f 234/242/105 138/241/104 76/172/43 203/171/42
f 127/243/106 129/244/107 166/245/107 165/246/106
f 149/247/108 150/248/109 182/249/109 181/250/108
f 83/251/110 85/252/111 144/253/111 143/254/110
f 101/255/112 103/256/113 153/257/113 152/258/112
f 119/259/114 121/260/115 162/261/115 161/262/114
f 75/263/116 77/264/117 140/265/117 139/266/116
f 137/267/118 75/263/116 139/266/116 170/268/118
f 93/269/119 95/270/120 149/271/120 148/272/119
f 111/273/121 113/274/122 158/275/122 157/276/121
f 129/244/107 131/277/123 167/278/123 166/245/107
f 85/252/111 87/279/124 145/280/124 144/253/111
f 103/256/113 105/281/125 154/282/125 153/257/113
f 121/260/115 123/283/126 163/284/126 162/261/115
f 77/264/117 79/285/127 141/286/127 140/265/117
f 95/270/120 97/287/128 150/288/128 149/271/120
f 113/274/122 115/289/129 159/290/129 158/275/122
f 131/277/123 133/291/130 168/292/130 167/278/123
f 87/279/124 89/293/131 146/294/131 145/280/124
f 105/281/125 107/295/132 155/296/132 154/282/125
f 123/283/126 125/297/133 164/298/133 163/284/126
f 79/285/127 81/299/134 142/300/134 141/286/127
f 97/287/128 99/301/135 151/302/135 150/288/128
f 115/289/129 117/303/136 160/304/136 159/290/129
f 133/291/130 135/305/137 169/306/137 168/292/130
f 89/293/131 91/307/138 147/308/138 146/294/131
f 107/295/132 109/309/139 156/310/139 155/296/132
f 125/297/133 127/243/106 165/246/106 164/298/133
f 81/299/134 83/251/110 143/254/110 142/300/134
f 99/301/135 101/255/112 152/258/112 151/302/135
f 117/303/136 119/259/114 161/262/114 160/304/136
f 135/305/137 137/267/118 170/268/118 169/306/137
f 91/307/138 93/269/119 148/272/119 147/308/138
f 109/309/139 111/273/121 157/276/121 156/310/139
f 184/311/140 185/312/141 249/313/141 248/314/140
f 147/308/41 148/272/41 291/169/41 307/170/41
f 150/248/109 151/315/142 183/316/142 182/249/109
f 164/317/143 165/318/144 197/319/144 196/320/143
f 151/321/142 152/322/145 184/323/145 183/324/142
f 165/318/144 166/325/146 198/326/146 197/319/144
f 152/322/145 153/327/147 185/328/147 184/323/145
f 139/329/148 140/330/149 172/331/149 171/332/148
f 166/325/146 167/333/150 199/334/150 198/326/146
f 153/327/147 154/335/151 186/336/151 185/328/147
f 140/330/149 141/337/152 173/338/152 172/331/149
f 167/339/150 168/340/153 200/341/153 199/342/150
f 154/335/151 155/343/154 187/344/154 186/336/151
f 141/337/152 142/345/155 174/346/155 173/338/152
f 168/340/153 169/347/156 201/348/156 200/341/153
f 155/343/154 156/349/157 188/350/157 187/344/154
f 142/345/155 143/351/158 175/352/158 174/346/155
f 169/347/156 170/353/159 202/354/159 201/348/156
f 156/349/157 157/355/160 189/356/160 188/350/157
f 143/357/158 144/358/161 176/359/161 175/360/158
f 170/353/159 139/329/148 171/332/148 202/354/159
f 157/355/160 158/361/162 190/362/162 189/356/160
f 144/358/161 145/363/163 177/364/163 176/359/161
f 158/361/162 159/365/164 191/366/164 190/362/162
f 145/363/163 146/367/165 178/368/165 177/364/163
f 159/369/164 160/370/166 192/371/166 191/372/164
f 148/373/167 180/374/167 179/375/168 291/376/168
f 160/370/166 161/377/169 193/378/169 192/371/166
f 369/379/170 258/380/171 335/381/172 362/382/172
f 161/377/169 162/383/173 194/384/173 193/378/169
f 148/373/167 149/247/108 181/250/108 180/374/167
f 242/385/174 178/386/175 195/387/176 333/388/176
f 137/389/177 234/242/105 203/171/42 75/390/178
f 135/391/179 233/240/103 234/242/105 137/389/177
f 133/392/180 232/238/101 233/240/103 135/391/179
f 131/393/181 231/235/99 232/238/101 133/392/180
f 129/394/182 230/232/97 231/234/99 131/395/181
f 127/396/183 229/230/95 230/232/97 129/394/182
f 125/397/184 228/228/93 229/230/95 127/396/183
f 123/398/185 227/226/91 228/228/93 125/397/184
f 121/399/186 226/224/89 227/226/91 123/398/185
f 119/400/187 225/222/87 226/224/89 121/399/186
f 117/401/188 224/220/85 225/222/87 119/400/187
f 115/402/189 223/217/83 224/220/85 117/401/188
f 113/403/190 222/214/81 223/216/83 115/404/189
f 111/405/191 221/212/79 222/214/81 113/403/190
f 109/406/192 220/210/77 221/212/79 111/405/191
f 107/407/193 219/208/75 220/210/77 109/406/192
f 105/408/194 218/206/73 219/208/75 107/407/193
f 103/409/195 217/204/71 218/206/73 105/408/194
f 101/410/196 216/202/69 217/204/71 103/409/195
f 99/411/197 215/199/67 216/202/69 101/410/196
f 97/412/198 214/196/65 215/198/67 99/413/197
f 95/414/199 213/194/63 214/196/65 97/412/198
f 93/415/200 212/192/61 213/194/63 95/414/199
f 91/416/201 211/190/59 212/192/61 93/415/200
f 89/417/202 210/188/57 211/190/59 91/416/201
f 87/418/203 209/186/55 210/188/57 89/417/202
f 85/419/204 208/184/53 209/186/55 87/418/203
f 83/420/205 207/181/51 208/184/53 85/419/204
f 81/421/206 206/178/49 207/180/51 83/422/205
f 79/423/207 205/176/47 206/178/49 81/421/206
f 77/424/208 204/174/45 205/176/47 79/423/207
f 75/390/178 203/171/42 204/174/45 77/424/208
f 365/425/209 364/426/210 287/427/210 286/428/209
f 171/429/211 172/430/212 236/431/212 235/432/211
f 198/433/213 199/434/214 263/435/214 262/436/213
f 185/312/141 186/437/215 250/438/215 249/313/141
f 172/430/212 173/439/216 237/440/216 236/431/212
f 199/434/214 200/441/217 264/442/217 263/435/214
f 186/437/215 187/443/218 251/444/218 250/438/215
f 173/439/216 174/445/219 238/446/219 237/440/216
f 200/441/217 201/447/220 265/448/220 264/442/217
f 187/443/218 188/449/221 252/450/221 251/444/218
f 174/445/219 175/451/222 239/452/222 238/446/219
f 201/447/220 202/453/223 266/454/223 265/448/220
f 188/449/221 189/455/224 253/456/224 252/450/221
f 175/451/222 176/457/225 240/458/225 239/452/222
f 202/453/223 171/429/211 235/432/211 266/454/223
f 189/455/224 190/459/226 254/460/226 253/456/224
f 176/457/225 177/461/227 241/462/227 240/458/225
f 190/459/226 191/463/228 255/464/228 254/460/226
f 177/461/227 178/386/175 242/385/174 241/462/227
f 191/463/228 192/465/229 256/466/229 255/464/228
f 276/467/230 308/148/231 342/146/232 338/468/232
f 192/465/229 193/469/233 257/470/233 256/466/229
f 146/294/41 147/308/41 307/170/41 323/168/41
f 193/469/233 194/471/234 258/472/235 257/470/233
f 180/473/236 181/474/237 245/475/237 244/476/238
f 368/477/239 276/478/240 338/479/241 363/480/241
f 181/474/237 182/481/242 246/482/242 245/475/237
f 258/472/235 194/471/234 331/483/243 335/484/243
f 182/481/242 183/485/244 247/486/244 246/482/242
f 196/487/245 197/488/246 261/489/246 260/490/247
f 183/485/244 184/311/140 248/314/140 247/486/244
f 197/488/246 198/433/213 262/436/213 261/489/246
f 289/491/248 290/492/249 322/163/250 321/162/248
f 348/493/251 347/494/252 274/495/253 273/496/251
f 364/497/210 366/498/254 288/499/254 287/500/210
f 322/163/250 290/492/249 339/501/255 343/157/255
f 366/498/254 367/502/256 289/503/256 288/499/254
f 349/504/257 292/505/258 340/506/259 345/507/259
f 367/502/256 369/379/260 290/508/261 289/503/256
f 368/477/239 370/509/262 277/510/262 276/478/240
f 180/473/236 244/476/238 334/511/176 179/512/176
f 370/509/262 371/513/263 278/514/263 277/510/262
f 178/368/165 146/367/165 323/515/168 195/516/168
f 371/513/263 372/517/264 279/518/264 278/514/263
f 349/504/257 350/519/265 293/520/265 292/505/258
f 372/521/264 373/522/266 280/523/266 279/524/264
f 350/519/265 351/525/267 294/526/267 293/520/265
f 373/522/266 374/527/268 281/528/268 280/523/266
f 353/529/269 352/530/270 268/531/270 267/532/269
f 351/525/267 354/533/271 295/534/271 294/526/267
f 374/527/268 375/535/272 282/536/272 281/528/268
f 352/530/270 355/537/273 269/538/273 268/531/270
f 354/539/271 356/540/274 296/541/274 295/542/271
f 375/535/272 376/543/275 283/544/275 282/536/272
f 355/537/273 357/545/276 270/546/276 269/538/273
f 356/540/274 358/547/277 297/548/277 296/541/274
f 376/543/275 377/549/278 284/550/278 283/544/275
f 357/545/276 359/551/279 271/552/279 270/546/276
f 358/547/277 360/553/280 298/554/280 297/548/277
f 377/549/278 378/555/281 285/556/281 284/550/278
f 359/557/279 361/558/282 272/559/282 271/560/279
f 360/553/280 353/529/269 267/532/269 298/554/280
f 378/555/281 365/425/209 286/428/209 285/556/281
f 361/558/282 348/493/251 273/496/251 272/559/282
f 276/467/230 277/561/283 309/149/283 308/148/231
f 306/138/284 274/562/285 337/563/232 341/134/232
f 277/561/283 278/564/286 310/161/286 309/149/283
f 292/565/287 324/164/288 344/131/255 340/566/255
f 278/564/286 279/567/289 311/147/289 310/161/286
f 292/565/287 293/568/290 325/140/290 324/164/288
f 279/567/289 280/569/291 312/144/291 311/147/289
f 293/568/290 294/570/292 326/141/292 325/140/290
f 280/569/291 281/571/293 313/145/293 312/144/291
f 267/572/294 268/573/295 300/133/295 299/132/294
f 294/570/292 295/574/296 327/142/296 326/141/292
f 281/571/293 282/575/297 314/150/297 313/145/293
f 268/573/295 269/576/298 301/152/298 300/133/295
f 295/574/296 296/577/299 328/143/299 327/142/296
f 282/575/297 283/578/300 315/151/300 314/150/297
f 269/576/298 270/579/301 302/153/301 301/152/298
f 296/577/299 297/580/302 329/136/302 328/143/299
f 283/578/300 284/581/303 316/154/303 315/151/300
f 270/579/301 271/582/304 303/158/304 302/153/301
f 297/580/302 298/583/305 330/135/305 329/136/302
f 284/581/303 285/584/306 317/155/306 316/154/303
f 271/582/304 272/585/307 304/139/307 303/158/304
f 298/583/305 267/572/294 299/132/294 330/135/305
f 285/584/306 286/586/308 318/156/308 317/155/306
f 272/585/307 273/587/309 305/137/309 304/139/307
f 286/586/308 287/588/310 319/159/310 318/156/308
f 273/587/309 274/562/285 306/138/284 305/137/309
f 287/588/310 288/589/311 320/160/311 319/159/310
f 164/317/143 196/320/143 332/590/312 243/591/312
f 288/589/311 289/491/248 321/162/248 320/160/311
f 163/284/41 164/298/41 243/167/41 259/166/41
f 162/261/41 163/284/41 259/166/41 275/165/41
f 194/384/173 162/383/173 275/592/312 331/593/312
f 196/487/245 260/490/247 336/594/243 332/595/243
f 347/494/313 242/596/314 333/597/315 346/598/315
f 274/495/253 347/494/252 346/598/241 337/599/241
f 240/600/316 241/601/317 348/493/317 361/558/316
f 266/602/318 235/603/319 353/529/319 360/553/318
f 239/604/320 240/600/316 361/558/316 359/557/320
f 265/605/321 266/602/318 360/553/318 358/547/321
f 238/606/322 239/607/320 359/551/320 357/545/322
f 264/608/323 265/605/321 358/547/321 356/540/323
f 237/609/324 238/606/322 357/545/322 355/537/324
f 263/610/325 264/608/323 356/540/323 354/539/325
f 236/611/326 237/609/324 355/537/324 352/530/326
f 262/612/327 263/613/325 354/533/325 351/525/327
f 235/603/319 236/611/326 352/530/326 353/529/319
f 261/614/328 262/612/327 351/525/327 350/519/328
f 260/615/329 261/614/328 350/519/328 349/504/330
f 260/615/329 349/504/330 345/507/172 336/616/172
f 241/601/317 242/596/314 347/494/313 348/493/317
f 253/617/331 254/618/332 365/425/332 378/555/331
f 252/619/333 253/617/331 378/555/331 377/549/333
f 251/620/334 252/619/333 377/549/333 376/543/334
f 250/621/335 251/620/334 376/543/334 375/535/335
f 249/622/336 250/621/335 375/535/335 374/527/336
f 248/623/337 249/622/336 374/527/336 373/522/337
f 247/624/338 248/623/337 373/522/337 372/521/338
f 246/625/339 247/626/338 372/517/338 371/513/339
f 245/627/340 246/625/339 371/513/339 370/509/340
f 244/628/341 245/627/340 370/509/340 368/477/342
f 257/629/343 258/380/171 369/379/170 367/502/343
f 256/630/344 257/629/343 367/502/343 366/498/344
f 255/631/345 256/630/344 366/498/344 364/497/345
f 244/628/341 368/477/342 363/480/315 334/632/315
f 254/618/332 255/633/345 364/426/345 365/425/332
f 290/508/261 369/379/260 362/382/259 339/634/259
f 340/635/346 337/636/346 346/637/154 345/638/154
f 341/639/347 337/636/346 340/635/346 344/640/347
f 345/638/154 346/637/154 333/641/348 336/642/348
f 336/642/348 333/641/348 195/643/349 332/644/349
f 195/643/349 323/645/154 243/646/154 332/644/349
f 335/647/350 331/648/351 179/649/351 334/650/350
f 362/651/148 335/647/350 334/650/350 363/652/148
f 339/653/352 362/651/148 363/652/148 338/654/352
f 342/655/353 343/656/353 339/653/352 338/654/352
f 331/648/351 275/657/148 291/658/148 179/649/351
f 126/227/354 124/225/355 403/659/355 404/660/354
f 82/177/356 80/175/357 381/661/357 382/662/356
f 100/197/358 98/195/359 390/663/359 391/664/358
f 118/219/360 116/218/361 399/665/361 400/666/360
f 136/239/362 134/237/363 408/667/363 409/668/362
f 92/189/364 90/187/365 386/669/365 387/670/364
f 110/209/366 108/207/367 395/671/367 396/672/366
f 128/229/368 126/227/354 404/660/354 405/673/368
f 84/179/369 82/177/356 382/662/356 383/674/369
f 102/201/370 100/200/358 391/675/358 392/676/370
f 120/221/371 118/219/360 400/666/360 401/677/371
f 138/241/372 136/239/362 409/668/362 410/678/372
f 94/191/373 92/189/364 387/670/364 388/679/373
f 112/211/374 110/209/366 396/672/366 397/680/374
f 130/231/375 128/229/368 405/673/368 406/681/375
f 86/183/376 84/182/369 383/682/369 384/683/376
f 104/203/377 102/201/370 392/676/370 393/684/377
f 78/173/378 76/172/379 379/685/379 380/686/378
f 122/223/380 120/221/371 401/677/371 402/687/380
f 76/172/379 138/241/372 410/678/372 379/685/379
f 96/193/381 94/191/373 388/679/373 389/688/381
f 114/213/382 112/211/374 397/680/374 398/689/382
f 132/233/383 130/231/375 406/681/375 407/690/383
f 88/185/384 86/183/376 384/683/376 385/691/384
f 106/205/385 104/203/377 393/684/377 394/692/385
f 124/225/355 122/223/380 402/687/380 403/659/355
f 80/175/357 78/173/378 380/686/378 381/661/357
f 98/195/359 96/193/381 389/688/381 390/663/359
f 116/215/361 114/213/382 398/689/382 399/693/361
f 134/237/363 132/236/383 407/694/383 408/667/363
f 90/187/365 88/185/384 385/691/384 386/669/365
f 108/207/367 106/205/385 394/692/385 395/671/367
f 398/689/162 397/680/160 429/695/160 430/696/162
f 385/691/163 384/683/161 416/697/161 417/698/163
f 399/693/164 398/689/162 430/696/162 431/699/164
f 386/669/386 385/691/163 417/698/163 418/700/386
f 400/666/166 399/665/164 431/701/164 432/702/166
f 387/670/168 386/669/386 418/700/386 419/703/168
f 401/677/169 400/666/166 432/702/166 433/704/169
f 388/679/387 387/670/168 419/703/168 420/705/387
f 402/687/388 401/677/169 433/704/169 434/706/388
f 389/688/108 388/679/387 420/705/387 421/707/108
f 403/659/312 402/687/388 434/706/388 435/708/312
f 390/663/109 389/688/108 421/707/108 422/709/109
f 404/660/389 403/659/312 435/708/312 436/710/389
f 391/664/142 390/663/109 422/709/109 423/711/142
f 405/673/144 404/660/389 436/710/389 437/712/144
f 392/676/145 391/675/142 423/713/142 424/714/145
f 406/681/146 405/673/144 437/712/144 438/715/146
f 393/684/147 392/676/145 424/714/145 425/716/147
f 380/686/149 379/685/148 411/717/148 412/718/149
f 407/690/150 406/681/146 438/715/146 439/719/150
f 394/692/151 393/684/147 425/716/147 426/720/151
f 381/661/152 380/686/149 412/718/149 413/721/152
f 408/667/153 407/694/150 439/722/150 440/723/153
f 395/671/154 394/692/151 426/720/151 427/724/154
f 382/662/155 381/661/152 413/721/152 414/725/155
f 409/668/156 408/667/153 440/723/153 441/726/156
f 396/672/157 395/671/154 427/724/154 428/727/157
f 383/674/158 382/662/155 414/725/155 415/728/158
f 410/678/159 409/668/156 441/726/156 442/729/159
f 397/680/160 396/672/157 428/727/157 429/695/160
f 384/683/161 383/682/158 415/730/158 416/697/161
f 379/685/148 410/678/159 442/729/159 411/717/148
f 570/731/390 568/732/391 465/733/392 466/734/393
f 544/735/394 542/736/395 452/737/396 453/738/397
f 572/739/398 570/731/390 466/734/393 467/740/399
f 546/741/400 544/735/394 453/738/397 454/742/401
f 574/743/402 572/739/398 467/740/399 468/744/403
f 548/745/404 546/741/400 454/742/401 455/746/405
f 576/747/406 574/743/402 468/744/403 469/748/407
f 550/749/408 548/750/404 455/751/405 456/752/409
f 578/753/410 576/747/406 469/748/407 470/754/411
f 552/755/412 550/749/408 456/752/409 457/756/413
f 580/757/414 578/753/410 470/754/411 471/758/415
f 554/759/416 552/755/412 457/756/413 458/760/417
f 525/761/418 586/762/419 474/763/420 443/764/421
f 582/765/422 580/766/414 471/767/415 472/768/423
f 556/769/424 554/759/416 458/760/417 459/770/425
f 530/771/426 528/772/427 445/773/428 446/774/429
f 584/775/430 582/765/422 472/768/423 473/776/431
f 558/777/432 556/769/424 459/770/425 460/778/433
f 532/779/434 530/771/426 446/774/429 447/780/435
f 586/762/419 584/775/430 473/776/431 474/763/420
f 560/781/436 558/777/432 460/778/433 461/782/437
f 534/783/438 532/784/434 447/785/435 448/786/439
f 562/787/440 560/781/436 461/782/437 462/788/441
f 536/789/442 534/783/438 448/786/439 449/790/443
f 528/772/427 526/791/444 444/792/445 445/773/428
f 564/793/446 562/787/440 462/788/441 463/794/447
f 538/795/448 536/789/442 449/790/443 450/796/449
f 566/797/450 564/798/446 463/799/447 464/800/451
f 540/801/452 538/795/448 450/796/449 451/802/453
f 568/732/391 566/797/450 464/800/451 465/733/392
f 542/736/395 540/801/452 451/802/453 452/737/396
f 436/710/454 435/708/455 573/803/456 575/804/457
f 423/711/458 422/709/459 547/805/460 549/806/461
f 437/712/462 436/710/454 575/804/457 577/807/463
f 424/714/464 423/713/458 549/808/461 551/809/465
f 438/715/466 437/712/462 577/807/463 579/810/467
f 425/716/468 424/714/464 551/809/465 553/811/469
f 412/718/470 411/717/471 524/812/472 527/813/473
f 439/719/474 438/715/466 579/810/467 581/814/475
f 426/720/476 425/716/468 553/811/469 555/815/477
f 413/721/478 412/718/470 527/813/473 529/816/479
f 440/723/480 439/722/474 581/817/475 583/818/481
f 427/724/482 426/720/476 555/815/477 557/819/483
f 414/725/484 413/721/478 529/816/479 531/820/485
f 441/726/486 440/723/480 583/818/481 585/821/487
f 428/727/488 427/724/482 557/819/483 559/822/489
f 415/728/490 414/725/484 531/820/485 533/823/491
f 442/729/492 441/726/486 585/821/487 587/824/493
f 429/695/494 428/727/488 559/822/489 561/825/495
f 416/697/496 415/730/490 533/826/491 535/827/497
f 411/717/471 442/729/492 587/824/493 524/812/472
f 430/696/498 429/695/494 561/825/495 563/828/499
f 417/698/500 416/697/496 535/827/497 537/829/501
f 431/699/502 430/696/498 563/828/499 565/830/503
f 418/700/504 417/698/500 537/829/501 539/831/505
f 432/702/506 431/701/502 565/832/503 567/833/507
f 419/703/508 418/700/504 539/831/505 541/834/509
f 433/704/510 432/702/506 567/833/507 569/835/511
f 420/705/512 419/703/508 541/834/509 543/836/513
f 434/706/514 433/704/510 569/835/511 571/837/515
f 421/707/516 420/705/512 543/836/513 545/838/517
f 435/708/455 434/706/514 571/837/515 573/803/456
f 422/709/459 421/707/516 545/838/517 547/805/460
f 449/839/518 448/840/518 475/841/518 450/842/518
f 448/840/518 447/843/518 482/844/518 475/841/518
f 447/843/518 446/845/518 489/846/518 482/844/518
f 446/845/518 445/847/518 496/848/518 489/846/518
f 445/847/518 444/849/518 503/850/518 496/848/518
f 444/849/518 443/851/518 510/852/518 503/850/518
f 443/851/518 474/853/518 517/854/518 510/852/518
f 474/853/518 473/855/518 472/856/518 517/854/518
f 450/842/518 475/841/518 476/857/518 451/858/518
f 475/841/518 482/844/518 483/859/518 476/857/518
f 482/844/518 489/846/518 490/860/518 483/859/518
f 489/846/518 496/848/518 497/861/518 490/860/518
f 496/848/518 503/850/518 504/862/518 497/861/518
f 503/850/518 510/852/518 511/863/518 504/862/518
f 510/852/518 517/854/518 518/864/518 511/863/518
f 517/854/518 472/856/518 471/865/518 518/864/518
f 451/858/518 476/857/518 477/866/518 452/867/518
f 476/857/518 483/859/518 484/868/518 477/866/518
f 483/859/518 490/860/518 491/869/518 484/868/518
f 490/860/518 497/861/518 498/870/518 491/869/518
f 497/861/518 504/862/518 505/871/518 498/870/518
f 504/862/518 511/863/518 512/872/518 505/871/518
f 511/863/518 518/864/518 519/873/518 512/872/518
f 518/864/518 471/865/518 470/874/518 519/873/518
f 452/867/518 477/866/518 478/875/518 453/876/518
f 477/866/518 484/868/518 485/877/518 478/875/518
f 484/868/518 491/869/518 492/878/518 485/877/518
f 491/869/518 498/870/518 499/879/518 492/878/518
f 498/870/518 505/871/518 506/880/518 499/879/518
f 505/871/518 512/872/518 513/881/518 506/880/518
f 512/872/518 519/873/518 520/882/518 513/881/518
f 519/873/518 470/874/518 469/883/518 520/882/518
f 453/876/518 478/875/518 479/884/518 454/885/518
f 478/875/518 485/877/518 486/886/518 479/884/518
f 485/877/518 492/878/518 493/887/518 486/886/518
f 492/878/518 499/879/518 500/888/518 493/887/518
f 499/879/518 506/880/518 507/889/518 500/888/518
f 506/880/518 513/881/518 514/890/518 507/889/518
f 513/881/518 520/882/518 521/891/518 514/890/518
f 520/882/518 469/883/518 468/892/518 521/891/518
f 454/885/518 479/884/518 480/893/518 455/894/518
f 479/884/518 486/886/518 487/895/518 480/893/518
f 486/886/518 493/887/518 494/896/518 487/895/518
f 493/887/518 500/888/518 501/897/518 494/896/518
f 500/888/518 507/889/518 508/898/518 501/897/518
f 507/889/518 514/890/518 515/899/518 508/898/518
f 514/890/518 521/891/518 522/900/518 515/899/518
f 521/891/518 468/892/518 467/901/518 522/900/518
f 455/894/518 480/893/518 481/902/518 456/903/518
f 480/893/518 487/895/518 488/904/518 481/902/518
f 487/895/518 494/896/518 495/905/518 488/904/518
f 494/896/518 501/897/518 502/906/518 495/905/518
f 501/897/518 508/898/518 509/907/518 502/906/518
f 508/898/518 515/899/518 516/908/518 509/907/518
f 515/899/518 522/900/518 523/909/518 516/908/518
f 522/900/518 467/901/518 466/910/518 523/909/518
f 456/903/518 481/902/518 458/911/518 457/912/518
f 481/902/518 488/904/518 459/913/518 458/911/518
f 488/904/518 495/905/518 460/914/518 459/913/518
f 495/905/518 502/906/518 461/915/518 460/914/518
f 502/906/518 509/907/518 462/916/518 461/915/518
f 509/907/518 516/908/518 463/917/518 462/916/518
f 516/908/518 523/909/518 464/918/518 463/917/518
f 523/909/518 466/910/518 465/919/518 464/918/518
f 527/813/473 524/812/472 525/761/418 526/791/444
f 529/816/479 527/813/473 526/791/444 528/772/427
f 531/820/485 529/816/479 528/772/427 530/771/426
f 533/823/491 531/820/485 530/771/426 532/779/434
f 535/827/497 533/826/491 532/784/434 534/783/438
f 537/829/501 535/827/497 534/783/438 536/789/442
f 539/831/505 537/829/501 536/789/442 538/795/448
f 541/834/509 539/831/505 538/795/448 540/801/452
f 543/836/513 541/834/509 540/801/452 542/736/395
f 545/838/517 543/836/513 542/736/395 544/735/394
f 547/805/460 545/838/517 544/735/394 546/741/400
f 549/806/461 547/805/460 546/741/400 548/745/404
f 551/809/465 549/808/461 548/750/404 550/749/408
f 553/811/469 551/809/465 550/749/408 552/755/412
f 555/815/477 553/811/469 552/755/412 554/759/416
f 557/819/483 555/815/477 554/759/416 556/769/424
f 559/822/489 557/819/483 556/769/424 558/777/432
f 561/825/495 559/822/489 558/777/432 560/781/436
f 563/828/499 561/825/495 560/781/436 562/787/440
f 565/830/503 563/828/499 562/787/440 564/793/446
f 567/833/507 565/832/503 564/798/446 566/797/450
f 569/835/511 567/833/507 566/797/450 568/732/391
f 571/837/515 569/835/511 568/732/391 570/731/390
f 573/803/456 571/837/515 570/731/390 572/739/398
f 575/804/457 573/803/456 572/739/398 574/743/402
f 577/807/463 575/804/457 574/743/402 576/747/406
f 579/810/467 577/807/463 576/747/406 578/753/410
f 581/814/475 579/810/467 578/753/410 580/757/414
f 583/818/481 581/817/475 580/766/414 582/765/422
f 585/821/487 583/818/481 582/765/422 584/775/430
f 587/824/493 585/821/487 584/775/430 586/762/419
f 524/812/472 587/824/493 586/762/419 525/761/418
f 526/791/444 525/761/418 443/764/421 444/792/445

g Cylinder

v 0.000000 1.000000 -1.000000
v 0.000000 1.000000 1.000000
v 0.195090 0.980785 -1.000000
v 0.195090 0.980785 1.000000
v 0.382683 0.923880 -1.000000
v 0.382683 0.923879 1.000000
v 0.555570 0.831470 -1.000000
v 0.555570 0.831470 1.000000
v 0.707107 0.707107 -1.000000
v 0.707107 0.707107 1.000000
v 0.831470 0.555570 -1.000000
v 0.831470 0.555570 1.000000
v 0.923880 0.382683 -1.000000
v 0.923880 0.382683 1.000000
v 0.980785 0.195090 -1.000000
v 0.980785 0.195090 1.000000
v 1.000000 0.000000 -1.000000
v 1.000000 0.000000 1.000000
v 0.980785 -0.195090 -1.000000
v 0.980785 -0.195090 1.000000
v 0.923880 -0.382683 -1.000000
v 0.923880 -0.382683 1.000000
v 0.831470 -0.555570 -1.000000
v 0.831470 -0.555570 1.000000
v 0.707107 -0.707107 -1.000000
v 0.707107 -0.707107 1.000000
v 0.555570 -0.831470 -1.000000
v 0.555570 -0.831470 1.000000
v 0.382683 -0.923880 -1.000000
v 0.382683 -0.923880 1.000000
v 0.195090 -0.980785 -1.000000
v 0.195090 -0.980785 1.000000
v 0.000000 -1.000000 -1.000000
v 0.000000 -1.000000 1.000000
v -0.195091 -0.980785 -1.000000
v -0.195091 -0.980785 1.000000
v -0.382684 -0.923879 -1.000000
v -0.382684 -0.923879 1.000000
v -0.555571 -0.831469 -1.000000
v -0.555571 -0.831469 1.000000
v -0.707107 -0.707106 -1.000000
v -0.707107 -0.707106 1.000000
v -0.831470 -0.555570 -1.000000
v -0.831470 -0.555570 1.000000
v -0.923880 -0.382683 -1.000000
v -0.923880 -0.382683 1.000000
v -0.980785 -0.195089 -1.000000
v -0.980785 -0.195090 1.000000
v -1.000000 0.000001 -1.000000
v -1.000000 0.000001 1.000000
v -0.980785 0.195091 -1.000000
v -0.980785 0.195091 1.000000
v -0.923879 0.382684 -1.000000
v -0.923879 0.382684 1.000000
v -0.831469 0.555571 -1.000000
v -0.831469 0.555571 1.000000
v -0.707106 0.707108 -1.000000
v -0.707106 0.707108 1.000000
v -0.555569 0.831470 -1.000000
v -0.555569 0.831470 1.000000
v -0.382682 0.923880 -1.000000
v -0.382682 0.923880 1.000000
v -0.195089 0.980786 -1.000000
v -0.195089 0.980785 1.000000
v 0.000000 1.000000 -0.777778
v 0.000000 1.000000 -0.555556
v 0.000000 1.000000 -0.333333
v 0.000000 1.000000 -0.111111
v 0.000000 1.000000 0.111111
v 0.000000 1.000000 0.333333
v 0.000000 1.000000 0.555556
v 0.000000 1.000000 0.777778
v 0.195090 0.980785 0.777778
v 0.195090 0.980785 0.555556
v 0.195090 0.980785 0.333333
v 0.195090 0.980785 0.111111
v 0.195090 0.980785 -0.111111
v 0.195090 0.980785 -0.333333
v 0.195090 0.980785 -0.555556
v 0.195090 0.980785 -0.777778
v 0.382683 0.923879 0.777778
v 0.382683 0.923880 0.555556
v 0.382683 0.923880 0.333333
v 0.382683 0.923880 0.111111
v 0.382683 0.923880 -0.111111
v 0.382683 0.923880 -0.333333
v 0.382683 0.923880 -0.555556
v 0.382683 0.923880 -0.777778
v 0.555570 0.831470 0.777778
v 0.555570 0.831470 0.555556
v 0.555570 0.831470 0.333333
v 0.555570 0.831470 0.111111
v 0.555570 0.831470 -0.111111
v 0.555570 0.831470 -0.333333
v 0.555570 0.831470 -0.555556
v 0.555570 0.831470 -0.777778
v 0.707107 0.707107 0.777778
v 0.707107 0.707107 0.555556
v 0.707107 0.707107 0.333333
v 0.707107 0.707107 0.111111
v 0.707107 0.707107 -0.111111
v 0.707107 0.707107 -0.333333
v 0.707107 0.707107 -0.555556
v 0.707107 0.707107 -0.777778
v 0.831470 0.555570 0.777778
v 0.831470 0.555570 0.555556
v 0.831470 0.555570 0.333333
v 0.831470 0.555570 0.111111
v 0.831470 0.555570 -0.111111
v 0.831470 0.555570 -0.333333
v 0.831470 0.555570 -0.555556
v 0.831470 0.555570 -0.777778
v 0.923880 0.382683 0.777778
v 0.923880 0.382683 0.555556
v 0.923880 0.382683 0.333333
v 0.923880 0.382683 0.111111
v 0.923880 0.382683 -0.111111
v 0.923880 0.382683 -0.333333
v 0.923880 0.382683 -0.555556
v 0.923880 0.382683 -0.777778
v 0.980785 0.195090 0.777778
v 0.980785 0.195090 0.555556
v 0.980785 0.195090 0.333333
v 0.980785 0.195090 0.111111
v 0.980785 0.195090 -0.111111
v 0.980785 0.195090 -0.333333
v 0.980785 0.195090 -0.555556
v 0.980785 0.195090 -0.777778
v 1.000000 0.000000 0.777778
v 1.000000 0.000000 0.555556
v 1.000000 0.000000 0.333333
v 1.000000 0.000000 0.111111
v 1.000000 0.000000 -0.111111
v 1.000000 0.000000 -0.333333
v 1.000000 0.000000 -0.555556
v 1.000000 0.000000 -0.777778
v 0.980785 -0.195090 0.777778
v 0.980785 -0.195090 0.555556
v 0.980785 -0.195090 0.333333
v 0.980785 -0.195090 0.111111
v 0.980785 -0.195090 -0.111111
v 0.980785 -0.195090 -0.333333
v 0.980785 -0.195090 -0.555556
v 0.980785 -0.195090 -0.777778
v 0.923880 -0.382683 0.777778
v 0.923880 -0.382683 0.555556
v 0.923880 -0.382683 0.333333
v 0.923880 -0.382683 0.111111
v 0.923880 -0.382683 -0.111111
v 0.923880 -0.382683 -0.333333
v 0.923880 -0.382683 -0.555556
v 0.923880 -0.382683 -0.777778
v 0.831470 -0.555570 0.777778
v 0.831470 -0.555570 0.555556
v 0.831470 -0.555570 0.333333
v 0.831470 -0.555570 0.111111
v 0.831470 -0.555570 -0.111111
v 0.831470 -0.555570 -0.333333
v 0.831470 -0.555570 -0.555556
v 0.831470 -0.555570 -0.777778
v 0.707107 -0.707107 0.777778
v 0.707107 -0.707107 0.555556
v 0.707107 -0.707107 0.333333
v 0.707107 -0.707107 0.111111
v 0.707107 -0.707107 -0.111111
v 0.707107 -0.707107 -0.333333
v 0.707107 -0.707107 -0.555556
v 0.707107 -0.707107 -0.777778
v 0.555570 -0.831470 0.777778
v 0.555570 -0.831470 0.555556
v 0.555570 -0.831470 0.333333
v 0.555570 -0.831470 0.111111
v 0.555570 -0.831470 -0.111111
v 0.555570 -0.831470 -0.333333
v 0.555570 -0.831470 -0.555556
v 0.555570 -0.831470 -0.777778
v 0.382683 -0.923880 0.777778
v 0.382683 -0.923880 0.555556
v 0.382683 -0.923880 0.333333
v 0.382683 -0.923880 0.111111
v 0.382683 -0.923880 -0.111111
v 0.382683 -0.923880 -0.333333
v 0.382683 -0.923880 -0.555556
v 0.382683 -0.923880 -0.777778
v 0.195090 -0.980785 0.777778
v 0.195090 -0.980785 0.555556
v 0.195090 -0.980785 0.333333
v 0.195090 -0.980785 0.111111
v 0.195090 -0.980785 -0.111111
v 0.195090 -0.980785 -0.333333
v 0.195090 -0.980785 -0.555556
v 0.195090 -0.980785 -0.777778
v 0.000000 -1.000000 0.777778
v 0.000000 -1.000000 0.555556
v 0.000000 -1.000000 0.333333
v 0.000000 -1.000000 0.111111
v 0.000000 -1.000000 -0.111111
v 0.000000 -1.000000 -0.333333
v 0.000000 -1.000000 -0.555556
v 0.000000 -1.000000 -0.777778
v -0.195091 -0.980785 0.777778
v -0.195091 -0.980785 0.555556
v -0.195091 -0.980785 0.333333
v -0.195091 -0.980785 0.111111
v -0.195091 -0.980785 -0.111111
v -0.195091 -0.980785 -0.333333
v -0.195091 -0.980785 -0.555556
v -0.195091 -0.980785 -0.777778
v -0.382684 -0.923879 0.777778
v -0.382684 -0.923879 0.555556
v -0.382684 -0.923879 0.333333
v -0.382684 -0.923879 0.111111
v -0.382684 -0.923879 -0.111111
v -0.382684 -0.923879 -0.333333
v -0.382684 -0.923879 -0.555556
v -0.382684 -0.923879 -0.777778
v -0.555571 -0.831469 0.777778
v -0.555571 -0.831469 0.555556
v -0.555571 -0.831469 0.333333
v -0.555571 -0.831469 0.111111
v -0.555571 -0.831469 -0.111111
v -0.555571 -0.831469 -0.333333
v -0.555571 -0.831469 -0.555556
v -0.555571 -0.831469 -0.777778
v -0.707107 -0.707106 0.777778
v -0.707107 -0.707106 0.555556
v -0.707107 -0.707106 0.333333
v -0.707107 -0.707106 0.111111
v -0.707107 -0.707106 -0.111111
v -0.707107 -0.707106 -0.333333
v -0.707107 -0.707106 -0.555556
v -0.707107 -0.707106 -0.777778
v -0.831470 -0.555570 0.777778
v -0.831470 -0.555570 0.555556
v -0.831470 -0.555570 0.333333
v -0.831470 -0.555570 0.111111
v -0.831470 -0.555570 -0.111111
v -0.831470 -0.555570 -0.333333
v -0.831470 -0.555570 -0.555556
v -0.831470 -0.555570 -0.777778
v -0.923880 -0.382683 0.777778
v -0.923880 -0.382683 0.555556
v -0.923880 -0.382683 0.333333
v -0.923880 -0.382683 0.111111
v -0.923880 -0.382683 -0.111111
v -0.923880 -0.382683 -0.333333
v -0.923880 -0.382683 -0.555556
v -0.923880 -0.382683 -0.777778
v -0.980785 -0.195089 0.777778
v -0.980785 -0.195089 0.555556
v -0.980785 -0.195089 0.333333
v -0.980785 -0.195089 0.111111
v -0.980785 -0.195089 -0.111111
v -0.980785 -0.195089 -0.333333
v -0.980785 -0.195089 -0.555556
v -0.980785 -0.195089 -0.777778
v -1.000000 0.000001 0.777778
v -1.000000 0.000001 0.555556
v -1.000000 0.000001 0.333333
v -1.000000 0.000001 0.111111
v -1.000000 0.000001 -0.111111
v -1.000000 0.000001 -0.333333
v -1.000000 0.000001 -0.555556
v -1.000000 0.000001 -0.777778
v -0.980785 0.195091 0.777778
v -0.980785 0.195091 0.555556
v -0.980785 0.195091 0.333333
v -0.980785 0.195091 0.111111
v -0.980785 0.195091 -0.111111
v -0.980785 0.195091 -0.333333
v -0.980785 0.195091 -0.555556
v -0.980785 0.195091 -0.777778
v -0.923879 0.382684 0.777778
v -0.923879 0.382684 0.555556
v -0.923879 0.382684 0.333333
v -0.923879 0.382684 0.111111
v -0.923879 0.382684 -0.111111
v -0.923879 0.382684 -0.333333
v -0.923879 0.382684 -0.555556
v -0.923879 0.382684 -0.777778
v -0.831469 0.555571 0.777778
v -0.831469 0.555571 0.555556
v -0.831469 0.555571 0.333333
v -0.831469 0.555571 0.111111
v -0.831469 0.555571 -0.111111
v -0.831469 0.555571 -0.333333
v -0.831469 0.555571 -0.555556
v -0.831469 0.555571 -0.777778
v -0.707106 0.707108 0.777778
v -0.707106 0.707108 0.555556
v -0.707106 0.707108 0.333333
v -0.707106 0.707108 0.111111
v -0.707106 0.707108 -0.111111
v -0.707106 0.707108 -0.333333
v -0.707106 0.707108 -0.555556
v -0.707106 0.707108 -0.777778
v -0.555569 0.831470 0.777778
v -0.555569 0.831470 0.555556
v -0.555569 0.831470 0.333333
v -0.555569 0.831470 0.111111
v -0.555569 0.831470 -0.111111
v -0.555569 0.831470 -0.333333
v -0.555569 0.831470 -0.555556
v -0.555569 0.831470 -0.777778
v -0.382682 0.923880 0.777778
v -0.382682 0.923880 0.555556
v -0.382682 0.923880 0.333333
v -0.382682 0.923880 0.111111
v -0.382682 0.923880 -0.111111
v -0.382682 0.923880 -0.333333
v -0.382682 0.923880 -0.555556
v -0.382682 0.923880 -0.777778
v -0.195089 0.980785 0.777778
v -0.195089 0.980786 0.555556
v -0.195089 0.980786 0.333333
v -0.195089 0.980786 0.111111
v -0.195089 0.980786 -0.111111
v -0.195089 0.980786 -0.333333
v -0.195089 0.980786 -0.555556
v -0.195089 0.980786 -0.777778
v 0.097545 0.990393 0.888889
v 0.288887 0.952332 0.888889
v 0.469127 0.877675 0.888889
v 0.631338 0.769288 0.888889
v 0.769288 0.631338 0.888889
v 0.877675 0.469127 0.888889
v 0.952332 0.288887 0.888889
v 0.990393 0.097545 0.888889
v 0.990393 -0.097545 0.888889
v 0.952332 -0.288887 0.888889
v 0.877675 -0.469127 0.888889
v 0.769288 -0.631339 0.888889
v 0.631338 -0.769288 0.888889
v 0.469127 -0.877675 0.888889
v 0.288887 -0.952332 0.888889
v 0.097545 -0.990393 0.888889
v -0.097546 -0.990393 0.888889
v -0.288887 -0.952332 0.888889
v -0.469127 -0.877674 0.888889
v -0.631339 -0.769288 0.888889
v -0.769289 -0.631338 0.888889
v -0.877675 -0.469126 0.888889
v -0.952333 -0.288886 0.888889
v -0.990393 -0.097544 0.888889
v -0.990393 0.097546 0.888889
v -0.952332 0.288888 0.888889
v -0.877674 0.469128 0.888889
v -0.769287 0.631339 0.888889
v -0.631338 0.769289 0.888889
v -0.469126 0.877675 0.888889
v -0.288885 0.952333 0.888889
v -0.097544 0.990393 0.888889
v -0.097544 0.990393 -0.888889
v -0.097544 0.990393 -0.666667
v -0.097544 0.990393 -0.444444
v -0.097544 0.990393 -0.222222
v -0.097544 0.990393 0.000000
v -0.097544 0.990393 0.222222
v -0.097544 0.990393 0.444444
v -0.097544 0.990393 0.666667
v -0.288885 0.952333 -0.888889
v -0.288885 0.952333 -0.666667
v -0.288885 0.952333 -0.444444
v -0.288885 0.952333 -0.222222
v -0.288885 0.952333 0.000000
v -0.288885 0.952333 0.222222
v -0.288885 0.952333 0.444444
v -0.288885 0.952333 0.666667
v -0.469126 0.877675 -0.888889
v -0.469126 0.877675 -0.666667
v -0.469126 0.877675 -0.444444
v -0.469126 0.877675 -0.222222
v -0.469126 0.877675 0.000000
v -0.469126 0.877675 0.222222
v -0.469126 0.877675 0.444445
v -0.469126 0.877675 0.666667
v -0.631338 0.769289 -0.888889
v -0.631338 0.769289 -0.666667
v -0.631338 0.769289 -0.444444
v -0.631338 0.769289 -0.222222
v -0.631338 0.769289 0.000000
v -0.631338 0.769289 0.222222
v -0.631338 0.769289 0.444445
v -0.631338 0.769289 0.666667
v -0.769287 0.631340 -0.888889
v -0.769287 0.631339 -0.666667
v -0.769287 0.631339 -0.444444
v -0.769287 0.631339 -0.222222
v -0.769287 0.631339 0.000000
v -0.769287 0.631339 0.222222
v -0.769287 0.631339 0.444444
v -0.769287 0.631339 0.666667
v -0.877674 0.469128 -0.888889
v -0.877674 0.469128 -0.666667
v -0.877674 0.469128 -0.444444
v -0.877674 0.469128 -0.222222
v -0.877674 0.469128 0.000000
v -0.877674 0.469128 0.222222
v -0.877674 0.469128 0.444445
v -0.877674 0.469128 0.666667
v -0.952332 0.288888 -0.888889
v -0.952332 0.288888 -0.666667
v -0.952332 0.288888 -0.444444
v -0.952332 0.288888 -0.222222
v -0.952332 0.288888 0.000000
v -0.952332 0.288888 0.222222
v -0.952332 0.288888 0.444444
v -0.952332 0.288888 0.666667
v -0.990393 0.097546 -0.888889
v -0.990393 0.097546 -0.666667
v -0.990393 0.097546 -0.444444
v -0.990393 0.097546 -0.222222
v -0.990393 0.097546 0.000000
v -0.990393 0.097546 0.222222
v -0.990393 0.097546 0.444444
v -0.990393 0.097546 0.666667
v -0.990393 -0.097544 -0.888889
v -0.990393 -0.097544 -0.666667
v -0.990393 -0.097544 -0.444444
v -0.990393 -0.097544 -0.222222
v -0.990393 -0.097544 0.000000
v -0.990393 -0.097544 0.222222
v -0.990393 -0.097544 0.444444
v -0.990393 -0.097544 0.666667
v -0.952333 -0.288886 -0.888889
v -0.952333 -0.288886 -0.666667
v -0.952333 -0.288886 -0.444444
v -0.952333 -0.288886 -0.222222
v -0.952333 -0.288886 0.000000
v -0.952333 -0.288886 0.222222
v -0.952333 -0.288886 0.444444
v -0.952333 -0.288886 0.666667
v -0.877675 -0.469126 -0.888889
v -0.877675 -0.469126 -0.666667
v -0.877675 -0.469126 -0.444445
v -0.877675 -0.469126 -0.222222
v -0.877675 -0.469126 0.000000
v -0.877675 -0.469126 0.222222
v -0.877675 -0.469126 0.444444
v -0.877675 -0.469126 0.666667
v -0.769289 -0.631338 -0.888889
v -0.769289 -0.631338 -0.666667
v -0.769289 -0.631338 -0.444445
v -0.769289 -0.631338 -0.222222
v -0.769289 -0.631338 0.000000
v -0.769289 -0.631338 0.222222
v -0.769289 -0.631338 0.444444
v -0.769289 -0.631338 0.666667
v -0.631339 -0.769288 -0.888889
v -0.631339 -0.769288 -0.666667
v -0.631339 -0.769288 -0.444445
v -0.631339 -0.769288 -0.222222
v -0.631339 -0.769288 0.000000
v -0.631339 -0.769288 0.222222
v -0.631339 -0.769288 0.444444
v -0.631339 -0.769288 0.666667
v -0.469127 -0.877674 -0.888889
v -0.469127 -0.877674 -0.666667
v -0.469127 -0.877674 -0.444445
v -0.469127 -0.877674 -0.222222
v -0.469127 -0.877674 0.000000
v -0.469127 -0.877674 0.222222
v -0.469127 -0.877674 0.444444
v -0.469127 -0.877674 0.666667
v -0.288887 -0.952332 -0.888889
v -0.288887 -0.952332 -0.666667
v -0.288887 -0.952332 -0.444445
v -0.288887 -0.952332 -0.222222
v -0.288887 -0.952332 0.000000
v -0.288887 -0.952332 0.222222
v -0.288887 -0.952332 0.444444
v -0.288887 -0.952332 0.666667
v -0.097546 -0.990393 -0.888889
v -0.097546 -0.990393 -0.666667
v -0.097546 -0.990393 -0.444445
v -0.097546 -0.990393 -0.222222
v -0.097546 -0.990393 0.000000
v -0.097546 -0.990393 0.222222
v -0.097546 -0.990393 0.444444
v -0.097546 -0.990393 0.666667
v 0.097545 -0.990393 -0.888889
v 0.097545 -0.990393 -0.666667
v 0.097545 -0.990393 -0.444445
v 0.097545 -0.990393 -0.222222
v 0.097545 -0.990393 0.000000
v 0.097545 -0.990393 0.222222
v 0.097545 -0.990393 0.444444
v 0.097545 -0.990393 0.666667
v 0.288887 -0.952332 -0.888889
v 0.288887 -0.952332 -0.666667
v 0.288887 -0.952332 -0.444445
v 0.288887 -0.952332 -0.222222
v 0.288887 -0.952332 0.000000
v 0.288887 -0.952332 0.222222
v 0.288887 -0.952332 0.444444
v 0.288887 -0.952332 0.666667
v 0.469127 -0.877675 -0.888889
v 0.469127 -0.877675 -0.666667
v 0.469127 -0.877675 -0.444445
v 0.469127 -0.877675 -0.222222
v 0.469127 -0.877675 0.000000
v 0.469127 -0.877675 0.222222
v 0.469127 -0.877675 0.444444
v 0.469127 -0.877675 0.666667
v 0.631338 -0.769288 -0.888889
v 0.631338 -0.769288 -0.666667
v 0.631338 -0.769288 -0.444445
v 0.631338 -0.769288 -0.222222
v 0.631338 -0.769288 0.000000
v 0.631338 -0.769288 0.222222
v 0.631338 -0.769288 0.444444
v 0.631338 -0.769288 0.666667
v 0.769288 -0.631338 -0.888889
v 0.769288 -0.631338 -0.666667
v 0.769288 -0.631338 -0.444445
v 0.769288 -0.631338 -0.222222
v 0.769288 -0.631338 0.000000
v 0.769288 -0.631338 0.222222
v 0.769288 -0.631338 0.444444
v 0.769288 -0.631338 0.666667
v 0.877675 -0.469127 -0.888889
v 0.877675 -0.469127 -0.666667
v 0.877675 -0.469127 -0.444445
v 0.877675 -0.469127 -0.222222
v 0.877675 -0.469127 0.000000
v 0.877675 -0.469127 0.222222
v 0.877675 -0.469127 0.444444
v 0.877675 -0.469127 0.666667
v 0.952332 -0.288887 -0.888889
v 0.952332 -0.288887 -0.666667
v 0.952332 -0.288887 -0.444444
v 0.952332 -0.288887 -0.222222
v 0.952332 -0.288887 0.000000
v 0.952332 -0.288887 0.222222
v 0.952332 -0.288887 0.444444
v 0.952332 -0.288887 0.666667
v 0.990393 -0.097545 -0.888889
v 0.990393 -0.097545 -0.666667
v 0.990393 -0.097545 -0.444444
v 0.990393 -0.097545 -0.222222
v 0.990393 -0.097545 0.000000
v 0.990393 -0.097545 0.222222
v 0.990393 -0.097545 0.444444
v 0.990393 -0.097545 0.666667
v 0.990393 0.097545 -0.888889
v 0.990393 0.097545 -0.666667
v 0.990393 0.097545 -0.444444
v 0.990393 0.097545 -0.222222
v 0.990393 0.097545 0.000000
v 0.990393 0.097545 0.222222
v 0.990393 0.097545 0.444444
v 0.990393 0.097545 0.666667
v 0.952332 0.288887 -0.888889
v 0.952332 0.288887 -0.666667
v 0.952332 0.288887 -0.444444
v 0.952332 0.288887 -0.222222
v 0.952332 0.288887 0.000000
v 0.952332 0.288887 0.222222
v 0.952332 0.288887 0.444444
v 0.952332 0.288887 0.666667
v 0.877675 0.469127 -0.888889
v 0.877675 0.469127 -0.666667
v 0.877675 0.469127 -0.444444
v 0.877675 0.469127 -0.222222
v 0.877675 0.469127 0.000000
v 0.877675 0.469127 0.222222
v 0.877675 0.469127 0.444445
v 0.877675 0.469127 0.666667
v 0.769288 0.631339 -0.888889
v 0.769288 0.631338 -0.666667
v 0.769288 0.631338 -0.444444
v 0.769288 0.631338 -0.222222
v 0.769288 0.631338 0.000000
v 0.769288 0.631338 0.222222
v 0.769288 0.631338 0.444444
v 0.769288 0.631338 0.666667
v 0.631338 0.769288 -0.888889
v 0.631338 0.769288 -0.666667
v 0.631339 0.769288 -0.444444
v 0.631338 0.769288 -0.222222
v 0.631339 0.769288 0.000000
v 0.631339 0.769288 0.222222
v 0.631339 0.769288 0.444444
v 0.631338 0.769288 0.666667
v 0.469127 0.877675 -0.888889
v 0.469127 0.877675 -0.666667
v 0.469127 0.877675 -0.444444
v 0.469127 0.877675 -0.222222
v 0.469127 0.877675 0.000000
v 0.469127 0.877675 0.222222
v 0.469127 0.877675 0.444444
v 0.469127 0.877675 0.666667
v 0.288887 0.952332 -0.888889
v 0.288887 0.952332 -0.666667
v 0.288887 0.952332 -0.444444
v 0.288887 0.952332 -0.222222
v 0.288887 0.952332 0.000000
v 0.288887 0.952332 0.222222
v 0.288887 0.952332 0.444444
v 0.288887 0.952332 0.666667
v 0.097545 0.990393 -0.888889
v 0.097545 0.990393 -0.666667
v 0.097545 0.990393 -0.444444
v 0.097545 0.990393 -0.222222
v 0.097545 0.990393 0.000000
v 0.097545 0.990393 0.222222
v 0.097545 0.990393 0.444444
v 0.097545 0.990393 0.666667
v 0.000000 1.038392 -0.858693
v 0.026509 1.035781 -0.888889
v 0.000000 1.038392 -0.919084
v -0.026508 1.035781 -0.888889
v 0.000000 1.038392 0.696862
v 0.026509 1.035781 0.666667
v 0.000000 1.038392 0.636471
v -0.026508 1.035781 0.666667
v -0.202579 1.018439 0.636471
v -0.228069 1.010707 0.666667
v -0.202579 1.018439 0.696862
v -0.176070 1.021050 0.666667
v -0.202579 1.018439 -0.696862
v -0.228069 1.010707 -0.666667
v -0.202579 1.018439 -0.636471
v -0.176070 1.021050 -0.666667
v -0.202579 1.018439 0.919084
v -0.176070 1.021050 0.888889
v -0.202579 1.018439 0.858694
v -0.228069 1.010707 0.888889
v -0.202579 1.018440 0.414249
v -0.228069 1.010707 0.444444
v -0.202579 1.018440 0.474640
v -0.176070 1.021050 0.444444
v 0.000000 1.038391 -0.192027
v 0.026509 1.035781 -0.222222
v 0.000000 1.038391 -0.252418
v -0.026508 1.035781 -0.222222
v -0.202579 1.018440 -0.474640
v -0.228069 1.010707 -0.444444
v -0.202579 1.018440 -0.414249
v -0.176070 1.021050 -0.444444
v -0.202579 1.018439 -0.252418
v -0.228069 1.010707 -0.222222
v -0.202579 1.018439 -0.192027
v -0.176070 1.021050 -0.222222
v 0.397375 -0.959349 0.192027
v 0.420867 -0.946792 0.222222
v 0.397375 -0.959349 0.252418
v 0.371885 -0.967081 0.222222
v 0.576899 0.863391 0.636471
v 0.553408 0.875948 0.666667
v 0.576899 0.863391 0.696862
v 0.597490 0.846493 0.666667
v -1.018439 -0.202579 -0.919084
v -1.010707 -0.228069 -0.888889
v -1.018439 -0.202579 -0.858694
v -1.021050 -0.176071 -0.888889
v -0.397374 0.959349 -0.919084
v -0.420866 0.946793 -0.888889
v -0.397374 0.959349 -0.858693
v -0.371884 0.967082 -0.888889
v 0.734254 -0.734254 0.192027
v 0.751152 -0.713663 0.222222
v 0.734254 -0.734254 0.252418
v 0.713663 -0.751152 0.222222
v -0.734254 -0.734253 -0.030195
v -0.713664 -0.751152 0.000000
v -0.734254 -0.734253 0.030195
v -0.751152 -0.713663 0.000000
v 0.734254 0.734254 -0.030195
v 0.713663 0.751152 0.000000
v 0.734254 0.734254 0.030195
v 0.751152 0.713663 0.000000
v -0.397374 0.959349 -0.696862
v -0.420866 0.946793 -0.666667
v -0.397374 0.959349 -0.636471
v -0.371884 0.967082 -0.666667
v -1.018439 0.202581 0.192027
v -1.021050 0.176072 0.222222
v -1.018439 0.202581 0.252418
v -1.010707 0.228071 0.222222
v 0.000000 -1.038392 0.414249
v 0.026508 -1.035781 0.444444
v 0.000000 -1.038392 0.474640
v -0.026509 -1.035781 0.444444
v -0.576898 0.863392 0.414249
v -0.597489 0.846494 0.444445
v -0.576898 0.863392 0.474640
v -0.553407 0.875948 0.444445
v -1.038392 0.000001 -0.252418
v -1.035781 -0.026508 -0.222222
v -1.038392 0.000001 -0.192027
v -1.035781 0.026510 -0.222222
v -0.863392 -0.576899 0.414249
v -0.846493 -0.597489 0.444444
v -0.863392 -0.576899 0.474640
v -0.875948 -0.553407 0.444444
v -0.959349 -0.397374 -0.919084
v -0.946792 -0.420866 -0.888889
v -0.959349 -0.397374 -0.858694
v -0.967081 -0.371884 -0.888889
v 0.397375 0.959349 -0.919084
v 0.371885 0.967081 -0.888889
v 0.397375 0.959349 -0.858693
v 0.420867 0.946792 -0.888889
v -0.576898 0.863392 -0.696862
v -0.597489 0.846494 -0.666667
v -0.576898 0.863392 -0.636471
v -0.553407 0.875948 -0.666667
v 0.863391 -0.576899 0.919084
v 0.846493 -0.597490 0.888889
v 0.863391 -0.576899 0.858694
v 0.875948 -0.553408 0.888889
v 0.863391 0.576899 -0.474640
v 0.846493 0.597490 -0.444444
v 0.863391 0.576899 -0.414249
v 0.875948 0.553408 -0.444444
v -0.734253 0.734255 0.192027
v -0.751151 0.713664 0.222222
v -0.734253 0.734255 0.252418
v -0.713662 0.751153 0.222222
v 0.959349 -0.397375 -0.919084
v 0.967081 -0.371885 -0.888889
v 0.959349 -0.397375 -0.858694
v 0.946792 -0.420867 -0.888889
v -0.734253 0.734255 0.414249
v -0.751151 0.713664 0.444445
v -0.734253 0.734255 0.474640
v -0.713662 0.751153 0.444445
v 0.202580 1.018439 -0.474640
v 0.176071 1.021050 -0.444444
v 0.202580 1.018439 -0.414249
v 0.228070 1.010707 -0.444444
v -0.734253 0.734255 -0.474640
v -0.751151 0.713664 -0.444444
v -0.734253 0.734255 -0.414249
v -0.713662 0.751153 -0.444444
v 0.734254 -0.734254 -0.696862
v 0.751152 -0.713663 -0.666667
v 0.734254 -0.734254 -0.636471
v 0.713663 -0.751152 -0.666667
v -0.202581 -1.018439 -0.030195
v -0.176072 -1.021050 0.000000
v -0.202581 -1.018439 0.030195
v -0.228071 -1.010707 0.000000
v -1.018439 -0.202579 0.636471
v -1.010707 -0.228069 0.666667
v -1.018439 -0.202579 0.696862
v -1.021050 -0.176071 0.666667
v -0.863390 0.576901 0.414249
v -0.875947 0.553409 0.444444
v -0.863390 0.576901 0.474640
v -0.846492 0.597491 0.444444
v 0.000000 -1.038392 -0.919084
v 0.026508 -1.035781 -0.888889
v 0.000000 -1.038392 -0.858694
v -0.026509 -1.035781 -0.888889
v 1.018439 -0.202580 -0.919084
v 1.021050 -0.176071 -0.888889
v 1.018439 -0.202580 -0.858694
v 1.010707 -0.228070 -0.888889
v -0.863390 0.576901 -0.030195
v -0.875947 0.553409 0.000000
v -0.863390 0.576901 0.030195
v -0.846492 0.597491 0.000000
v -0.863390 0.576901 0.192027
v -0.875947 0.553409 0.222222
v -0.863390 0.576901 0.252418
v -0.846492 0.597491 0.222222
v -0.397376 -0.959349 0.414249
v -0.371886 -0.967081 0.444444
v -0.397376 -0.959349 0.474640
v -0.420867 -0.946792 0.444444
v -1.018439 0.202581 -0.919084
v -1.021050 0.176073 -0.888889
v -1.018439 0.202581 -0.858694
v -1.010707 0.228071 -0.888889
v -0.959348 0.397376 0.636471
v -0.967081 0.371886 0.666667
v -0.959348 0.397376 0.696862
v -0.946792 0.420868 0.666667
v -1.018439 0.202581 -0.252418
v -1.021050 0.176073 -0.222222
v -1.018439 0.202581 -0.192027
v -1.010707 0.228071 -0.222222
v -0.959348 0.397376 0.919084
v -0.946792 0.420868 0.888889
v -0.959348 0.397376 0.858694
v -0.967081 0.371886 0.888889
v -0.959348 0.397376 0.414249
v -0.967081 0.371886 0.444445
v -0.959348 0.397376 0.474640
v -0.946792 0.420868 0.444445
v -0.959348 0.397376 -0.030195
v -0.967081 0.371886 0.000000
v -0.959348 0.397376 0.030195
v -0.946792 0.420868 0.000000
v -0.959348 0.397376 -0.474640
v -0.967081 0.371886 -0.444444
v -0.959348 0.397376 -0.414249
v -0.946792 0.420868 -0.444444
v -0.959348 0.397376 -0.252418
v -0.967081 0.371886 -0.222222
v -0.959348 0.397376 -0.192027
v -0.946792 0.420868 -0.222222
v -1.018439 0.202581 0.919084
v -1.010707 0.228071 0.888889
v -1.018439 0.202581 0.858694
v -1.021050 0.176072 0.888889
v -1.018439 0.202581 0.636471
v -1.021050 0.176072 0.666667
v -1.018439 0.202581 0.696862
v -1.010707 0.228071 0.666667
v -0.397376 -0.959348 -0.919084
v -0.371886 -0.967081 -0.888889
v -0.397376 -0.959348 -0.858694
v -0.420867 -0.946792 -0.888889
v 0.202580 -1.018439 -0.474640
v 0.228070 -1.010707 -0.444445
v 0.202580 -1.018439 -0.414249
v 0.176071 -1.021050 -0.444445
v 0.397375 0.959349 0.192027
v 0.371885 0.967081 0.222222
v 0.397375 0.959349 0.252418
v 0.420867 0.946792 0.222222
v -0.863390 0.576901 -0.696862
v -0.875947 0.553409 -0.666667
v -0.863390 0.576901 -0.636471
v -0.846492 0.597491 -0.666667
v -1.018439 -0.202579 -0.696862
v -1.010707 -0.228069 -0.666667
v -1.018439 -0.202579 -0.636471
v -1.021050 -0.176071 -0.666667
v -0.959348 0.397376 0.192027
v -0.967081 0.371886 0.222222
v -0.959348 0.397376 0.252418
v -0.946792 0.420868 0.222222
v -1.018439 -0.202579 -0.252418
v -1.010707 -0.228069 -0.222222
v -1.018439 -0.202579 -0.192027
v -1.021050 -0.176071 -0.222222
v 0.000000 -1.038392 0.636471
v 0.026508 -1.035781 0.666667
v 0.000000 -1.038392 0.696862
v -0.026509 -1.035781 0.666667
v -0.576900 -0.863391 0.919084
v -0.597491 -0.846492 0.888889
v -0.576900 -0.863391 0.858693
v -0.553408 -0.875947 0.888889
v -0.397376 -0.959349 -0.474640
v -0.371886 -0.967081 -0.444445
v -0.397376 -0.959349 -0.414249
v -0.420867 -0.946792 -0.444445
v -0.863391 -0.576899 -0.696862
v -0.846493 -0.597490 -0.666667
v -0.863391 -0.576899 -0.636471
v -0.875948 -0.553407 -0.666667
v -0.863392 -0.576899 0.919084
v -0.875948 -0.553407 0.888889
v -0.863392 -0.576899 0.858694
v -0.846493 -0.597490 0.888889
v -1.038392 0.000001 -0.474640
v -1.035781 -0.026508 -0.444444
v -1.038392 0.000001 -0.414249
v -1.035781 0.026510 -0.444444
v -0.734254 -0.734253 0.636471
v -0.713664 -0.751152 0.666667
v -0.734254 -0.734253 0.696862
v -0.751152 -0.713663 0.666667
v 0.576899 -0.863391 -0.474640
v 0.597490 -0.846493 -0.444445
v 0.576899 -0.863391 -0.414249
v 0.553408 -0.875948 -0.444445
v -0.576898 0.863392 -0.919084
v -0.597489 0.846494 -0.888889
v -0.576898 0.863392 -0.858693
v -0.553407 0.875948 -0.888889
v 0.734254 -0.734254 -0.030195
v 0.751152 -0.713663 0.000000
v 0.734254 -0.734254 0.030195
v 0.713663 -0.751152 0.000000
v 0.202580 -1.018439 0.192027
v 0.228070 -1.010707 0.222222
v 0.202580 -1.018439 0.252418
v 0.176071 -1.021050 0.222222
v 0.959349 0.397375 -0.696862
v 0.946792 0.420867 -0.666667
v 0.959349 0.397375 -0.636471
v 0.967081 0.371885 -0.666667
v -0.397374 0.959349 0.414249
v -0.420866 0.946793 0.444444
v -0.397374 0.959349 0.474640
v -0.371884 0.967082 0.444444
v -0.202581 -1.018439 0.192027
v -0.176072 -1.021050 0.222222
v -0.202581 -1.018439 0.252418
v -0.228071 -1.010707 0.222222
v -1.018439 -0.202579 0.919084
v -1.021050 -0.176071 0.888889
v -1.018439 -0.202579 0.858694
v -1.010707 -0.228069 0.888889
v 0.000000 -1.038392 -0.030195
v 0.026508 -1.035781 0.000000
v 0.000000 -1.038392 0.030195
v -0.026509 -1.035781 0.000000
v -0.863392 -0.576899 -0.474640
v -0.846493 -0.597489 -0.444445
v -0.863392 -0.576899 -0.414249
v -0.875948 -0.553407 -0.444445
v 0.863391 0.576899 -0.030195
v 0.846493 0.597490 0.000000
v 0.863391 0.576899 0.030195
v 0.875948 0.553408 0.000000
v 0.576899 0.863391 -0.474640
v 0.553408 0.875948 -0.444444
v 0.576899 0.863391 -0.414249
v 0.597490 0.846493 -0.444444
v -0.959349 -0.397375 0.414249
v -0.946792 -0.420866 0.444444
v -0.959349 -0.397375 0.474640
v -0.967081 -0.371885 0.444444
v 0.959349 0.397375 -0.030195
v 0.946792 0.420867 0.000000
v 0.959349 0.397375 0.030195
v 0.967081 0.371885 0.000000
v -0.959349 -0.397375 0.192027
v -0.946792 -0.420866 0.222222
v -0.959349 -0.397375 0.252418
v -0.967081 -0.371885 0.222222
v -0.959349 -0.397375 -0.252418
v -0.946792 -0.420866 -0.222222
v -0.959349 -0.397375 -0.192027
v -0.967081 -0.371885 -0.222222
v -1.038392 0.000001 -0.030195
v -1.035781 -0.026508 0.000000
v -1.038392 0.000001 0.030195
v -1.035781 0.026510 0.000000
v -0.863391 -0.576899 0.636471
v -0.846493 -0.597490 0.666667
v -0.863391 -0.576899 0.696862
v -0.875948 -0.553407 0.666667
v -0.959349 -0.397375 0.636471
v -0.946792 -0.420866 0.666667
v -0.959349 -0.397375 0.696862
v -0.967081 -0.371885 0.666667
v 0.202580 1.018439 -0.252418
v 0.176071 1.021050 -0.222222
v 0.202580 1.018439 -0.192027
v 0.228070 1.010707 -0.222222
v 0.397375 0.959349 -0.030195
v 0.371885 0.967081 0.000000
v 0.397375 0.959349 0.030195
v 0.420867 0.946792 0.000000
v 0.202580 1.018439 0.919084
v 0.228070 1.010707 0.888889
v 0.202580 1.018439 0.858694
v 0.176071 1.021050 0.888889
v -0.734254 -0.734253 -0.252418
v -0.713664 -0.751152 -0.222222
v -0.734254 -0.734253 -0.192027
v -0.751152 -0.713663 -0.222222
v -0.734253 0.734255 -0.919084
v -0.751151 0.713664 -0.888889
v -0.734253 0.734255 -0.858693
v -0.713662 0.751153 -0.888889
v -0.734254 -0.734253 0.919084
v -0.751153 -0.713663 0.888889
v -0.734254 -0.734253 0.858693
v -0.713664 -0.751152 0.888889
v -1.038392 0.000001 -0.696862
v -1.035781 -0.026508 -0.666667
v -1.038392 0.000001 -0.636471
v -1.035781 0.026510 -0.666667
v -1.038391 0.000001 0.919084
v -1.035781 0.026510 0.888889
v -1.038391 0.000001 0.858694
v -1.035781 -0.026508 0.888889
v 0.397375 0.959349 0.636471
v 0.371885 0.967081 0.666667
v 0.397375 0.959349 0.696862
v 0.420867 0.946792 0.666667
v 0.734254 0.734254 0.414249
v 0.713663 0.751152 0.444444
v 0.734254 0.734254 0.474640
v 0.751152 0.713663 0.444444
v -0.397374 0.959349 -0.474640
v -0.420866 0.946793 -0.444444
v -0.397374 0.959349 -0.414249
v -0.371884 0.967082 -0.444444
v 0.576899 -0.863391 0.192027
v 0.597490 -0.846493 0.222222
v 0.576899 -0.863391 0.252418
v 0.553408 -0.875948 0.222222
v -0.863390 0.576901 -0.919084
v -0.875947 0.553409 -0.888889
v -0.863390 0.576901 -0.858694
v -0.846492 0.597491 -0.888889
v 0.863391 0.576900 -0.919084
v 0.846493 0.597490 -0.888889
v 0.863391 0.576900 -0.858694
v 0.875948 0.553408 -0.888889
v 0.863391 -0.576899 0.414249
v 0.875948 -0.553408 0.444444
v 0.863391 -0.576899 0.474640
v 0.846493 -0.597490 0.444444
v -0.576900 -0.863391 0.192027
v -0.553408 -0.875947 0.222222
v -0.576900 -0.863391 0.252418
v -0.597491 -0.846493 0.222222
v 0.202580 -1.018439 -0.252418
v 0.228070 -1.010707 -0.222222
v 0.202580 -1.018439 -0.192027
v 0.176071 -1.021050 -0.222222
v 0.576899 -0.863391 -0.696862
v 0.597490 -0.846493 -0.666667
v 0.576899 -0.863391 -0.636471
v 0.553408 -0.875948 -0.666667
v -1.018439 0.202581 -0.474640
v -1.021050 0.176073 -0.444444
v -1.018439 0.202581 -0.414249
v -1.010707 0.228071 -0.444444
v 0.734254 0.734254 0.192027
v 0.713663 0.751152 0.222222
v 0.734254 0.734254 0.252418
v 0.751152 0.713663 0.222222
v -0.576900 -0.863391 -0.696862
v -0.553408 -0.875947 -0.666667
v -0.576900 -0.863391 -0.636471
v -0.597491 -0.846492 -0.666667
v -0.397376 -0.959349 -0.252418
v -0.371886 -0.967081 -0.222222
v -0.397376 -0.959349 -0.192027
v -0.420867 -0.946792 -0.222222
v -1.038392 0.000001 0.636471
v -1.035781 -0.026508 0.666667
v -1.038392 0.000001 0.696862
v -1.035781 0.026510 0.666667
v -1.018439 -0.202579 0.414249
v -1.010707 -0.228069 0.444444
v -1.018439 -0.202579 0.474640
v -1.021050 -0.176071 0.444444
v 0.576899 -0.863391 -0.030195
v 0.597490 -0.846493 0.000000
v 0.576899 -0.863391 0.030195
v 0.553408 -0.875948 0.000000
v 0.397375 0.959349 -0.474640
v 0.371885 0.967081 -0.444444
v 0.397375 0.959349 -0.414249
v 0.420867 0.946792 -0.444444
v -0.863392 -0.576899 -0.030195
v -0.846493 -0.597489 0.000000
v -0.863392 -0.576899 0.030195
v -0.875948 -0.553407 0.000000
v -0.576898 0.863392 0.919084
v -0.553407 0.875948 0.888889
v -0.576898 0.863392 0.858694
v -0.597489 0.846493 0.888889
v -0.397376 -0.959348 -0.696862
v -0.371886 -0.967081 -0.666667
v -0.397376 -0.959349 -0.636471
v -0.420867 -0.946792 -0.666667
v -0.202581 -1.018439 0.636471
v -0.176072 -1.021050 0.666667
v -0.202581 -1.018439 0.696862
v -0.228071 -1.010707 0.666667
v 0.202580 -1.018439 -0.030195
v 0.228070 -1.010707 0.000000
v 0.202580 -1.018439 0.030195
v 0.176071 -1.021050 0.000000
v -1.018439 -0.202579 -0.030195
v -1.010707 -0.228069 0.000000
v -1.018439 -0.202579 0.030195
v -1.021050 -0.176071 0.000000
v -0.202581 -1.018439 -0.696862
v -0.176072 -1.021050 -0.666667
v -0.202581 -1.018439 -0.636471
v -0.228071 -1.010707 -0.666667
v -0.734254 -0.734253 -0.696862
v -0.713664 -0.751152 -0.666667
v -0.734254 -0.734253 -0.636471
v -0.751152 -0.713663 -0.666667
v -0.202581 -1.018439 0.414249
v -0.176072 -1.021050 0.444444
v -0.202581 -1.018439 0.474640
v -0.228071 -1.010707 0.444444
v -0.863390 0.576900 0.919084
v -0.846492 0.597491 0.888889
v -0.863390 0.576900 0.858694
v -0.875947 0.553409 0.888889
v -0.576898 0.863392 0.636471
v -0.597489 0.846494 0.666667
v -0.576898 0.863392 0.696862
v -0.553407 0.875948 0.666667
v 0.959349 0.397375 0.636471
v 0.946792 0.420867 0.666667
v 0.959349 0.397375 0.696862
v 0.967081 0.371885 0.666667
v -0.734254 -0.734253 -0.919084
v -0.713664 -0.751152 -0.888889
v -0.734254 -0.734253 -0.858694
v -0.751152 -0.713663 -0.888889
v -0.202581 -1.018439 0.919084
v -0.228071 -1.010707 0.888889
v -0.202581 -1.018439 0.858693
v -0.176072 -1.021050 0.888889
v -0.397376 -0.959349 0.192027
v -0.371886 -0.967081 0.222222
v -0.397376 -0.959349 0.252418
v -0.420867 -0.946792 0.222222
v -0.576898 0.863392 -0.030195
v -0.597489 0.846494 0.000000
v -0.576898 0.863392 0.030195
v -0.553407 0.875948 0.000000
v 0.000000 -1.038392 -0.474640
v 0.026508 -1.035781 -0.444445
v 0.000000 -1.038392 -0.414249
v -0.026509 -1.035781 -0.444445
v 0.000000 -1.038392 0.192027
v 0.026508 -1.035781 0.222222
v 0.000000 -1.038392 0.252418
v -0.026509 -1.035781 0.222222
v 0.000000 -1.038392 -0.696862
v 0.026508 -1.035781 -0.666667
v 0.000000 -1.038392 -0.636471
v -0.026509 -1.035781 -0.666667
v 0.202580 -1.018439 0.919084
v 0.176071 -1.021050 0.888889
v 0.202580 -1.018439 0.858693
v 0.228070 -1.010707 0.888889
v 0.397375 0.959349 -0.252418
v 0.371885 0.967081 -0.222222
v 0.397375 0.959349 -0.192027
v 0.420867 0.946792 -0.222222
v -0.734254 -0.734253 0.192027
v -0.713664 -0.751152 0.222222
v -0.734254 -0.734253 0.252418
v -0.751152 -0.713663 0.222222
v -1.038392 0.000001 0.192027
v -1.035781 -0.026508 0.222222
v -1.038392 0.000001 0.252418
v -1.035781 0.026510 0.222222
v -0.202581 -1.018439 -0.919084
v -0.176072 -1.021050 -0.888889
v -0.202581 -1.018439 -0.858694
v -0.228071 -1.010707 -0.888889
v 0.202580 -1.018439 0.414249
v 0.228070 -1.010707 0.444444
v 0.202580 -1.018439 0.474640
v 0.176071 -1.021050 0.444444
v -0.576900 -0.863391 -0.474640
v -0.553408 -0.875947 -0.444445
v -0.576900 -0.863391 -0.414249
v -0.597491 -0.846493 -0.444445
v 0.397375 0.959349 0.919084
v 0.420867 0.946792 0.888889
v 0.397375 0.959349 0.858694
v 0.371885 0.967081 0.888889
v 0.863391 0.576899 0.919084
v 0.875948 0.553408 0.888889
v 0.863391 0.576899 0.858694
v 0.846493 0.597490 0.888889
v 0.863391 0.576899 -0.252418
v 0.846493 0.597490 -0.222222
v 0.863391 0.576899 -0.192027
v 0.875948 0.553408 -0.222222
v -0.397374 0.959349 0.636471
v -0.420866 0.946793 0.666667
v -0.397374 0.959349 0.696862
v -0.371884 0.967082 0.666667
v 0.576899 -0.863391 -0.252418
v 0.597490 -0.846493 -0.222222
v 0.576899 -0.863391 -0.192027
v 0.553408 -0.875948 -0.222222
v 0.576899 0.863391 -0.252418
v 0.553408 0.875948 -0.222222
v 0.576899 0.863391 -0.192027
v 0.597490 0.846493 -0.222222
v 0.397375 -0.959349 -0.474640
v 0.420867 -0.946792 -0.444445
v 0.397375 -0.959349 -0.414249
v 0.371885 -0.967081 -0.444445
v -0.734253 0.734255 -0.030195
v -0.751151 0.713664 0.000000
v -0.734253 0.734255 0.030195
v -0.713662 0.751153 0.000000
v 0.863391 -0.576899 0.192027
v 0.875948 -0.553408 0.222222
v 0.863391 -0.576899 0.252418
v 0.846493 -0.597490 0.222222
v 0.576899 -0.863391 0.919084
v 0.553408 -0.875948 0.888889
v 0.576899 -0.863391 0.858693
v 0.597490 -0.846493 0.888889
v 0.576899 -0.863391 0.636471
v 0.597490 -0.846493 0.666667
v 0.576899 -0.863391 0.696862
v 0.553408 -0.875948 0.666667
v -0.397374 0.959349 -0.030195
v -0.420866 0.946793 0.000000
v -0.397374 0.959349 0.030195
v -0.371884 0.967082 0.000000
v -1.038392 0.000001 0.414249
v -1.035781 -0.026508 0.444444
v -1.038392 0.000001 0.474640
v -1.035781 0.026510 0.444444
v -0.397376 -0.959349 0.919084
v -0.420867 -0.946792 0.888889
v -0.397376 -0.959349 0.858693
v -0.371886 -0.967081 0.888889
v 0.734254 -0.734254 -0.474640
v 0.751152 -0.713663 -0.444445
v 0.734254 -0.734254 -0.414249
v 0.713663 -0.751152 -0.444445
v 0.734254 -0.734254 0.414249
v 0.751152 -0.713663 0.444444
v 0.734254 -0.734254 0.474640
v 0.713663 -0.751152 0.444444
v 0.202580 1.018439 0.636471
v 0.176071 1.021050 0.666667
v 0.202580 1.018439 0.696862
v 0.228070 1.010707 0.666667
v 0.734254 -0.734254 -0.252418
v 0.751152 -0.713663 -0.222222
v 0.734254 -0.734254 -0.192027
v 0.713663 -0.751152 -0.222222
v 0.734254 -0.734254 -0.919084
v 0.751152 -0.713663 -0.888889
v 0.734254 -0.734254 -0.858694
v 0.713663 -0.751152 -0.888889
v -0.734254 -0.734253 -0.474640
v -0.713664 -0.751152 -0.444445
v -0.734254 -0.734253 -0.414249
v -0.751152 -0.713663 -0.444445
v 0.734254 -0.734254 0.636471
v 0.751152 -0.713663 0.666667
v 0.734254 -0.734254 0.696862
v 0.713663 -0.751152 0.666667
v -0.397374 0.959349 0.192027
v -0.420866 0.946793 0.222222
v -0.397374 0.959349 0.252418
v -0.371884 0.967082 0.222222
v -1.018439 -0.202579 0.192027
v -1.010707 -0.228069 0.222222
v -1.018439 -0.202579 0.252418
v -1.021050 -0.176071 0.222222
v -0.734254 -0.734253 0.414249
v -0.713664 -0.751152 0.444444
v -0.734254 -0.734253 0.474640
v -0.751152 -0.713663 0.444444
v -0.734253 0.734255 -0.696862
v -0.751151 0.713664 -0.666667
v -0.734253 0.734255 -0.636471
v -0.713662 0.751153 -0.666667
v 0.959349 -0.397375 -0.696862
v 0.967081 -0.371885 -0.666667
v 0.959349 -0.397375 -0.636471
v 0.946792 -0.420867 -0.666667
v 0.734254 0.734254 0.919084
v 0.751152 0.713663 0.888889
v 0.734254 0.734254 0.858694
v 0.713663 0.751152 0.888889
v 0.576899 -0.863391 -0.919084
v 0.597490 -0.846493 -0.888889
v 0.576899 -0.863391 -0.858694
v 0.553408 -0.875948 -0.888889
v 0.202580 1.018439 0.192027
v 0.176071 1.021050 0.222222
v 0.202580 1.018439 0.252418
v 0.228070 1.010707 0.222222
v -0.576900 -0.863391 0.636471
v -0.553408 -0.875947 0.666667
v -0.576900 -0.863391 0.696862
v -0.597491 -0.846492 0.666667
v 0.397375 -0.959349 -0.696862
v 0.420867 -0.946792 -0.666667
v 0.397375 -0.959349 -0.636471
v 0.371885 -0.967081 -0.666667
v 0.397375 -0.959349 0.919084
v 0.371885 -0.967081 0.888889
v 0.397375 -0.959349 0.858693
v 0.420867 -0.946792 0.888889
v 0.863391 -0.576899 -0.696862
v 0.875948 -0.553408 -0.666667
v 0.863391 -0.576899 -0.636471
v 0.846493 -0.597490 -0.666667
v 0.959349 -0.397375 0.919084
v 0.946792 -0.420867 0.888889
v 0.959349 -0.397375 0.858694
v 0.967081 -0.371885 0.888889
v 0.959349 -0.397375 -0.030195
v 0.967081 -0.371885 0.000000
v 0.959349 -0.397375 0.030195
v 0.946792 -0.420867 0.000000
v 0.959349 -0.397375 -0.252418
v 0.967081 -0.371885 -0.222222
v 0.959349 -0.397375 -0.192027
v 0.946792 -0.420867 -0.222222
v -0.734253 0.734255 -0.252418
v -0.751151 0.713664 -0.222222
v -0.734253 0.734255 -0.192027
v -0.713662 0.751153 -0.222222
v 0.959349 -0.397375 0.414249
v 0.967081 -0.371885 0.444444
v 0.959349 -0.397375 0.474640
v 0.946792 -0.420867 0.444444
v 0.959349 -0.397375 0.636471
v 0.967081 -0.371885 0.666667
v 0.959349 -0.397375 0.696862
v 0.946792 -0.420867 0.666667
v 0.959349 -0.397375 -0.474640
v 0.967081 -0.371885 -0.444445
v 0.959349 -0.397375 -0.414249
v 0.946792 -0.420867 -0.444445
v 0.576899 0.863391 -0.030195
v 0.553408 0.875948 0.000000
v 0.576899 0.863391 0.030195
v 0.597490 0.846493 0.000000
v 1.018439 -0.202580 -0.030195
v 1.021050 -0.176071 0.000000
v 1.018439 -0.202580 0.030195
v 1.010707 -0.228070 0.000000
v 1.038391 0.000000 -0.919084
v 1.035781 0.026509 -0.888889
v 1.038391 0.000000 -0.858694
v 1.035781 -0.026509 -0.888889
v 1.018439 0.202580 0.636471
v 1.010707 0.228070 0.666667
v 1.018439 0.202580 0.696862
v 1.021050 0.176071 0.666667
v 1.018439 0.202580 -0.919084
v 1.010707 0.228070 -0.888889
v 1.018439 0.202580 -0.858694
v 1.021050 0.176072 -0.888889
v 1.018439 -0.202580 0.919084
v 1.010707 -0.228070 0.888889
v 1.018439 -0.202580 0.858694
v 1.021050 -0.176071 0.888889
v 1.018439 0.202580 -0.030195
v 1.010707 0.228070 0.000000
v 1.018439 0.202580 0.030195
v 1.021050 0.176071 0.000000
v 1.018439 -0.202580 -0.474640
v 1.021050 -0.176071 -0.444444
v 1.018439 -0.202580 -0.414249
v 1.010707 -0.228070 -0.444444
v 1.018439 -0.202580 0.414249
v 1.021050 -0.176071 0.444444
v 1.018439 -0.202580 0.474640
v 1.010707 -0.228070 0.444444
v 1.018439 -0.202580 0.636471
v 1.021050 -0.176071 0.666667
v 1.018439 -0.202580 0.696862
v 1.010707 -0.228070 0.666667
v 1.038391 0.000000 0.636471
v 1.035781 0.026509 0.666667
v 1.038391 0.000000 0.696862
v 1.035781 -0.026509 0.666667
v 1.038391 0.000000 -0.030195
v 1.035781 0.026509 0.000000
v 1.038391 0.000000 0.030195
v 1.035781 -0.026509 0.000000
v 1.038391 0.000000 -0.696862
v 1.035781 0.026509 -0.666667
v 1.038391 0.000000 -0.636471
v 1.035781 -0.026509 -0.666667
v -0.202579 1.018440 -0.030195
v -0.228069 1.010707 0.000000
v -0.202579 1.018440 0.030195
v -0.176070 1.021050 0.000000
v 1.038391 0.000000 0.414249
v 1.035781 0.026509 0.444444
v 1.038391 0.000000 0.474640
v 1.035781 -0.026509 0.444444
v 1.038391 0.000000 -0.474640
v 1.035781 0.026509 -0.444444
v 1.038391 0.000000 -0.414249
v 1.035781 -0.026509 -0.444444
v 1.018439 0.202580 -0.474640
v 1.010707 0.228070 -0.444444
v 1.018439 0.202580 -0.414249
v 1.021050 0.176071 -0.444444
v 1.038392 0.000000 0.919084
v 1.035781 -0.026509 0.888889
v 1.038392 0.000000 0.858694
v 1.035781 0.026509 0.888889
v 1.018439 -0.202580 0.192027
v 1.021050 -0.176071 0.222222
v 1.018439 -0.202580 0.252418
v 1.010707 -0.228070 0.222222
v 1.018439 0.202580 0.192027
v 1.010707 0.228070 0.222222
v 1.018439 0.202580 0.252418
v 1.021050 0.176071 0.222222
v 1.018439 0.202580 -0.696862
v 1.010707 0.228070 -0.666667
v 1.018439 0.202580 -0.636471
v 1.021050 0.176072 -0.666667
v 1.038391 0.000000 -0.252418
v 1.035781 0.026509 -0.222222
v 1.038391 0.000000 -0.192027
v 1.035781 -0.026509 -0.222222
v 1.018439 0.202580 0.414249
v 1.010707 0.228070 0.444444
v 1.018439 0.202580 0.474640
v 1.021050 0.176071 0.444444
v 1.038391 0.000000 0.192027
v 1.035781 0.026509 0.222222
v 1.038391 0.000000 0.252418
v 1.035781 -0.026509 0.222222
v 1.018439 0.202580 -0.252418
v 1.010707 0.228070 -0.222222
v 1.018439 0.202580 -0.192027
v 1.021050 0.176071 -0.222222
v -0.397376 -0.959349 -0.030195
v -0.371886 -0.967081 0.000000
v -0.397376 -0.959349 0.030195
v -0.420867 -0.946792 0.000000
v 0.959349 0.397375 -0.252418
v 0.946792 0.420867 -0.222222
v 0.959349 0.397375 -0.192027
v 0.967081 0.371885 -0.222222
v -0.959349 -0.397375 -0.030195
v -0.946792 -0.420866 0.000000
v -0.959349 -0.397375 0.030195
v -0.967081 -0.371885 0.000000
v -0.863390 0.576901 -0.252418
v -0.875947 0.553409 -0.222222
v -0.863390 0.576901 -0.192027
v -0.846492 0.597491 -0.222222
v -0.959349 -0.397374 -0.474640
v -0.946792 -0.420866 -0.444445
v -0.959349 -0.397374 -0.414249
v -0.967081 -0.371884 -0.444445
v 0.959349 0.397375 0.414249
v 0.946792 0.420867 0.444445
v 0.959349 0.397375 0.474640
v 0.967081 0.371885 0.444445
v 0.959349 0.397375 -0.474640
v 0.946792 0.420867 -0.444444
v 0.959349 0.397375 -0.414249
v 0.967081 0.371885 -0.444444
v -0.576898 0.863392 -0.474640
v -0.597489 0.846494 -0.444444
v -0.576898 0.863392 -0.414249
v -0.553407 0.875948 -0.444444
v 0.397375 -0.959349 -0.919084
v 0.420867 -0.946792 -0.888889
v 0.397375 -0.959349 -0.858694
v 0.371885 -0.967081 -0.888889
v 0.397375 -0.959349 -0.252418
v 0.420867 -0.946792 -0.222222
v 0.397375 -0.959349 -0.192027
v 0.371885 -0.967081 -0.222222
v 0.202580 1.018439 -0.030195
v 0.176071 1.021050 0.000000
v 0.202580 1.018439 0.030195
v 0.228070 1.010707 0.000000
v 0.863391 -0.576899 -0.030195
v 0.875948 -0.553408 0.000000
v 0.863391 -0.576899 0.030195
v 0.846493 -0.597490 0.000000
v -0.397374 0.959349 0.919084
v -0.371884 0.967081 0.888889
v -0.397374 0.959349 0.858694
v -0.420866 0.946793 0.888889
v 0.863391 0.576899 0.414249
v 0.846493 0.597490 0.444445
v 0.863391 0.576899 0.474640
v 0.875948 0.553408 0.444445
v 0.397375 -0.959349 0.414249
v 0.420867 -0.946792 0.444444
v 0.397375 -0.959349 0.474640
v 0.371885 -0.967081 0.444444
v 0.863391 0.576900 -0.696862
v 0.846493 0.597490 -0.666667
v 0.863391 0.576899 -0.636471
v 0.875948 0.553408 -0.666667
v 0.863391 -0.576899 0.636471
v 0.875948 -0.553408 0.666667
v 0.863391 -0.576899 0.696862
v 0.846493 -0.597490 0.666667
v -0.863391 -0.576899 -0.252418
v -0.846493 -0.597490 -0.222222
v -0.863391 -0.576899 -0.192027
v -0.875948 -0.553407 -0.222222
v 0.576899 -0.863391 0.414249
v 0.597490 -0.846493 0.444444
v 0.576899 -0.863391 0.474640
v 0.553408 -0.875948 0.444444
v -0.734253 0.734255 0.919084
v -0.713662 0.751153 0.888889
v -0.734253 0.734255 0.858694
v -0.751151 0.713664 0.888889
v -1.018439 -0.202579 -0.474640
v -1.010707 -0.228069 -0.444444
v -1.018439 -0.202579 -0.414249
v -1.021050 -0.176071 -0.444444
v 0.734254 0.734254 -0.474640
v 0.713663 0.751152 -0.444444
v 0.734254 0.734254 -0.414249
v 0.751152 0.713663 -0.444444
v -0.576900 -0.863391 0.414249
v -0.553408 -0.875947 0.444444
v -0.576900 -0.863391 0.474640
v -0.597491 -0.846493 0.444444
v 0.734254 0.734254 -0.252418
v 0.713663 0.751152 -0.222222
v 0.734254 0.734254 -0.192027
v 0.751152 0.713663 -0.222222
v 0.576899 0.863391 0.919084
v 0.597490 0.846493 0.888889
v 0.576899 0.863391 0.858694
v 0.553408 0.875948 0.888889
v 0.576899 0.863391 -0.919084
v 0.553408 0.875948 -0.888889
v 0.576899 0.863391 -0.858694
v 0.597490 0.846493 -0.888889
v -0.959349 -0.397375 0.919084
v -0.967081 -0.371885 0.888889
v -0.959349 -0.397375 0.858694
v -0.946792 -0.420866 0.888889
v 0.576899 0.863391 -0.696862
v 0.553408 0.875948 -0.666667
v 0.576899 0.863391 -0.636471
v 0.597490 0.846493 -0.666667
v 0.863391 -0.576899 -0.919084
v 0.875948 -0.553408 -0.888889
v 0.863391 -0.576899 -0.858694
v 0.846493 -0.597490 -0.888889
v 0.863391 -0.576899 -0.474640
v 0.875948 -0.553408 -0.444445
v 0.863391 -0.576899 -0.414249
v 0.846493 -0.597490 -0.444445
v 0.576899 0.863391 0.192027
v 0.553408 0.875948 0.222222
v 0.576899 0.863391 0.252418
v 0.597490 0.846493 0.222222
v 0.397375 -0.959349 -0.030195
v 0.420867 -0.946792 0.000000
v 0.397375 -0.959349 0.030195
v 0.371885 -0.967081 0.000000
v 0.959349 0.397375 -0.919084
v 0.946792 0.420867 -0.888889
v 0.959349 0.397375 -0.858694
v 0.967081 0.371885 -0.888889
v 0.202580 1.018439 -0.696862
v 0.176071 1.021050 -0.666667
v 0.202580 1.018439 -0.636471
v 0.228070 1.010707 -0.666667
v -1.018439 0.202581 -0.030195
v -1.021050 0.176073 0.000000
v -1.018439 0.202581 0.030195
v -1.010707 0.228071 0.000000
v 0.202580 -1.018439 0.636471
v 0.228070 -1.010707 0.666667
v 0.202580 -1.018439 0.696862
v 0.176071 -1.021050 0.666667
v -0.576898 0.863392 0.192027
v -0.597489 0.846494 0.222222
v -0.576898 0.863392 0.252418
v -0.553407 0.875948 0.222222
v 0.397375 0.959349 0.414249
v 0.371885 0.967081 0.444444
v 0.397375 0.959349 0.474640
v 0.420867 0.946792 0.444444
v -0.397376 -0.959349 0.636471
v -0.371886 -0.967081 0.666667
v -0.397376 -0.959349 0.696862
v -0.420867 -0.946792 0.666667
v 0.397375 0.959349 -0.696862
v 0.371885 0.967081 -0.666667
v 0.397375 0.959349 -0.636471
v 0.420867 0.946792 -0.666667
v -0.576900 -0.863391 -0.030195
v -0.553408 -0.875947 0.000000
v -0.576900 -0.863391 0.030195
v -0.597491 -0.846493 0.000000
v 0.202580 1.018439 -0.919084
v 0.176071 1.021050 -0.888889
v 0.202580 1.018439 -0.858693
v 0.228070 1.010707 -0.888889
v 0.202580 1.018439 0.414249
v 0.176071 1.021050 0.444444
v 0.202580 1.018439 0.474640
v 0.228070 1.010707 0.444444
v 0.734254 0.734254 0.636471
v 0.713663 0.751152 0.666667
v 0.734254 0.734254 0.696862
v 0.751152 0.713663 0.666667
v 0.863391 -0.576899 -0.252418
v 0.875948 -0.553408 -0.222222
v 0.863391 -0.576899 -0.192027
v 0.846493 -0.597490 -0.222222
v 0.734254 0.734254 -0.919084
v 0.713663 0.751152 -0.888889
v 0.734254 0.734254 -0.858693
v 0.751152 0.713663 -0.888889
v 0.959349 0.397375 0.192027
v 0.946792 0.420867 0.222222
v 0.959349 0.397375 0.252418
v 0.967081 0.371885 0.222222
v 0.202580 -1.018439 -0.696862
v 0.228070 -1.010707 -0.666667
v 0.202580 -1.018439 -0.636471
v 0.176071 -1.021050 -0.666667
v -0.275557 -1.000151 -0.777778
v -0.301047 -0.992418 -0.747583
v -0.326537 -0.984686 -0.777778
v -0.301047 -0.992418 -0.807973
v 0.959349 0.397375 0.919084
v 0.967081 0.371885 0.888889
v 0.959349 0.397375 0.858694
v 0.946792 0.420867 0.888889
v 0.075142 1.034692 -0.777778
v 0.101651 1.032081 -0.747582
v 0.128160 1.029470 -0.777778
v 0.101651 1.032081 -0.807973
v -0.863392 -0.576899 0.192027
v -0.846493 -0.597489 0.222222
v -0.863392 -0.576899 0.252418
v -0.875948 -0.553407 0.222222
v 1.034692 -0.075142 -0.777778
v 1.032081 -0.101651 -0.747582
v 1.029470 -0.128160 -0.777778
v 1.032081 -0.101651 -0.807973
v -0.863390 0.576901 -0.474640
v -0.875947 0.553409 -0.444444
v -0.863390 0.576901 -0.414249
v -0.846492 0.597491 -0.444444
v -1.029470 -0.128159 0.333333
v -1.032081 -0.101650 0.363529
v -1.034692 -0.075141 0.333333
v -1.032081 -0.101650 0.303138
v 0.863391 0.576899 0.192027
v 0.846493 0.597490 0.222222
v 0.863391 0.576899 0.252418
v 0.875948 0.553408 0.222222
v 0.465382 0.927175 0.555556
v 0.488874 0.914618 0.585751
v 0.512365 0.902062 0.555556
v 0.488874 0.914618 0.525360
v 0.863391 0.576899 0.636471
v 0.846493 0.597490 0.666667
v 0.863391 0.576899 0.696862
v 0.875948 0.553408 0.666667
v 0.818568 -0.637322 -0.777778
v 0.801669 -0.657913 -0.747582
v 0.784771 -0.678504 -0.777778
v 0.801669 -0.657913 -0.807973
v -0.959349 -0.397374 -0.696862
v -0.946792 -0.420866 -0.666667
v -0.959349 -0.397374 -0.636471
v -0.967081 -0.371884 -0.666667
v 0.984686 0.326537 0.333333
v 0.992418 0.301047 0.363529
v 1.000151 0.275557 0.333333
v 0.992418 0.301047 0.303138
v 1.018439 -0.202580 -0.252418
v 1.021050 -0.176071 -0.222222
v 1.018439 -0.202580 -0.192027
v 1.010707 -0.228070 -0.222222
v -0.927174 0.465383 0.111111
v -0.914618 0.488875 0.141306
v -0.902061 0.512366 0.111111
v -0.914618 0.488875 0.080916
v 1.018439 -0.202580 -0.696862
v 1.021050 -0.176071 -0.666667
v 1.018439 -0.202580 -0.636471
v 1.010707 -0.228070 -0.666667
v -1.000151 0.275558 0.555556
v -0.992418 0.301048 0.585751
v -0.984686 0.326538 0.555556
v -0.992418 0.301048 0.525360
v 1.018439 0.202580 0.919084
v 1.021050 0.176071 0.888889
v 1.018439 0.202580 0.858694
v 1.010707 0.228070 0.888889
v -0.637323 -0.818567 -0.555556
v -0.657914 -0.801669 -0.525360
v -0.678504 -0.784771 -0.555556
v -0.657914 -0.801669 -0.585751
v 0.734254 0.734254 -0.696862
v 0.713663 0.751152 -0.666667
v 0.734254 0.734254 -0.636471
v 0.751152 0.713663 -0.666667
v 0.984686 0.326537 -0.777778
v 0.992418 0.301047 -0.747582
v 1.000151 0.275557 -0.777778
v 0.992418 0.301047 -0.807973
v 0.959349 -0.397375 0.192027
v 0.967081 -0.371885 0.222222
v 0.959349 -0.397375 0.252418
v 0.946792 -0.420867 0.222222
v 0.927175 -0.465382 -0.777778
v 0.914618 -0.488873 -0.747582
v 0.902062 -0.512365 -0.777778
v 0.914618 -0.488873 -0.807973
v -0.734253 0.734255 0.636471
v -0.751151 0.713664 0.666667
v -0.734253 0.734255 0.696862
v -0.713662 0.751153 0.666667
v 0.512365 -0.902062 0.555556
v 0.488873 -0.914618 0.585751
v 0.465382 -0.927175 0.555556
v 0.488873 -0.914618 0.525360
v 0.202580 -1.018439 -0.919084
v 0.228070 -1.010707 -0.888889
v 0.202580 -1.018439 -0.858694
v 0.176071 -1.021050 -0.888889
v -0.678503 0.784772 0.111111
v -0.657912 0.801670 0.141306
v -0.637321 0.818569 0.111111
v -0.657912 0.801670 0.080916
v -0.863391 -0.576899 -0.919084
v -0.846493 -0.597489 -0.888889
v -0.863391 -0.576899 -0.858694
v -0.875948 -0.553407 -0.888889
v 0.512365 -0.902062 -0.111111
v 0.488873 -0.914618 -0.080916
v 0.465382 -0.927175 -0.111111
v 0.488873 -0.914618 -0.141307
v -0.576900 -0.863391 -0.252418
v -0.553408 -0.875947 -0.222222
v -0.576900 -0.863391 -0.192027
v -0.597491 -0.846492 -0.222222
v 0.326537 -0.984686 -0.555556
v 0.301047 -0.992419 -0.525360
v 0.275557 -1.000151 -0.555556
v 0.301047 -0.992419 -0.585751
v -0.202581 -1.018439 -0.474640
v -0.176072 -1.021050 -0.444445
v -0.202581 -1.018439 -0.414249
v -0.228071 -1.010707 -0.444445
v -1.034692 0.075143 -0.777778
v -1.032081 0.101652 -0.747582
v -1.029470 0.128161 -0.777778
v -1.032081 0.101652 -0.807973
v -0.576898 0.863392 -0.252418
v -0.597489 0.846494 -0.222222
v -0.576898 0.863392 -0.192027
v -0.553407 0.875948 -0.222222
v -0.075143 -1.034692 -0.777778
v -0.101651 -1.032081 -0.747583
v -0.128160 -1.029470 -0.777778
v -0.101651 -1.032081 -0.807973
v -1.018439 0.202581 0.414249
v -1.021050 0.176072 0.444444
v -1.018439 0.202581 0.474640
v -1.010707 0.228071 0.444444
v -0.637321 0.818569 0.777778
v -0.657912 0.801670 0.747583
v -0.678503 0.784772 0.777778
v -0.657912 0.801670 0.807973
v 0.397375 -0.959349 0.636471
v 0.420867 -0.946792 0.666667
v 0.397375 -0.959349 0.696862
v 0.371885 -0.967081 0.666667
v -0.512364 0.902062 0.555556
v -0.488872 0.914619 0.585751
v -0.465381 0.927175 0.555556
v -0.488872 0.914619 0.525360
v 0.000000 -1.038392 -0.252418
v 0.026508 -1.035781 -0.222222
v 0.000000 -1.038392 -0.192027
v -0.026509 -1.035781 -0.222222
v -0.075143 -1.034692 0.111111
v -0.101651 -1.032081 0.141306
v -0.128160 -1.029470 0.111111
v -0.101651 -1.032081 0.080916
v -0.576900 -0.863391 -0.919084
v -0.553408 -0.875947 -0.888889
v -0.576900 -0.863391 -0.858694
v -0.597491 -0.846492 -0.888889
v -0.784772 -0.678503 0.333333
v -0.801670 -0.657913 0.363529
v -0.818568 -0.637322 0.333333
v -0.801670 -0.657913 0.303138
v 0.576899 0.863391 0.414249
v 0.553408 0.875948 0.444444
v 0.576899 0.863391 0.474640
v 0.597490 0.846493 0.444444
v -0.637323 -0.818567 0.333333
v -0.657914 -0.801669 0.363529
v -0.678504 -0.784771 0.333333
v -0.657914 -0.801669 0.303138
v -0.863390 0.576901 0.636471
v -0.875947 0.553409 0.666667
v -0.863390 0.576900 0.696862
v -0.846492 0.597491 0.666667
v -0.818567 0.637324 -0.111111
v -0.801669 0.657914 -0.080916
v -0.784770 0.678505 -0.111111
v -0.801669 0.657914 -0.141306
v -1.038392 0.000001 -0.919084
v -1.035781 -0.026508 -0.888889
v -1.038392 0.000001 -0.858694
v -1.035781 0.026510 -0.888889
v -1.029470 -0.128159 -0.777778
v -1.032081 -0.101650 -0.747582
v -1.034692 -0.075141 -0.777778
v -1.032081 -0.101650 -0.807973
v -1.018439 0.202581 -0.696862
v -1.021050 0.176073 -0.666667
v -1.018439 0.202581 -0.636471
v -1.010707 0.228071 -0.666667
v -0.275557 -1.000151 0.333333
v -0.301047 -0.992418 0.363529
v -0.326537 -0.984686 0.333333
v -0.301047 -0.992418 0.303138
v -0.959348 0.397376 -0.919084
v -0.967081 0.371886 -0.888889
v -0.959348 0.397376 -0.858694
v -0.946792 0.420868 -0.888889
v 1.034692 -0.075142 -0.111111
v 1.032081 -0.101651 -0.080916
v 1.029470 -0.128160 -0.111111
v 1.032081 -0.101651 -0.141306
v 0.000000 -1.038392 0.919084
v -0.026509 -1.035781 0.888889
v 0.000000 -1.038392 0.858693
v 0.026508 -1.035781 0.888889
v 0.128159 -1.029470 -0.333333
v 0.101651 -1.032081 -0.303138
v 0.075142 -1.034692 -0.333333
v 0.101651 -1.032081 -0.363529
v 0.734254 -0.734254 0.919084
v 0.713663 -0.751152 0.888889
v 0.734254 -0.734254 0.858693
v 0.751152 -0.713663 0.888889
v 0.984686 0.326537 0.111111
v 0.992418 0.301047 0.141306
v 1.000151 0.275557 0.111111
v 0.992418 0.301047 0.080916
v -0.202581 -1.018439 -0.252418
v -0.176072 -1.021050 -0.222222
v -0.202581 -1.018439 -0.192027
v -0.228071 -1.010707 -0.222222
v -0.678503 0.784772 -0.777778
v -0.657912 0.801670 -0.747582
v -0.637321 0.818569 -0.777778
v -0.657912 0.801670 -0.807973
v -0.397374 0.959349 -0.252418
v -0.420866 0.946793 -0.222222
v -0.397374 0.959349 -0.192027
v -0.371884 0.967082 -0.222222
v 0.512365 -0.902062 -0.555556
v 0.488873 -0.914618 -0.525360
v 0.465382 -0.927175 -0.555556
v 0.488873 -0.914618 -0.585751
v -0.202579 1.018439 -0.919084
v -0.228069 1.010707 -0.888889
v -0.202579 1.018439 -0.858693
v -0.176070 1.021050 -0.888889
v -0.326535 0.984687 -0.777778
v -0.301045 0.992419 -0.747582
v -0.275555 1.000151 -0.777778
v -0.301045 0.992419 -0.807973
v -0.128159 1.029470 -0.333333
v -0.101650 1.032081 -0.303138
v -0.075142 1.034692 -0.333333
v -0.101650 1.032081 -0.363529
v -0.075142 1.034692 0.777778
v -0.101650 1.032081 0.747582
v -0.128159 1.029470 0.777778
v -0.101650 1.032081 0.807973
v 0.000000 1.038392 0.858694
v -0.026508 1.035781 0.888889
v 0.000000 1.038392 0.919084
v 0.026509 1.035781 0.888889
v -0.128159 1.029470 -0.111111
v -0.101650 1.032081 -0.080916
v -0.075142 1.034692 -0.111111
v -0.101650 1.032081 -0.141306
v -0.202579 1.018439 0.192027
v -0.228069 1.010707 0.222222
v -0.202579 1.018439 0.252418
v -0.176070 1.021050 0.222222
v -0.128159 1.029470 -0.555556
v -0.101650 1.032081 -0.525360
v -0.075142 1.034692 -0.555556
v -0.101650 1.032081 -0.585751
v 0.000000 1.038391 0.252418
v 0.026509 1.035781 0.222222
v 0.000000 1.038391 0.192027
v -0.026508 1.035781 0.222222
v -0.128159 1.029470 0.555556
v -0.101650 1.032081 0.585751
v -0.075142 1.034692 0.555556
v -0.101650 1.032081 0.525360
v 0.000000 1.038391 0.030195
v 0.026509 1.035781 0.000000
v 0.000000 1.038391 -0.030195
v -0.026508 1.035781 0.000000
v -0.128159 1.029470 0.333333
v -0.101650 1.032081 0.363529
v -0.075142 1.034692 0.333333
v -0.101650 1.032081 0.303138
v 0.000000 1.038391 0.474640
v 0.026509 1.035781 0.444445
v 0.000000 1.038391 0.414249
v -0.026508 1.035781 0.444445
v -0.959348 0.397376 -0.696862
v -0.967081 0.371886 -0.666667
v -0.959348 0.397376 -0.636471
v -0.946792 0.420868 -0.666667
v -0.128159 1.029470 0.111111
v -0.101650 1.032081 0.141307
v -0.075142 1.034692 0.111111
v -0.101650 1.032081 0.080916
v 0.000000 1.038391 -0.414249
v 0.026509 1.035781 -0.444444
v 0.000000 1.038391 -0.474640
v -0.026508 1.035781 -0.444444
v 0.000000 1.038392 -0.636471
v 0.026509 1.035781 -0.666667
v 0.000000 1.038392 -0.696862
v -0.026508 1.035781 -0.666667
v 0.637322 0.818568 -0.111111
v 0.657913 0.801669 -0.080916
v 0.678504 0.784771 -0.111111
v 0.657913 0.801669 -0.141306
v 0.326537 -0.984686 0.333333
v 0.301047 -0.992419 0.363529
v 0.275557 -1.000151 0.333333
v 0.301047 -0.992419 0.303138
v 0.326537 -0.984686 -0.777778
v 0.301047 -0.992418 -0.747582
v 0.275557 -1.000151 -0.777778
v 0.301047 -0.992418 -0.807973
v -0.678503 0.784772 -0.333333
v -0.657912 0.801670 -0.303138
v -0.637321 0.818569 -0.333333
v -0.657912 0.801670 -0.363529
v 0.637322 0.818568 0.333333
v 0.657913 0.801670 0.363529
v 0.678504 0.784771 0.333333
v 0.657913 0.801670 0.303138
v -0.818567 0.637324 0.111111
v -0.801669 0.657914 0.141306
v -0.784770 0.678505 0.111111
v -0.801669 0.657914 0.080916
v -0.984686 -0.326536 -0.333333
v -0.992419 -0.301046 -0.303138
v -1.000151 -0.275556 -0.333333
v -0.992419 -0.301046 -0.363529
v -0.465381 0.927175 0.777778
v -0.488872 0.914619 0.747582
v -0.512364 0.902062 0.777778
v -0.488872 0.914619 0.807973
v -0.465382 -0.927174 -0.777778
v -0.488874 -0.914618 -0.747583
v -0.512366 -0.902061 -0.777778
v -0.488874 -0.914618 -0.807973
v -0.927174 0.465383 -0.333333
v -0.914618 0.488875 -0.303138
v -0.902061 0.512366 -0.333333
v -0.914618 0.488875 -0.363529
v -0.512364 0.902062 -0.333333
v -0.488872 0.914619 -0.303138
v -0.465381 0.927175 -0.333333
v -0.488872 0.914619 -0.363529
v -0.512364 0.902062 -0.111111
v -0.488872 0.914619 -0.080916
v -0.465381 0.927175 -0.111111
v -0.488872 0.914619 -0.141306
v 0.784771 0.678504 -0.555556
v 0.801669 0.657913 -0.525360
v 0.818568 0.637322 -0.555556
v 0.801669 0.657913 -0.585751
v -0.512364 0.902062 -0.555556
v -0.488872 0.914619 -0.525360
v -0.465381 0.927175 -0.555556
v -0.488872 0.914619 -0.585751
v -1.034692 -0.075141 0.777778
v -1.032081 -0.101650 0.747582
v -1.029470 -0.128159 0.777778
v -1.032081 -0.101650 0.807973
v -1.034692 0.075143 0.555556
v -1.032081 0.101652 0.585751
v -1.029470 0.128161 0.555556
v -1.032081 0.101652 0.525360
v 0.128159 -1.029470 0.555556
v 0.101651 -1.032081 0.585751
v 0.075142 -1.034692 0.555556
v 0.101651 -1.032081 0.525360
v -0.326535 0.984687 -0.333333
v -0.301045 0.992419 -0.303138
v -0.275555 1.000151 -0.333333
v -0.301045 0.992419 -0.363529
v 0.784771 0.678504 -0.777778
v 0.801669 0.657913 -0.747582
v 0.818568 0.637322 -0.777778
v 0.801669 0.657913 -0.807973
v -0.984686 -0.326536 0.333333
v -0.992419 -0.301046 0.363529
v -1.000151 -0.275556 0.333333
v -0.992419 -0.301046 0.303138
v -1.029470 -0.128159 -0.333333
v -1.032081 -0.101650 -0.303138
v -1.034692 -0.075141 -0.333333
v -1.032081 -0.101650 -0.363529
v 0.128160 1.029470 0.777778
v 0.101651 1.032081 0.747583
v 0.075142 1.034692 0.777778
v 0.101651 1.032081 0.807973
v 0.678504 0.784771 0.777778
v 0.657913 0.801669 0.747582
v 0.637322 0.818568 0.777778
v 0.657913 0.801669 0.807973
v 0.275557 1.000151 -0.111111
v 0.301047 0.992419 -0.080916
v 0.326537 0.984686 -0.111111
v 0.301047 0.992419 -0.141306
v 0.984686 0.326537 -0.555556
v 0.992418 0.301047 -0.525360
v 1.000151 0.275557 -0.555556
v 0.992418 0.301047 -0.585751
v 0.075142 1.034692 0.333333
v 0.101651 1.032081 0.363529
v 0.128160 1.029470 0.333333
v 0.101651 1.032081 0.303138
v 0.075142 1.034692 -0.111111
v 0.101651 1.032081 -0.080916
v 0.128160 1.029470 -0.111111
v 0.101651 1.032081 -0.141306
v -0.818567 0.637324 -0.555556
v -0.801669 0.657914 -0.525360
v -0.784770 0.678505 -0.555556
v -0.801669 0.657914 -0.585751
v -0.902062 -0.512365 0.111111
v -0.914618 -0.488873 0.141306
v -0.927175 -0.465381 0.111111
v -0.914618 -0.488873 0.080916
v -0.927174 0.465383 0.555556
v -0.914618 0.488875 0.585751
v -0.902061 0.512366 0.555556
v -0.914618 0.488875 0.525360
v 0.902062 -0.512365 0.777778
v 0.914618 -0.488874 0.747582
v 0.927175 -0.465382 0.777778
v 0.914618 -0.488874 0.807973
v 0.818568 -0.637322 -0.555556
v 0.801669 -0.657913 -0.525360
v 0.784771 -0.678504 -0.555556
v 0.801669 -0.657913 -0.585751
v 0.818568 -0.637322 0.333333
v 0.801670 -0.657913 0.363529
v 0.784771 -0.678504 0.333333
v 0.801670 -0.657913 0.303138
v -1.034692 0.075143 -0.111111
v -1.032081 0.101652 -0.080916
v -1.029470 0.128161 -0.111111
v -1.032081 0.101652 -0.141306
v -0.902062 -0.512365 -0.555556
v -0.914618 -0.488873 -0.525360
v -0.927175 -0.465381 -0.555556
v -0.914618 -0.488873 -0.585751
v 0.275557 1.000151 -0.333333
v 0.301047 0.992419 -0.303138
v 0.326537 0.984686 -0.333333
v 0.301047 0.992419 -0.363529
v -1.000151 0.275558 0.111111
v -0.992418 0.301048 0.141306
v -0.984686 0.326538 0.111111
v -0.992418 0.301048 0.080916
v 1.000151 -0.275557 -0.111111
v 0.992419 -0.301047 -0.080916
v 0.984686 -0.326537 -0.111111
v 0.992419 -0.301047 -0.141306
v 0.902062 0.512365 -0.333333
v 0.914618 0.488874 -0.303138
v 0.927175 0.465382 -0.333333
v 0.914618 0.488874 -0.363529
v 1.034692 0.075142 0.777778
v 1.032081 0.101651 0.747582
v 1.029470 0.128160 0.777778
v 1.032081 0.101651 0.807973
v 0.075142 1.034692 -0.333333
v 0.101651 1.032081 -0.303138
v 0.128160 1.029470 -0.333333
v 0.101651 1.032081 -0.363529
v 1.000151 -0.275557 0.333333
v 0.992419 -0.301047 0.363529
v 0.984686 -0.326537 0.333333
v 0.992419 -0.301047 0.303138
v -1.029470 0.128161 0.777778
v -1.032081 0.101652 0.747582
v -1.034692 0.075143 0.777778
v -1.032081 0.101652 0.807973
v -0.275557 -1.000151 0.111111
v -0.301047 -0.992418 0.141306
v -0.326537 -0.984686 0.111111
v -0.301047 -0.992418 0.080916
v -0.678503 0.784772 0.333333
v -0.657912 0.801670 0.363529
v -0.637321 0.818569 0.333333
v -0.657912 0.801670 0.303138
v -0.275557 -1.000151 0.555556
v -0.301047 -0.992418 0.585751
v -0.326537 -0.984686 0.555556
v -0.301047 -0.992418 0.525360
v 0.465382 0.927175 -0.111111
v 0.488874 0.914618 -0.080916
v 0.512365 0.902062 -0.111111
v 0.488874 0.914618 -0.141306
v -0.275557 -1.000151 -0.555556
v -0.301047 -0.992418 -0.525360
v -0.326537 -0.984686 -0.555556
v -0.301047 -0.992418 -0.585751
v -1.034692 0.075143 -0.555556
v -1.032081 0.101652 -0.525360
v -1.029470 0.128161 -0.555556
v -1.032081 0.101652 -0.585751
v -0.128160 -1.029470 0.777778
v -0.101651 -1.032081 0.747582
v -0.075143 -1.034692 0.777778
v -0.101651 -1.032081 0.807973
v 0.326537 -0.984686 0.555556
v 0.301047 -0.992419 0.585751
v 0.275557 -1.000151 0.555556
v 0.301047 -0.992419 0.525360
v 0.128159 -1.029470 0.333333
v 0.101651 -1.032081 0.363529
v 0.075142 -1.034692 0.333333
v 0.101651 -1.032081 0.303138
v 0.128159 -1.029470 0.111111
v 0.101651 -1.032081 0.141306
v 0.075142 -1.034692 0.111111
v 0.101651 -1.032081 0.080916
v -0.465382 -0.927174 -0.555556
v -0.488874 -0.914618 -0.525360
v -0.512366 -0.902061 -0.555556
v -0.488874 -0.914618 -0.585751
v 1.000151 0.275557 0.777778
v 0.992418 0.301047 0.747582
v 0.984686 0.326537 0.777778
v 0.992418 0.301047 0.807973
v -1.029470 -0.128159 -0.555556
v -1.032081 -0.101650 -0.525360
v -1.034692 -0.075141 -0.555556
v -1.032081 -0.101650 -0.585751
v 0.678504 -0.784771 0.333333
v 0.657913 -0.801670 0.363529
v 0.637322 -0.818568 0.333333
v 0.657913 -0.801670 0.303138
v 0.927175 -0.465382 -0.111111
v 0.914618 -0.488873 -0.080916
v 0.902062 -0.512365 -0.111111
v 0.914618 -0.488873 -0.141307
v -0.902062 -0.512365 -0.333333
v -0.914618 -0.488873 -0.303138
v -0.927175 -0.465381 -0.333333
v -0.914618 -0.488873 -0.363529
v -0.678503 0.784772 -0.111111
v -0.657912 0.801670 -0.080916
v -0.637321 0.818569 -0.111111
v -0.657912 0.801670 -0.141306
v 0.326537 -0.984686 -0.333333
v 0.301047 -0.992419 -0.303138
v 0.275557 -1.000151 -0.333333
v 0.301047 -0.992419 -0.363529
v 0.512365 -0.902062 -0.333333
v 0.488873 -0.914618 -0.303138
v 0.465382 -0.927175 -0.333333
v 0.488873 -0.914618 -0.363529
v -0.984686 -0.326536 -0.111111
v -0.992419 -0.301046 -0.080916
v -1.000151 -0.275556 -0.111111
v -0.992419 -0.301046 -0.141306
v 0.902062 0.512365 0.111111
v 0.914618 0.488874 0.141306
v 0.927175 0.465382 0.111111
v 0.914618 0.488874 0.080916
v -0.984686 -0.326536 0.555556
v -0.992419 -0.301046 0.585751
v -1.000151 -0.275556 0.555556
v -0.992419 -0.301046 0.525360
v -0.512364 0.902062 -0.777778
v -0.488872 0.914619 -0.747582
v -0.465381 0.927175 -0.777778
v -0.488872 0.914619 -0.807973
v 0.326537 -0.984686 -0.111111
v 0.301047 -0.992419 -0.080916
v 0.275557 -1.000151 -0.111111
v 0.301047 -0.992419 -0.141307
v 0.128159 -1.029470 -0.777778
v 0.101651 -1.032081 -0.747583
v 0.075142 -1.034692 -0.777778
v 0.101651 -1.032081 -0.807973
v 0.512365 -0.902062 -0.777778
v 0.488873 -0.914618 -0.747582
v 0.465382 -0.927175 -0.777778
v 0.488873 -0.914618 -0.807973
v -0.326535 0.984687 0.555556
v -0.301045 0.992419 0.585751
v -0.275555 1.000151 0.555556
v -0.301045 0.992419 0.525360
v -0.326535 0.984687 -0.111111
v -0.301045 0.992419 -0.080916
v -0.275555 1.000151 -0.111111
v -0.301045 0.992419 -0.141306
v -0.465382 -0.927174 -0.111111
v -0.488874 -0.914618 -0.080916
v -0.512366 -0.902061 -0.111111
v -0.488874 -0.914618 -0.141307
v 0.465382 -0.927175 0.777778
v 0.488873 -0.914618 0.747582
v 0.512365 -0.902062 0.777778
v 0.488873 -0.914618 0.807973
v 0.512365 0.902062 0.777778
v 0.488874 0.914618 0.747582
v 0.465382 0.927175 0.777778
v 0.488874 0.914618 0.807973
v 0.927175 -0.465382 0.333333
v 0.914618 -0.488874 0.363529
v 0.902062 -0.512365 0.333333
v 0.914618 -0.488873 0.303138
v -0.784772 -0.678503 -0.777778
v -0.801670 -0.657913 -0.747582
v -0.818568 -0.637322 -0.777778
v -0.801670 -0.657913 -0.807973
v -0.637323 -0.818567 -0.333333
v -0.657914 -0.801669 -0.303138
v -0.678504 -0.784771 -0.333333
v -0.657914 -0.801669 -0.363529
v -0.678504 -0.784771 0.777778
v -0.657914 -0.801669 0.747582
v -0.637323 -0.818568 0.777778
v -0.657914 -0.801669 0.807973
v -0.984686 -0.326536 0.111111
v -0.992419 -0.301046 0.141306
v -1.000151 -0.275556 0.111111
v -0.992419 -0.301046 0.080916
v 1.029470 -0.128160 0.777778
v 1.032081 -0.101651 0.747582
v 1.034692 -0.075142 0.777778
v 1.032081 -0.101651 0.807973
v 0.927175 -0.465382 0.111111
v 0.914618 -0.488873 0.141306
v 0.902062 -0.512365 0.111111
v 0.914618 -0.488873 0.080916
v 1.000151 -0.275557 0.555556
v 0.992419 -0.301047 0.585751
v 0.984686 -0.326537 0.555556
v 0.992419 -0.301047 0.525360
v 0.984686 0.326537 -0.333333
v 0.992418 0.301047 -0.303138
v 1.000151 0.275557 -0.333333
v 0.992418 0.301047 -0.363529
v 0.784771 0.678504 -0.333333
v 0.801669 0.657913 -0.303138
v 0.818568 0.637322 -0.333333
v 0.801669 0.657913 -0.363529
v -0.512364 0.902062 0.111111
v -0.488872 0.914619 0.141306
v -0.465381 0.927175 0.111111
v -0.488872 0.914619 0.080916
v 0.784771 0.678504 0.111111
v 0.801670 0.657913 0.141306
v 0.818568 0.637322 0.111111
v 0.801670 0.657913 0.080916
v 0.678504 -0.784771 0.555556
v 0.657913 -0.801669 0.585751
v 0.637322 -0.818568 0.555556
v 0.657913 -0.801669 0.525360
v -1.029470 -0.128159 0.111111
v -1.032081 -0.101650 0.141306
v -1.034692 -0.075141 0.111111
v -1.032081 -0.101650 0.080916
v 0.465382 0.927175 -0.555556
v 0.488874 0.914618 -0.525360
v 0.512365 0.902062 -0.555556
v 0.488874 0.914618 -0.585751
v 0.678504 -0.784771 0.111111
v 0.657913 -0.801670 0.141306
v 0.637322 -0.818568 0.111111
v 0.657913 -0.801670 0.080916
v -0.637323 -0.818567 -0.111111
v -0.657914 -0.801669 -0.080916
v -0.678504 -0.784771 -0.111111
v -0.657914 -0.801669 -0.141307
v -0.326537 -0.984686 0.777778
v -0.301047 -0.992418 0.747582
v -0.275557 -1.000151 0.777778
v -0.301047 -0.992418 0.807973
v -0.637323 -0.818567 0.555556
v -0.657914 -0.801669 0.585751
v -0.678504 -0.784771 0.555556
v -0.657914 -0.801669 0.525360
v -0.326535 0.984687 -0.555556
v -0.301045 0.992419 -0.525360
v -0.275555 1.000151 -0.555556
v -0.301045 0.992419 -0.585751
v 0.927175 -0.465382 -0.555556
v 0.914618 -0.488873 -0.525360
v 0.902062 -0.512365 -0.555556
v 0.914618 -0.488873 -0.585751
v -1.029470 -0.128159 -0.111111
v -1.032081 -0.101650 -0.080916
v -1.034692 -0.075141 -0.111111
v -1.032081 -0.101650 -0.141306
v -0.984686 -0.326536 -0.555556
v -0.992419 -0.301046 -0.525360
v -1.000151 -0.275556 -0.555556
v -0.992419 -0.301046 -0.585751
v -0.818567 0.637324 -0.777778
v -0.801669 0.657914 -0.747582
v -0.784770 0.678505 -0.777778
v -0.801669 0.657914 -0.807973
v -0.512366 -0.902061 0.777778
v -0.488874 -0.914618 0.747582
v -0.465382 -0.927175 0.777778
v -0.488874 -0.914618 0.807973
v -0.075143 -1.034692 0.555556
v -0.101651 -1.032081 0.585751
v -0.128160 -1.029470 0.555556
v -0.101651 -1.032081 0.525360
v -0.902062 -0.512365 -0.111111
v -0.914618 -0.488873 -0.080916
v -0.927175 -0.465381 -0.111111
v -0.914618 -0.488873 -0.141306
v 0.818568 0.637322 0.777778
v 0.801669 0.657913 0.747582
v 0.784771 0.678504 0.777778
v 0.801669 0.657913 0.807973
v -1.029470 -0.128159 0.555556
v -1.032081 -0.101650 0.585751
v -1.034692 -0.075141 0.555556
v -1.032081 -0.101650 0.525360
v -0.902062 -0.512365 0.333333
v -0.914618 -0.488873 0.363529
v -0.927175 -0.465381 0.333333
v -0.914618 -0.488873 0.303138
v 0.326537 -0.984686 0.111111
v 0.301047 -0.992419 0.141306
v 0.275557 -1.000151 0.111111
v 0.301047 -0.992419 0.080916
v 0.075142 -1.034692 0.777778
v 0.101651 -1.032081 0.747582
v 0.128159 -1.029470 0.777778
v 0.101651 -1.032081 0.807973
v 0.784771 0.678504 -0.111111
v 0.801669 0.657913 -0.080916
v 0.818568 0.637322 -0.111111
v 0.801669 0.657913 -0.141306
v 0.927175 -0.465382 -0.333333
v 0.914618 -0.488873 -0.303138
v 0.902062 -0.512365 -0.333333
v 0.914618 -0.488873 -0.363529
v -0.927174 0.465383 -0.111111
v -0.914618 0.488875 -0.080916
v -0.902061 0.512366 -0.111111
v -0.914618 0.488875 -0.141306
v -0.927174 0.465383 0.333333
v -0.914618 0.488875 0.363529
v -0.902061 0.512366 0.333333
v -0.914618 0.488875 0.303138
v -0.678503 0.784772 -0.555556
v -0.657912 0.801670 -0.525360
v -0.637321 0.818569 -0.555556
v -0.657912 0.801670 -0.585751
v 0.678504 -0.784771 -0.111111
v 0.657913 -0.801669 -0.080916
v 0.637322 -0.818568 -0.111111
v 0.657913 -0.801669 -0.141306
v 0.275557 -1.000151 0.777778
v 0.301047 -0.992419 0.747582
v 0.326537 -0.984686 0.777778
v 0.301047 -0.992419 0.807973
v 0.927175 -0.465382 0.555556
v 0.914618 -0.488873 0.585751
v 0.902062 -0.512365 0.555556
v 0.914618 -0.488873 0.525360
v -1.000151 -0.275556 0.777778
v -0.992419 -0.301046 0.747582
v -0.984686 -0.326536 0.777778
v -0.992419 -0.301046 0.807973
v -0.902062 -0.512365 0.555556
v -0.914618 -0.488873 0.585751
v -0.927175 -0.465381 0.555556
v -0.914618 -0.488873 0.525360
v -0.784772 -0.678503 -0.555556
v -0.801670 -0.657913 -0.525360
v -0.818568 -0.637322 -0.555556
v -0.801670 -0.657913 -0.585751
v -1.034692 0.075143 -0.333333
v -1.032081 0.101652 -0.303138
v -1.029470 0.128161 -0.333333
v -1.032081 0.101652 -0.363529
v -1.034692 0.075143 0.333333
v -1.032081 0.101652 0.363529
v -1.029470 0.128161 0.333333
v -1.032081 0.101652 0.303138
v -0.784772 -0.678503 -0.333333
v -0.801670 -0.657913 -0.303138
v -0.818568 -0.637322 -0.333333
v -0.801670 -0.657913 -0.363529
v -0.075143 -1.034692 -0.111111
v -0.101651 -1.032081 -0.080916
v -0.128160 -1.029470 -0.111111
v -0.101651 -1.032081 -0.141307
v -0.927174 0.465383 -0.555556
v -0.914618 0.488875 -0.525360
v -0.902061 0.512366 -0.555556
v -0.914618 0.488875 -0.585751
v 0.818568 -0.637322 0.555556
v 0.801670 -0.657913 0.585751
v 0.784771 -0.678504 0.555556
v 0.801670 -0.657913 0.525360
v -0.075143 -1.034692 0.333333
v -0.101651 -1.032081 0.363529
v -0.128160 -1.029470 0.333333
v -0.101651 -1.032081 0.303138
v -0.637323 -0.818567 -0.777778
v -0.657914 -0.801669 -0.747582
v -0.678504 -0.784771 -0.777778
v -0.657914 -0.801669 -0.807973
v 0.678504 -0.784771 -0.777778
v 0.657913 -0.801669 -0.747582
v 0.637322 -0.818568 -0.777778
v 0.657913 -0.801669 -0.807973
v -0.784772 -0.678503 -0.111111
v -0.801670 -0.657913 -0.080916
v -0.818568 -0.637322 -0.111111
v -0.801670 -0.657913 -0.141307
v 0.128159 -1.029470 -0.111111
v 0.101651 -1.032081 -0.080916
v 0.075142 -1.034692 -0.111111
v 0.101651 -1.032081 -0.141307
v -0.784772 -0.678503 0.111111
v -0.801670 -0.657913 0.141306
v -0.818568 -0.637322 0.111111
v -0.801670 -0.657913 0.080916
v 0.128159 -1.029470 -0.555556
v 0.101651 -1.032081 -0.525360
v 0.075142 -1.034692 -0.555556
v 0.101651 -1.032081 -0.585751
v 0.818568 -0.637322 0.111111
v 0.801670 -0.657913 0.141306
v 0.784771 -0.678504 0.111111
v 0.801670 -0.657913 0.080916
v 0.784771 0.678504 0.333333
v 0.801670 0.657913 0.363529
v 0.818568 0.637322 0.333333
v 0.801670 0.657913 0.303138
v 0.784771 0.678504 0.555556
v 0.801669 0.657913 0.585751
v 0.818568 0.637322 0.555556
v 0.801669 0.657913 0.525360
v 0.637322 -0.818568 0.777778
v 0.657913 -0.801670 0.747582
v 0.678504 -0.784771 0.777778
v 0.657913 -0.801670 0.807973
v -0.512364 0.902062 0.333333
v -0.488872 0.914619 0.363529
v -0.465381 0.927175 0.333333
v -0.488872 0.914619 0.303138
v -0.075143 -1.034692 -0.555556
v -0.101651 -1.032081 -0.525360
v -0.128160 -1.029470 -0.555556
v -0.101651 -1.032081 -0.585751
v -0.275557 -1.000151 -0.333333
v -0.301047 -0.992418 -0.303138
v -0.326537 -0.984686 -0.333333
v -0.301047 -0.992418 -0.363529
v 0.637322 0.818568 -0.555556
v 0.657913 0.801669 -0.525360
v 0.678504 0.784771 -0.555556
v 0.657913 0.801669 -0.585751
v -0.984686 -0.326536 -0.777778
v -0.992419 -0.301046 -0.747582
v -1.000151 -0.275556 -0.777778
v -0.992419 -0.301046 -0.807973
v -0.465382 -0.927174 -0.333333
v -0.488874 -0.914618 -0.303138
v -0.512366 -0.902061 -0.333333
v -0.488874 -0.914618 -0.363529
v -0.902061 0.512366 0.777778
v -0.914618 0.488875 0.747582
v -0.927174 0.465383 0.777778
v -0.914618 0.488875 0.807973
v 0.512365 -0.902062 0.111111
v 0.488873 -0.914618 0.141306
v 0.465382 -0.927175 0.111111
v 0.488873 -0.914618 0.080916
v -0.927174 0.465383 -0.777778
v -0.914618 0.488875 -0.747582
v -0.902061 0.512366 -0.777778
v -0.914618 0.488875 -0.807973
v 0.678504 -0.784771 -0.555556
v 0.657913 -0.801669 -0.525360
v 0.637322 -0.818568 -0.555556
v 0.657913 -0.801669 -0.585751
v -0.784772 -0.678503 0.555556
v -0.801670 -0.657913 0.585751
v -0.818568 -0.637322 0.555556
v -0.801670 -0.657913 0.525360
v 0.818568 -0.637322 -0.333333
v 0.801670 -0.657913 -0.303138
v 0.784771 -0.678504 -0.333333
v 0.801670 -0.657913 -0.363529
v -0.275557 -1.000151 -0.111111
v -0.301047 -0.992418 -0.080916
v -0.326537 -0.984686 -0.111111
v -0.301047 -0.992418 -0.141307
v 0.075142 1.034692 -0.555556
v 0.101651 1.032081 -0.525360
v 0.128160 1.029470 -0.555556
v 0.101651 1.032081 -0.585751
v -1.000151 0.275558 -0.111111
v -0.992418 0.301048 -0.080916
v -0.984686 0.326538 -0.111111
v -0.992418 0.301048 -0.141306
v 0.637322 0.818568 -0.777778
v 0.657913 0.801670 -0.747582
v 0.678504 0.784771 -0.777778
v 0.657913 0.801670 -0.807973
v 0.902062 0.512365 -0.777778
v 0.914618 0.488874 -0.747582
v 0.927175 0.465382 -0.777778
v 0.914618 0.488874 -0.807973
v -1.000151 0.275558 -0.333333
v -0.992418 0.301048 -0.303138
v -0.984686 0.326538 -0.333333
v -0.992418 0.301048 -0.363529
v 1.029470 0.128160 -0.555556
v 1.032081 0.101651 -0.525360
v 1.034692 0.075142 -0.555556
v 1.032081 0.101651 -0.585751
v 1.000151 -0.275557 -0.555556
v 0.992419 -0.301047 -0.525360
v 0.984686 -0.326537 -0.555556
v 0.992419 -0.301047 -0.585751
v 0.075142 1.034692 0.111111
v 0.101651 1.032081 0.141306
v 0.128160 1.029470 0.111111
v 0.101651 1.032081 0.080916
v 1.034692 -0.075142 0.555556
v 1.032081 -0.101651 0.585751
v 1.029470 -0.128160 0.555556
v 1.032081 -0.101651 0.525360
v -0.637323 -0.818567 0.111111
v -0.657914 -0.801669 0.141306
v -0.678504 -0.784771 0.111111
v -0.657914 -0.801669 0.080916
v 1.034692 -0.075142 0.111111
v 1.032081 -0.101651 0.141306
v 1.029470 -0.128160 0.111111
v 1.032081 -0.101651 0.080916
v 0.465382 0.927175 0.333333
v 0.488874 0.914618 0.363529
v 0.512365 0.902062 0.333333
v 0.488874 0.914618 0.303138
v -0.326535 0.984687 0.111111
v -0.301045 0.992419 0.141307
v -0.275555 1.000151 0.111111
v -0.301045 0.992419 0.080916
v 0.465382 0.927175 -0.777778
v 0.488874 0.914618 -0.747582
v 0.512365 0.902062 -0.777778
v 0.488874 0.914618 -0.807973
v 1.029470 0.128160 0.333333
v 1.032081 0.101651 0.363529
v 1.034692 0.075142 0.333333
v 1.032081 0.101651 0.303138
v 1.029470 0.128160 0.555556
v 1.032081 0.101651 0.585751
v 1.034692 0.075142 0.555556
v 1.032081 0.101651 0.525360
v 1.029470 0.128160 -0.777778
v 1.032081 0.101651 -0.747582
v 1.034692 0.075143 -0.777778
v 1.032081 0.101651 -0.807973
v 1.029470 0.128160 0.111111
v 1.032081 0.101651 0.141306
v 1.034692 0.075142 0.111111
v 1.032081 0.101651 0.080916
v 1.029470 0.128160 -0.333333
v 1.032081 0.101651 -0.303138
v 1.034692 0.075142 -0.333333
v 1.032081 0.101651 -0.363529
v -0.128159 1.029470 -0.777778
v -0.101650 1.032081 -0.747582
v -0.075142 1.034692 -0.777778
v -0.101650 1.032081 -0.807973
v 1.029470 0.128160 -0.111111
v 1.032081 0.101651 -0.080916
v 1.034692 0.075142 -0.111111
v 1.032081 0.101651 -0.141306
v 0.275557 1.000151 -0.555556
v 0.301047 0.992419 -0.525360
v 0.326537 0.984686 -0.555556
v 0.301047 0.992419 -0.585751
v 0.984686 0.326537 0.555556
v 0.992418 0.301047 0.585751
v 1.000151 0.275557 0.555556
v 0.992418 0.301047 0.525360
v -0.902062 -0.512365 -0.777778
v -0.914618 -0.488873 -0.747582
v -0.927175 -0.465381 -0.777778
v -0.914618 -0.488873 -0.807973
v -0.784770 0.678505 0.777778
v -0.801669 0.657914 0.747582
v -0.818567 0.637323 0.777778
v -0.801669 0.657914 0.807973
v 0.637322 0.818568 0.555556
v 0.657913 0.801670 0.585751
v 0.678504 0.784771 0.555556
v 0.657913 0.801670 0.525360
v -1.000151 0.275558 -0.777778
v -0.992418 0.301048 -0.747582
v -0.984686 0.326538 -0.777778
v -0.992418 0.301048 -0.807973
v -0.465382 -0.927174 0.111111
v -0.488874 -0.914618 0.141306
v -0.512366 -0.902061 0.111111
v -0.488874 -0.914618 0.080916
v -1.000151 0.275558 0.333333
v -0.992418 0.301048 0.363529
v -0.984686 0.326538 0.333333
v -0.992418 0.301048 0.303138
v 1.000151 -0.275557 -0.333333
v 0.992419 -0.301047 -0.303138
v 0.984686 -0.326537 -0.333333
v 0.992419 -0.301047 -0.363529
v 1.034692 -0.075142 0.333333
v 1.032081 -0.101651 0.363529
v 1.029470 -0.128160 0.333333
v 1.032081 -0.101651 0.303138
v 0.326537 0.984686 0.777778
v 0.301047 0.992418 0.747582
v 0.275557 1.000151 0.777778
v 0.301047 0.992418 0.807973
v -1.034692 0.075143 0.111111
v -1.032081 0.101652 0.141306
v -1.029470 0.128161 0.111111
v -1.032081 0.101652 0.080916
v 0.902062 0.512365 -0.111111
v 0.914618 0.488874 -0.080916
v 0.927175 0.465382 -0.111111
v 0.914618 0.488874 -0.141306
v 0.902062 0.512365 -0.555556
v 0.914618 0.488874 -0.525360
v 0.927175 0.465382 -0.555556
v 0.914618 0.488874 -0.585751
v 0.784771 -0.678504 0.777778
v 0.801669 -0.657913 0.747582
v 0.818568 -0.637322 0.777778
v 0.801669 -0.657913 0.807973
v -0.818568 -0.637322 0.777778
v -0.801670 -0.657913 0.747582
v -0.784772 -0.678503 0.777778
v -0.801670 -0.657913 0.807973
v 0.678504 -0.784771 -0.333333
v 0.657913 -0.801669 -0.303138
v 0.637322 -0.818568 -0.333333
v 0.657913 -0.801669 -0.363529
v 0.818568 -0.637322 -0.111111
v 0.801669 -0.657913 -0.080916
v 0.784771 -0.678504 -0.111111
v 0.801669 -0.657913 -0.141306
v -0.465382 -0.927174 0.333333
v -0.488874 -0.914618 0.363529
v -0.512366 -0.902061 0.333333
v -0.488874 -0.914618 0.303138
v -0.678503 0.784772 0.555556
v -0.657912 0.801670 0.585751
v -0.637321 0.818569 0.555556
v -0.657912 0.801670 0.525360
v -0.075143 -1.034692 -0.333333
v -0.101651 -1.032081 -0.303138
v -0.128160 -1.029470 -0.333333
v -0.101651 -1.032081 -0.363529
v -1.000151 0.275558 -0.555556
v -0.992418 0.301048 -0.525360
v -0.984686 0.326538 -0.555556
v -0.992418 0.301048 -0.585751
v -0.465382 -0.927174 0.555556
v -0.488874 -0.914618 0.585751
v -0.512366 -0.902061 0.555556
v -0.488874 -0.914618 0.525360
v -0.927175 -0.465381 0.777778
v -0.914618 -0.488873 0.747582
v -0.902062 -0.512365 0.777778
v -0.914618 -0.488873 0.807973
v 0.927175 0.465382 0.777778
v 0.914618 0.488874 0.747582
v 0.902062 0.512365 0.777778
v 0.914618 0.488874 0.807973
v 1.000151 -0.275557 -0.777778
v 0.992419 -0.301047 -0.747582
v 0.984686 -0.326537 -0.777778
v 0.992419 -0.301047 -0.807973
v 0.637322 0.818568 0.111111
v 0.657913 0.801670 0.141306
v 0.678504 0.784771 0.111111
v 0.657913 0.801670 0.080916
v 0.637322 0.818568 -0.333333
v 0.657913 0.801670 -0.303138
v 0.678504 0.784771 -0.333333
v 0.657913 0.801670 -0.363529
v 0.275557 1.000151 0.111111
v 0.301047 0.992419 0.141306
v 0.326537 0.984686 0.111111
v 0.301047 0.992419 0.080916
v 0.984686 0.326537 -0.111111
v 0.992418 0.301047 -0.080916
v 1.000151 0.275557 -0.111111
v 0.992418 0.301047 -0.141306
v 0.984686 -0.326537 0.777778
v 0.992419 -0.301047 0.747582
v 1.000151 -0.275557 0.777778
v 0.992419 -0.301047 0.807973
v -0.818567 0.637324 0.555556
v -0.801669 0.657914 0.585751
v -0.784770 0.678505 0.555556
v -0.801669 0.657914 0.525360
v -0.818567 0.637324 0.333333
v -0.801669 0.657914 0.363529
v -0.784770 0.678505 0.333333
v -0.801669 0.657914 0.303138
v 0.275557 1.000151 0.333333
v 0.301047 0.992419 0.363529
v 0.326537 0.984686 0.333333
v 0.301047 0.992419 0.303138
v 0.465382 0.927175 -0.333333
v 0.488874 0.914618 -0.303138
v 0.512365 0.902062 -0.333333
v 0.488874 0.914618 -0.363529
v 1.034692 -0.075142 -0.555556
v 1.032081 -0.101651 -0.525360
v 1.029470 -0.128160 -0.555556
v 1.032081 -0.101651 -0.585751
v 0.275557 1.000151 -0.777778
v 0.301047 0.992419 -0.747582
v 0.326537 0.984686 -0.777778
v 0.301047 0.992419 -0.807973
v -0.984686 0.326538 0.777778
v -0.992418 0.301048 0.747582
v -1.000151 0.275558 0.777778
v -0.992418 0.301048 0.807973
v -0.275555 1.000151 0.777778
v -0.301045 0.992419 0.747582
v -0.326535 0.984687 0.777778
v -0.301045 0.992419 0.807973
v -0.818567 0.637324 -0.333333
v -0.801669 0.657914 -0.303138
v -0.784770 0.678505 -0.333333
v -0.801669 0.657914 -0.363529
v 0.275557 1.000151 0.555556
v 0.301047 0.992419 0.585751
v 0.326537 0.984686 0.555556
v 0.301047 0.992419 0.525360
v -0.326535 0.984687 0.333333
v -0.301045 0.992419 0.363529
v -0.275555 1.000151 0.333333
v -0.301045 0.992419 0.303138
v 0.512365 -0.902062 0.333333
v 0.488873 -0.914618 0.363529
v 0.465382 -0.927175 0.333333
v 0.488873 -0.914618 0.303138
v 0.902062 0.512365 0.555556
v 0.914618 0.488874 0.585751
v 0.927175 0.465382 0.555556
v 0.914618 0.488874 0.525360
v 1.034692 -0.075142 -0.333333
v 1.032081 -0.101651 -0.303138
v 1.029470 -0.128160 -0.333333
v 1.032081 -0.101651 -0.363529
v 0.075142 1.034692 0.555556
v 0.101651 1.032081 0.585751
v 0.128160 1.029470 0.555556
v 0.101651 1.032081 0.525360
v 1.000151 -0.275557 0.111111
v 0.992419 -0.301047 0.141306
v 0.984686 -0.326537 0.111111
v 0.992419 -0.301047 0.080916
v 0.465382 0.927175 0.111111
v 0.488874 0.914618 0.141306
v 0.512365 0.902062 0.111111
v 0.488874 0.914618 0.080916
v 0.902062 0.512365 0.333333
v 0.914618 0.488873 0.363529
v 0.927175 0.465382 0.333333
v 0.914618 0.488874 0.303138
v 0.000000 0.829142 1.060605
v 0.161758 0.813210 1.060605
v 0.317299 0.766028 1.060605
v 0.460647 0.689407 1.060605
v 0.586292 0.586292 1.060605
v 0.689407 0.460647 1.060605
v 0.766028 0.317299 1.060605
v 0.813210 0.161758 1.060605
v 0.829142 0.000000 1.060605
v 0.813210 -0.161758 1.060605
v 0.766028 -0.317299 1.060605
v 0.689407 -0.460647 1.060605
v 0.586292 -0.586292 1.060605
v 0.460647 -0.689407 1.060605
v 0.317299 -0.766028 1.060605
v 0.161757 -0.813211 1.060605
v 0.000000 -0.829142 1.060605
v -0.161758 -0.813210 1.060605
v -0.317299 -0.766027 1.060605
v -0.460647 -0.689406 1.060605
v -0.586292 -0.586292 1.060605
v -0.689407 -0.460646 1.060605
v -0.766028 -0.317298 1.060605
v -0.813211 -0.161757 1.060605
v -0.829142 0.000001 1.060605
v -0.813210 0.161758 1.060605
v -0.766027 0.317300 1.060605
v -0.689406 0.460648 1.060605
v -0.586291 0.586293 1.060605
v -0.460646 0.689407 1.060605
v -0.317298 0.766028 1.060605
v -0.161756 0.813211 1.060605
v 0.000000 0.827697 -1.084173
v 0.161476 0.811793 -1.084173
v 0.316746 0.764692 -1.084173
v 0.459844 0.688205 -1.084173
v 0.585270 0.585270 -1.084173
v 0.688205 0.459844 -1.084173
v 0.764692 0.316746 -1.084173
v 0.811793 0.161476 -1.084173
v 0.827697 0.000000 -1.084173
v 0.811793 -0.161475 -1.084173
v 0.764692 -0.316746 -1.084173
v 0.688205 -0.459844 -1.084173
v 0.585270 -0.585270 -1.084173
v 0.459844 -0.688205 -1.084173
v 0.316746 -0.764692 -1.084173
v 0.161475 -0.811793 -1.084173
v 0.000000 -0.827697 -1.084173
v -0.161476 -0.811793 -1.084173
v -0.316746 -0.764692 -1.084173
v -0.459844 -0.688205 -1.084173
v -0.585271 -0.585270 -1.084173
v -0.688205 -0.459843 -1.084173
v -0.764693 -0.316745 -1.084173
v -0.811793 -0.161475 -1.084173
v -0.827697 0.000001 -1.084173
v -0.811793 0.161477 -1.084173
v -0.764692 0.316747 -1.084173
v -0.688204 0.459845 -1.084173
v -0.585269 0.585271 -1.084173
v -0.459843 0.688206 -1.084173
v -0.316745 0.764693 -1.084173
v -0.161474 0.811793 -1.084173
v -0.161662 0.812738 0.345679
v -0.161568 0.812266 -0.369247
v -0.316929 0.765138 -0.369247
v -0.317114 0.765583 0.345679
v -0.460111 0.688606 -0.369247
v -0.460378 0.689007 0.345679
v -0.585610 0.585612 -0.369247
v -0.585951 0.585952 0.345679
v -0.688605 0.460112 -0.369247
v -0.689005 0.460380 0.345679
v -0.765137 0.316931 -0.369247
v -0.765582 0.317116 0.345679
v -0.812265 0.161571 -0.369247
v -0.812738 0.161665 0.345679
v -0.828179 0.000001 -0.369247
v -0.828661 0.000001 0.345679
v -0.812266 -0.161569 -0.369247
v -0.812738 -0.161663 0.345679
v -0.765138 -0.316930 -0.369247
v -0.765583 -0.317114 0.345679
v -0.688606 -0.460111 -0.369247
v -0.689006 -0.460379 0.345679
v -0.585611 -0.585610 -0.369247
v -0.585952 -0.585951 0.345679
v -0.460112 -0.688605 -0.369247
v -0.460379 -0.689006 0.345679
v -0.316931 -0.765137 -0.369247
v -0.317115 -0.765582 0.345679
v -0.161570 -0.812265 -0.369247
v -0.161664 -0.812738 0.345679
v 0.000000 -0.828179 -0.369247
v 0.000000 -0.828660 0.345679
v 0.161569 -0.812266 -0.369247
v 0.161663 -0.812738 0.345679
v 0.316930 -0.765137 -0.369247
v 0.317115 -0.765583 0.345679
v 0.460111 -0.688605 -0.369247
v 0.460379 -0.689006 0.345679
v 0.585611 -0.585611 -0.369247
v 0.585951 -0.585951 0.345679
v 0.688606 -0.460111 -0.369247
v 0.689006 -0.460379 0.345679
v 0.765137 -0.316930 -0.369247
v 0.765583 -0.317114 0.345679
v 0.812266 -0.161570 -0.369247
v 0.812738 -0.161664 0.345679
v 0.828179 0.000000 -0.369247
v 0.828660 0.000000 0.345679
v 0.812266 0.161570 -0.369247
v 0.812738 0.161664 0.345679
v 0.765137 0.316930 -0.369247
v 0.765582 0.317115 0.345679
v 0.688606 0.460112 -0.369247
v 0.689006 0.460379 0.345679
v 0.585611 0.585611 -0.369247
v 0.585951 0.585952 0.345679
v 0.460111 0.688605 -0.369247
v 0.460379 0.689006 0.345679
v 0.316930 0.765137 -0.369247
v 0.317115 0.765583 0.345679
v 0.161570 0.812266 -0.369247
v 0.161664 0.812738 0.345679
v 0.000000 0.828179 -0.369247
v 0.000000 0.828661 0.345679
# 2912 positions

vt 0.274549 0.568042
vt 0.274549 0.578355
vt 0.268675 0.573198
vt 0.274549 0.588272
vt 0.268675 0.583314
vt 0.274549 0.597412
vt 0.268675 0.592842
vt 0.274549 0.605422
vt 0.268675 0.601417
vt 0.586658 0.634954
vt 0.578646 0.634954
vt 0.582651 0.629081
vt 0.569507 0.634954
vt 0.574077 0.629081
vt 0.559590 0.634954
vt 0.564549 0.629081
vt 0.549277 0.634954
vt 0.554434 0.629081
vt 0.538964 0.634954
vt 0.544120 0.629081
vt 0.529047 0.634954
vt 0.534005 0.629081
vt 0.519907 0.634954
vt 0.524477 0.629081
vt 0.511896 0.634954
vt 0.515901 0.629081
vt 0.281857 0.545405
vt 0.281857 0.553416
vt 0.287731 0.549411
vt 0.281857 0.562556
vt 0.287731 0.557986
vt 0.281857 0.572473
vt 0.287731 0.567514
vt 0.281857 0.582786
vt 0.287731 0.577629
vt 0.281857 0.593099
vt 0.287731 0.587942
vt 0.281857 0.603016
vt 0.287731 0.598058
vt 0.281857 0.612156
vt 0.287731 0.607586
vt 0.281857 0.620166
vt 0.287731 0.616161
vt 0.622698 0.281857
vt 0.614687 0.281857
vt 0.618693 0.287731
vt 0.605548 0.281857
vt 0.610118 0.287731
vt 0.595630 0.281857
vt 0.600589 0.287731
vt 0.585317 0.281857
vt 0.590474 0.287731
vt 0.575004 0.281857
vt 0.580160 0.287731
vt 0.565087 0.281857
vt 0.570045 0.287731
vt 0.555948 0.281857
vt 0.560517 0.287731
vt 0.547937 0.281857
vt 0.551942 0.287731
vt 0.274549 0.530661
vt 0.274549 0.538672
vt 0.268675 0.534667
vt 0.274549 0.547812
vt 0.268675 0.543242
vt 0.274549 0.557729
vt 0.268675 0.552770
vt 0.268675 0.562885
vt 0.168821 0.568042
vt 0.168821 0.557729
vt 0.174694 0.562885
vt 0.168821 0.547812
vt 0.174694 0.552770
vt 0.168821 0.538672
vt 0.174694 0.543242
vt 0.168821 0.530661
vt 0.174694 0.534667
vt 0.547937 0.387585
vt 0.555948 0.387585
vt 0.551942 0.381711
vt 0.565087 0.387585
vt 0.560517 0.381711
vt 0.575004 0.387585
vt 0.570045 0.381711
vt 0.585317 0.387585
vt 0.580160 0.381711
vt 0.595630 0.387585
vt 0.590474 0.381711
vt 0.605548 0.387585
vt 0.600589 0.381711
vt 0.614687 0.387585
vt 0.610118 0.381711
vt 0.622698 0.387585
vt 0.618693 0.381711
vt 0.387585 0.620166
vt 0.387585 0.612156
vt 0.381711 0.616161
vt 0.387585 0.603016
vt 0.381711 0.607586
vt 0.387585 0.593099
vt 0.381711 0.598058
vt 0.387585 0.582786
vt 0.381711 0.587942
vt 0.387585 0.572473
vt 0.381711 0.577629
vt 0.387585 0.562556
vt 0.381711 0.567514
vt 0.387585 0.553416
vt 0.381711 0.557986
vt 0.387585 0.545405
vt 0.381711 0.549411
vt 0.511896 0.529226
vt 0.519907 0.529226
vt 0.515901 0.535100
vt 0.529047 0.529226
vt 0.524477 0.535100
vt 0.538964 0.529226
vt 0.534005 0.535100
vt 0.549277 0.529226
vt 0.544120 0.535100
vt 0.559590 0.529226
vt 0.554434 0.535100
vt 0.569507 0.529226
vt 0.564549 0.535100
vt 0.578646 0.529226
vt 0.574077 0.535100
vt 0.586658 0.529226
vt 0.582652 0.535100
vt 0.168821 0.605422
vt 0.168821 0.597412
vt 0.174694 0.601417
vt 0.168821 0.588272
vt 0.174694 0.592842
vt 0.168821 0.578355
vt 0.174694 0.583314
vt 0.174694 0.573198
vt 0.176291 0.568042
vt 0.174694 0.569443
vt 0.173098 0.568042
vt 0.174694 0.566641
vt 0.180569 0.568042
vt 0.258524 0.568042
vt 0.256927 0.569443
vt 0.255331 0.568042
vt 0.256927 0.566641
vt 0.256927 0.573198
vt 0.262801 0.568042
vt 0.251054 0.568042
vt 0.256927 0.562885
vt 0.255331 0.557333
vt 0.256927 0.555985
vt 0.258524 0.557333
vt 0.256927 0.558734
vt 0.256927 0.552770
vt 0.251054 0.557729
vt 0.262801 0.557729
vt 0.184846 0.557333
vt 0.186442 0.555985
vt 0.188038 0.557333
vt 0.186442 0.558734
vt 0.186442 0.552770
vt 0.180569 0.557729
vt 0.192316 0.557729
vt 0.186442 0.562885
vt 0.270271 0.557333
vt 0.268675 0.558734
vt 0.267079 0.557333
vt 0.268675 0.555985
vt 0.243584 0.557333
vt 0.245180 0.555985
vt 0.246776 0.557333
vt 0.245180 0.558734
vt 0.245180 0.552770
vt 0.239307 0.557729
vt 0.245180 0.562885
vt 0.211533 0.568042
vt 0.209937 0.569443
vt 0.208341 0.568042
vt 0.209937 0.566641
vt 0.209937 0.573198
vt 0.215811 0.568042
vt 0.204064 0.568042
vt 0.209937 0.562885
vt 0.196593 0.557333
vt 0.198189 0.555985
vt 0.199786 0.557333
vt 0.198189 0.558734
vt 0.198189 0.552770
vt 0.204064 0.557729
vt 0.198189 0.562885
vt 0.208341 0.557333
vt 0.209937 0.555985
vt 0.211533 0.557333
vt 0.209937 0.558734
vt 0.209937 0.552770
vt 0.215811 0.557729
vt 0.324569 0.561779
vt 0.322973 0.560537
vt 0.321377 0.561779
vt 0.322973 0.563127
vt 0.322973 0.557986
vt 0.328847 0.562556
vt 0.317100 0.562556
vt 0.322973 0.567514
vt 0.255331 0.598539
vt 0.256927 0.597297
vt 0.258524 0.598539
vt 0.256927 0.599628
vt 0.256927 0.592842
vt 0.251054 0.597412
vt 0.262801 0.597412
vt 0.256927 0.601417
vt 0.596027 0.383308
vt 0.597374 0.381711
vt 0.596027 0.380115
vt 0.594625 0.381711
vt 0.595630 0.375838
vt 0.173098 0.547035
vt 0.174694 0.545793
vt 0.176291 0.547035
vt 0.174694 0.548383
vt 0.180569 0.547812
vt 0.510461 0.592242
vt 0.511549 0.593838
vt 0.510461 0.595434
vt 0.509568 0.593838
vt 0.515901 0.593838
vt 0.511896 0.587964
vt 0.511896 0.599712
vt 0.322973 0.549411
vt 0.322973 0.545059
vt 0.321377 0.543970
vt 0.317100 0.545405
vt 0.328847 0.545405
vt 0.324569 0.543970
vt 0.624133 0.336317
vt 0.625026 0.334721
vt 0.624133 0.333125
vt 0.623045 0.334721
vt 0.334721 0.616161
vt 0.334721 0.620513
vt 0.336317 0.621601
vt 0.340595 0.620166
vt 0.328847 0.620166
vt 0.333124 0.621601
vt 0.618693 0.334721
vt 0.622698 0.328847
vt 0.622698 0.340595
vt 0.220088 0.606858
vt 0.221685 0.605769
vt 0.223281 0.606858
vt 0.221685 0.607751
vt 0.221685 0.601417
vt 0.215811 0.605422
vt 0.227559 0.605422
vt 0.582651 0.582090
vt 0.587003 0.582090
vt 0.588093 0.583687
vt 0.586658 0.587964
vt 0.586658 0.576217
vt 0.588093 0.580494
vt 0.184846 0.547035
vt 0.186442 0.545793
vt 0.188038 0.547035
vt 0.186442 0.548383
vt 0.186442 0.543242
vt 0.192316 0.547812
vt 0.574608 0.324570
vt 0.576010 0.322974
vt 0.574608 0.321377
vt 0.573260 0.322974
vt 0.580160 0.322974
vt 0.575004 0.328847
vt 0.575004 0.317100
vt 0.570045 0.322974
vt 0.312822 0.582786
vt 0.311226 0.581385
vt 0.309629 0.582786
vt 0.311226 0.584187
vt 0.311226 0.577629
vt 0.317100 0.582786
vt 0.305352 0.582786
vt 0.311226 0.587942
vt 0.243584 0.537545
vt 0.245180 0.536456
vt 0.246776 0.537545
vt 0.245180 0.538787
vt 0.245180 0.534667
vt 0.239307 0.538672
vt 0.251054 0.538672
vt 0.245180 0.543242
vt 0.585317 0.348065
vt 0.586718 0.346469
vt 0.585317 0.344872
vt 0.583916 0.346469
vt 0.590474 0.346469
vt 0.585317 0.352342
vt 0.585317 0.340595
vt 0.580160 0.346469
vt 0.615815 0.312822
vt 0.616903 0.311226
vt 0.615815 0.309630
vt 0.614573 0.311226
vt 0.618693 0.311226
vt 0.614687 0.317100
vt 0.614687 0.305352
vt 0.610118 0.311226
vt 0.606324 0.383308
vt 0.607566 0.381711
vt 0.606324 0.380115
vt 0.604976 0.381711
vt 0.605548 0.375838
vt 0.173098 0.589049
vt 0.174694 0.587701
vt 0.176291 0.589049
vt 0.174694 0.590291
vt 0.180569 0.588272
vt 0.184846 0.537545
vt 0.186442 0.536456
vt 0.188038 0.537545
vt 0.186442 0.538787
vt 0.186442 0.534667
vt 0.180569 0.538672
vt 0.192316 0.538672
vt 0.518780 0.630677
vt 0.517691 0.629081
vt 0.518780 0.627484
vt 0.520022 0.629081
vt 0.519907 0.623207
vt 0.579774 0.556999
vt 0.580862 0.558595
vt 0.579774 0.560192
vt 0.578532 0.558595
vt 0.582651 0.558595
vt 0.578646 0.552721
vt 0.578646 0.564469
vt 0.574077 0.558595
vt 0.546502 0.324570
vt 0.547590 0.322974
vt 0.546502 0.321377
vt 0.545608 0.322974
vt 0.551942 0.322974
vt 0.547937 0.328847
vt 0.547937 0.317100
vt 0.233432 0.534667
vt 0.233432 0.530315
vt 0.235029 0.529226
vt 0.239307 0.530661
vt 0.227559 0.530661
vt 0.231836 0.529226
vt 0.528270 0.533504
vt 0.529618 0.535100
vt 0.528270 0.536696
vt 0.527028 0.535100
vt 0.529047 0.540974
vt 0.546502 0.312822
vt 0.547590 0.311226
vt 0.546502 0.309630
vt 0.545608 0.311226
vt 0.551942 0.311226
vt 0.547937 0.305352
vt 0.245180 0.530315
vt 0.246776 0.529226
vt 0.251054 0.530661
vt 0.243584 0.529226
vt 0.196593 0.578751
vt 0.198189 0.577350
vt 0.199786 0.578751
vt 0.198189 0.580099
vt 0.198189 0.573198
vt 0.192316 0.578355
vt 0.204064 0.578355
vt 0.198189 0.583314
vt 0.546502 0.359812
vt 0.547590 0.358216
vt 0.546502 0.356620
vt 0.545608 0.358216
vt 0.551942 0.358216
vt 0.547937 0.364090
vt 0.547937 0.352342
vt 0.198189 0.534667
vt 0.198189 0.530315
vt 0.199786 0.529226
vt 0.204064 0.530661
vt 0.192316 0.530661
vt 0.196593 0.529226
vt 0.510461 0.545251
vt 0.511549 0.546848
vt 0.510461 0.548444
vt 0.509568 0.546848
vt 0.515901 0.546848
vt 0.511896 0.540974
vt 0.511896 0.552721
vt 0.369963 0.549411
vt 0.369963 0.545059
vt 0.368367 0.543970
vt 0.364090 0.545405
vt 0.375838 0.545405
vt 0.371560 0.543970
vt 0.336317 0.593495
vt 0.334721 0.592094
vt 0.333124 0.593495
vt 0.334721 0.594843
vt 0.334721 0.587942
vt 0.340595 0.593099
vt 0.328847 0.593099
vt 0.334721 0.598058
vt 0.596027 0.301075
vt 0.597374 0.299478
vt 0.596027 0.297882
vt 0.594625 0.299478
vt 0.600589 0.299478
vt 0.595630 0.305352
vt 0.595630 0.293605
vt 0.590474 0.299478
vt 0.554820 0.312822
vt 0.556062 0.311226
vt 0.554820 0.309630
vt 0.553732 0.311226
vt 0.560517 0.311226
vt 0.555948 0.317100
vt 0.555948 0.305352
vt 0.383307 0.582786
vt 0.381711 0.581385
vt 0.380115 0.582786
vt 0.381711 0.584187
vt 0.375838 0.582786
vt 0.538567 0.533504
vt 0.539969 0.535100
vt 0.538567 0.536696
vt 0.537220 0.535100
vt 0.538964 0.540974
vt 0.554820 0.336317
vt 0.556062 0.334721
vt 0.554820 0.333125
vt 0.553732 0.334721
vt 0.560517 0.334721
vt 0.555948 0.340595
vt 0.555948 0.328847
vt 0.551942 0.334721
vt 0.554820 0.324570
vt 0.556062 0.322974
vt 0.554820 0.321377
vt 0.553732 0.322974
vt 0.560517 0.322974
vt 0.312822 0.603793
vt 0.311226 0.602445
vt 0.309629 0.603793
vt 0.311226 0.605035
vt 0.311226 0.598058
vt 0.317100 0.603016
vt 0.305352 0.603016
vt 0.311226 0.607586
vt 0.574608 0.383308
vt 0.576009 0.381711
vt 0.574608 0.380115
vt 0.573260 0.381711
vt 0.575004 0.375838
vt 0.564311 0.301075
vt 0.565658 0.299478
vt 0.564311 0.297882
vt 0.563069 0.299478
vt 0.570045 0.299478
vt 0.565087 0.305352
vt 0.565087 0.293605
vt 0.560517 0.299478
vt 0.574608 0.348065
vt 0.576009 0.346469
vt 0.574608 0.344872
vt 0.573260 0.346469
vt 0.575004 0.352342
vt 0.575004 0.340595
vt 0.570045 0.346469
vt 0.564311 0.286135
vt 0.563069 0.287731
vt 0.564311 0.289327
vt 0.565658 0.287731
vt 0.564311 0.312822
vt 0.565658 0.311226
vt 0.564311 0.309630
vt 0.563069 0.311226
vt 0.570045 0.311226
vt 0.565087 0.317100
vt 0.564311 0.336317
vt 0.565658 0.334721
vt 0.564311 0.333125
vt 0.563069 0.334721
vt 0.570045 0.334721
vt 0.565087 0.340595
vt 0.565087 0.328847
vt 0.564311 0.359812
vt 0.565658 0.358216
vt 0.564311 0.356620
vt 0.563069 0.358216
vt 0.570045 0.358216
vt 0.565087 0.364090
vt 0.565087 0.352342
vt 0.560517 0.358216
vt 0.564311 0.348065
vt 0.565658 0.346469
vt 0.564311 0.344872
vt 0.563069 0.346469
vt 0.560517 0.346469
vt 0.574608 0.286135
vt 0.573260 0.287731
vt 0.574608 0.289327
vt 0.576010 0.287731
vt 0.575004 0.293605
vt 0.574608 0.301075
vt 0.576010 0.299478
vt 0.574608 0.297882
vt 0.573260 0.299478
vt 0.580160 0.299478
vt 0.575004 0.305352
vt 0.383307 0.603793
vt 0.381711 0.602445
vt 0.380115 0.603793
vt 0.381711 0.605035
vt 0.375838 0.603016
vt 0.359812 0.572077
vt 0.358216 0.570729
vt 0.356620 0.572077
vt 0.358216 0.573478
vt 0.358216 0.567514
vt 0.364090 0.572473
vt 0.352343 0.572473
vt 0.358216 0.577629
vt 0.231836 0.589049
vt 0.233432 0.587701
vt 0.235029 0.589049
vt 0.233432 0.590291
vt 0.233432 0.583314
vt 0.227559 0.588272
vt 0.239307 0.588272
vt 0.233432 0.592842
vt 0.554820 0.371560
vt 0.556062 0.369964
vt 0.554820 0.368367
vt 0.553732 0.369964
vt 0.560517 0.369964
vt 0.555948 0.375838
vt 0.555948 0.364090
vt 0.551942 0.369964
vt 0.596027 0.371560
vt 0.597374 0.369964
vt 0.596027 0.368367
vt 0.594625 0.369964
vt 0.600589 0.369964
vt 0.595630 0.364090
vt 0.590474 0.369964
vt 0.564311 0.324570
vt 0.565658 0.322974
vt 0.564311 0.321377
vt 0.563069 0.322974
vt 0.596027 0.348065
vt 0.597374 0.346469
vt 0.596027 0.344872
vt 0.594625 0.346469
vt 0.600589 0.346469
vt 0.595630 0.352342
vt 0.595630 0.340595
vt 0.301075 0.582786
vt 0.299479 0.581385
vt 0.297882 0.582786
vt 0.299479 0.584187
vt 0.299479 0.577629
vt 0.293605 0.582786
vt 0.299479 0.587942
vt 0.286135 0.613283
vt 0.287731 0.614372
vt 0.289327 0.613283
vt 0.287731 0.612041
vt 0.293605 0.612156
vt 0.359812 0.603793
vt 0.358216 0.602445
vt 0.356620 0.603793
vt 0.358216 0.605035
vt 0.358216 0.598058
vt 0.364090 0.603016
vt 0.352343 0.603016
vt 0.358216 0.607586
vt 0.615815 0.371560
vt 0.616903 0.369964
vt 0.615815 0.368367
vt 0.614573 0.369964
vt 0.618693 0.369964
vt 0.614687 0.375838
vt 0.614687 0.364090
vt 0.610118 0.369964
vt 0.615815 0.286135
vt 0.614573 0.287731
vt 0.615815 0.289327
vt 0.616903 0.287731
vt 0.614687 0.293605
vt 0.585317 0.359812
vt 0.586718 0.358216
vt 0.585317 0.356620
vt 0.583916 0.358216
vt 0.590474 0.358216
vt 0.585317 0.364090
vt 0.580160 0.358216
vt 0.624133 0.301075
vt 0.625026 0.299478
vt 0.624133 0.297882
vt 0.623045 0.299478
vt 0.299479 0.616161
vt 0.299479 0.620513
vt 0.301075 0.621601
vt 0.305352 0.620166
vt 0.293605 0.620166
vt 0.297882 0.621601
vt 0.618693 0.299478
vt 0.622698 0.293605
vt 0.622698 0.305352
vt 0.359812 0.552289
vt 0.358216 0.551200
vt 0.356620 0.552289
vt 0.358216 0.553530
vt 0.358216 0.549411
vt 0.364090 0.553416
vt 0.352343 0.553416
vt 0.358216 0.557986
vt 0.173098 0.537545
vt 0.174694 0.536456
vt 0.176291 0.537545
vt 0.174694 0.538787
vt 0.510461 0.580494
vt 0.511549 0.582090
vt 0.510461 0.583687
vt 0.509568 0.582090
vt 0.515901 0.582090
vt 0.511896 0.576217
vt 0.334721 0.549411
vt 0.334721 0.545059
vt 0.333124 0.543970
vt 0.340595 0.545405
vt 0.336317 0.543970
vt 0.324569 0.572077
vt 0.322973 0.570729
vt 0.321377 0.572077
vt 0.322973 0.573478
vt 0.328847 0.572473
vt 0.317100 0.572473
vt 0.322973 0.577629
vt 0.570283 0.545251
vt 0.571525 0.546848
vt 0.570283 0.548444
vt 0.568936 0.546848
vt 0.574077 0.546848
vt 0.569507 0.540974
vt 0.569507 0.552721
vt 0.564549 0.546848
vt 0.243584 0.547035
vt 0.245180 0.545793
vt 0.246776 0.547035
vt 0.245180 0.548383
vt 0.239307 0.547812
vt 0.251054 0.547812
vt 0.324569 0.593495
vt 0.322973 0.592094
vt 0.321377 0.593495
vt 0.322973 0.594843
vt 0.322973 0.587942
vt 0.317100 0.593099
vt 0.322973 0.598058
vt 0.596027 0.286135
vt 0.594625 0.287731
vt 0.596027 0.289327
vt 0.597374 0.287731
vt 0.336317 0.582786
vt 0.334721 0.581385
vt 0.333124 0.582786
vt 0.334721 0.584187
vt 0.334721 0.577629
vt 0.340595 0.582786
vt 0.328847 0.582786
vt 0.615815 0.359812
vt 0.616903 0.358216
vt 0.615815 0.356620
vt 0.614573 0.358216
vt 0.618693 0.358216
vt 0.614687 0.352342
vt 0.610118 0.358216
vt 0.579774 0.580494
vt 0.580862 0.582090
vt 0.579774 0.583687
vt 0.578532 0.582090
vt 0.578646 0.576217
vt 0.578646 0.587964
vt 0.574077 0.582090
vt 0.196593 0.598539
vt 0.198189 0.597297
vt 0.199786 0.598539
vt 0.198189 0.599628
vt 0.198189 0.592842
vt 0.192316 0.597412
vt 0.204064 0.597412
vt 0.198189 0.601417
vt 0.606324 0.312822
vt 0.607566 0.311226
vt 0.606324 0.309630
vt 0.604976 0.311226
vt 0.605548 0.317100
vt 0.605548 0.305352
vt 0.600589 0.311226
vt 0.570283 0.580494
vt 0.571525 0.582090
vt 0.570283 0.583687
vt 0.568936 0.582090
vt 0.569507 0.576217
vt 0.569507 0.587964
vt 0.564549 0.582090
vt 0.606324 0.324570
vt 0.607566 0.322974
vt 0.606324 0.321377
vt 0.604976 0.322974
vt 0.610118 0.322974
vt 0.605548 0.328847
vt 0.600589 0.322974
vt 0.606324 0.348065
vt 0.607566 0.346469
vt 0.606324 0.344872
vt 0.604976 0.346469
vt 0.610118 0.346469
vt 0.605548 0.352342
vt 0.605548 0.340595
vt 0.585317 0.336317
vt 0.586718 0.334721
vt 0.585317 0.333125
vt 0.583916 0.334721
vt 0.590474 0.334721
vt 0.585317 0.328847
vt 0.580160 0.334721
vt 0.615815 0.301075
vt 0.616903 0.299478
vt 0.615815 0.297882
vt 0.614573 0.299478
vt 0.610118 0.299478
vt 0.606324 0.301075
vt 0.607566 0.299478
vt 0.606324 0.297882
vt 0.604976 0.299478
vt 0.605548 0.293605
vt 0.208341 0.578751
vt 0.209937 0.577350
vt 0.211533 0.578751
vt 0.209937 0.580099
vt 0.215811 0.578355
vt 0.209937 0.583314
vt 0.220088 0.589049
vt 0.221685 0.587701
vt 0.223281 0.589049
vt 0.221685 0.590291
vt 0.221685 0.583314
vt 0.215811 0.588272
vt 0.221685 0.592842
vt 0.270271 0.578751
vt 0.268675 0.580099
vt 0.267079 0.578751
vt 0.268675 0.577350
vt 0.262801 0.578355
vt 0.624133 0.348065
vt 0.625026 0.346469
vt 0.624133 0.344872
vt 0.623045 0.346469
vt 0.346468 0.616161
vt 0.346468 0.620513
vt 0.348065 0.621601
vt 0.352343 0.620166
vt 0.344872 0.621601
vt 0.618693 0.346469
vt 0.622698 0.352342
vt 0.546502 0.383308
vt 0.547590 0.381711
vt 0.546502 0.380115
vt 0.545608 0.381711
vt 0.547937 0.375838
vt 0.174694 0.530315
vt 0.176291 0.529226
vt 0.180569 0.530661
vt 0.173098 0.529226
vt 0.286135 0.621601
vt 0.287731 0.622495
vt 0.289327 0.621601
vt 0.287731 0.620513
vt 0.623045 0.287731
vt 0.624133 0.286135
vt 0.624133 0.289327
vt 0.585317 0.371560
vt 0.586718 0.369964
vt 0.585317 0.368367
vt 0.583916 0.369964
vt 0.585317 0.375838
vt 0.580160 0.369964
vt 0.585317 0.286135
vt 0.583916 0.287731
vt 0.585317 0.289327
vt 0.586718 0.287731
vt 0.585317 0.293605
vt 0.255331 0.589049
vt 0.256927 0.587701
vt 0.258524 0.589049
vt 0.256927 0.590291
vt 0.256927 0.583314
vt 0.251054 0.588272
vt 0.262801 0.588272
vt 0.243584 0.606858
vt 0.245180 0.605769
vt 0.246776 0.606858
vt 0.245180 0.607751
vt 0.245180 0.601417
vt 0.239307 0.605422
vt 0.251054 0.605422
vt 0.582651 0.605585
vt 0.587003 0.605585
vt 0.588093 0.607182
vt 0.586658 0.611459
vt 0.586658 0.599712
vt 0.588093 0.603989
vt 0.196593 0.547035
vt 0.198189 0.545793
vt 0.199786 0.547035
vt 0.198189 0.548383
vt 0.198189 0.543242
vt 0.204064 0.547812
vt 0.324569 0.552289
vt 0.322973 0.551200
vt 0.321377 0.552289
vt 0.322973 0.553530
vt 0.328847 0.553416
vt 0.317100 0.553416
vt 0.554820 0.383308
vt 0.556062 0.381711
vt 0.554820 0.380115
vt 0.553732 0.381711
vt 0.579774 0.533504
vt 0.580862 0.535100
vt 0.579774 0.536696
vt 0.578532 0.535100
vt 0.578646 0.540974
vt 0.518780 0.603989
vt 0.520022 0.605585
vt 0.518780 0.607182
vt 0.517691 0.605585
vt 0.524477 0.605585
vt 0.519907 0.599712
vt 0.519907 0.611459
vt 0.515901 0.605585
vt 0.324569 0.613283
vt 0.322973 0.612041
vt 0.321377 0.613283
vt 0.322973 0.614372
vt 0.322973 0.607586
vt 0.328847 0.612156
vt 0.317100 0.612156
vt 0.322973 0.616161
vt 0.348065 0.572077
vt 0.346468 0.570729
vt 0.344872 0.572077
vt 0.346468 0.573478
vt 0.346468 0.567514
vt 0.340595 0.572473
vt 0.346468 0.577629
vt 0.371560 0.552289
vt 0.369963 0.551200
vt 0.368367 0.552289
vt 0.369963 0.553530
vt 0.375838 0.553416
vt 0.369963 0.557986
vt 0.574608 0.359812
vt 0.576009 0.358216
vt 0.574608 0.356620
vt 0.573260 0.358216
vt 0.575004 0.364090
vt 0.231836 0.606858
vt 0.233432 0.605769
vt 0.235029 0.606858
vt 0.233432 0.607751
vt 0.233432 0.601417
vt 0.582651 0.593838
vt 0.587003 0.593838
vt 0.588093 0.595434
vt 0.588093 0.592242
vt 0.371560 0.613283
vt 0.369963 0.612041
vt 0.368367 0.613283
vt 0.369963 0.614372
vt 0.369963 0.607586
vt 0.375838 0.612156
vt 0.364090 0.612156
vt 0.369963 0.616161
vt 0.348065 0.603793
vt 0.346468 0.602445
vt 0.344872 0.603793
vt 0.346468 0.605035
vt 0.346468 0.598058
vt 0.340595 0.603016
vt 0.346468 0.607586
vt 0.585317 0.301075
vt 0.586718 0.299478
vt 0.585317 0.297882
vt 0.583916 0.299478
vt 0.585317 0.305352
vt 0.596027 0.312822
vt 0.597374 0.311226
vt 0.596027 0.309630
vt 0.594625 0.311226
vt 0.595630 0.317100
vt 0.590474 0.311226
vt 0.336317 0.552289
vt 0.334721 0.551200
vt 0.333124 0.552289
vt 0.334721 0.553530
vt 0.340595 0.553416
vt 0.334721 0.557986
vt 0.196593 0.589049
vt 0.198189 0.587701
vt 0.199786 0.589049
vt 0.198189 0.590291
vt 0.192316 0.588272
vt 0.204064 0.588272
vt 0.615815 0.336317
vt 0.616903 0.334721
vt 0.615815 0.333125
vt 0.614573 0.334721
vt 0.614687 0.340595
vt 0.614687 0.328847
vt 0.610118 0.334721
vt 0.270271 0.537545
vt 0.268675 0.538787
vt 0.267079 0.537545
vt 0.268675 0.536456
vt 0.262801 0.538672
vt 0.371560 0.603793
vt 0.369963 0.602445
vt 0.368367 0.603793
vt 0.369963 0.605035
vt 0.369963 0.598058
vt 0.301075 0.593495
vt 0.299479 0.592094
vt 0.297882 0.593495
vt 0.299479 0.594843
vt 0.305352 0.593099
vt 0.293605 0.593099
vt 0.299479 0.598058
vt 0.336317 0.572077
vt 0.334721 0.570729
vt 0.333124 0.572077
vt 0.334721 0.573478
vt 0.334721 0.567514
vt 0.596027 0.336317
vt 0.597374 0.334721
vt 0.596027 0.333125
vt 0.594625 0.334721
vt 0.600589 0.334721
vt 0.595630 0.328847
vt 0.371560 0.593495
vt 0.369963 0.592094
vt 0.368367 0.593495
vt 0.369963 0.594843
vt 0.369963 0.587942
vt 0.375838 0.593099
vt 0.364090 0.593099
vt 0.624133 0.371560
vt 0.625026 0.369964
vt 0.624133 0.368367
vt 0.623045 0.369964
vt 0.369963 0.620513
vt 0.371560 0.621601
vt 0.375838 0.620166
vt 0.364090 0.620166
vt 0.368367 0.621601
vt 0.622698 0.364090
vt 0.622698 0.375838
vt 0.312822 0.593495
vt 0.311226 0.592094
vt 0.309629 0.593495
vt 0.311226 0.594843
vt 0.554820 0.286135
vt 0.553732 0.287731
vt 0.554820 0.289327
vt 0.556062 0.287731
vt 0.555948 0.293605
vt 0.255331 0.537545
vt 0.256927 0.536456
vt 0.258524 0.537545
vt 0.256927 0.538787
vt 0.256927 0.534667
vt 0.256927 0.543242
vt 0.570283 0.615737
vt 0.571525 0.617333
vt 0.570283 0.618929
vt 0.568936 0.617333
vt 0.574077 0.617333
vt 0.569507 0.611459
vt 0.569507 0.623207
vt 0.564549 0.617333
vt 0.624133 0.383308
vt 0.625026 0.381711
vt 0.624133 0.380115
vt 0.623045 0.381711
vt 0.381711 0.620513
vt 0.383307 0.621601
vt 0.380115 0.621601
vt 0.286135 0.593495
vt 0.287731 0.594843
vt 0.289327 0.593495
vt 0.287731 0.592094
vt 0.324569 0.603793
vt 0.322973 0.602445
vt 0.321377 0.603793
vt 0.322973 0.605035
vt 0.328847 0.603016
vt 0.220088 0.537545
vt 0.221685 0.536456
vt 0.223281 0.537545
vt 0.221685 0.538787
vt 0.221685 0.534667
vt 0.215811 0.538672
vt 0.227559 0.538672
vt 0.221685 0.543242
vt 0.359812 0.582786
vt 0.358216 0.581385
vt 0.356620 0.582786
vt 0.358216 0.584187
vt 0.364090 0.582786
vt 0.352343 0.582786
vt 0.358216 0.587942
vt 0.324569 0.582786
vt 0.322973 0.581385
vt 0.321377 0.582786
vt 0.322973 0.584187
vt 0.371560 0.582786
vt 0.369963 0.581385
vt 0.368367 0.582786
vt 0.369963 0.584187
vt 0.369963 0.577629
vt 0.286135 0.572077
vt 0.287731 0.573478
vt 0.289327 0.572077
vt 0.287731 0.570729
vt 0.293605 0.572473
vt 0.208341 0.589049
vt 0.209937 0.587701
vt 0.211533 0.589049
vt 0.209937 0.590291
vt 0.209937 0.592842
vt 0.624133 0.324570
vt 0.625026 0.322974
vt 0.624133 0.321377
vt 0.623045 0.322974
vt 0.322973 0.620513
vt 0.324569 0.621601
vt 0.317100 0.620166
vt 0.321377 0.621601
vt 0.618693 0.322974
vt 0.622698 0.317100
vt 0.585317 0.324570
vt 0.586718 0.322974
vt 0.585317 0.321377
vt 0.583916 0.322974
vt 0.590474 0.322974
vt 0.585317 0.317100
vt 0.383307 0.593495
vt 0.381711 0.592094
vt 0.380115 0.593495
vt 0.381711 0.594843
vt 0.312822 0.572077
vt 0.311226 0.570729
vt 0.309629 0.572077
vt 0.311226 0.573478
vt 0.311226 0.567514
vt 0.305352 0.572473
vt 0.359812 0.613283
vt 0.358216 0.612041
vt 0.356620 0.613283
vt 0.358216 0.614372
vt 0.352343 0.612156
vt 0.358216 0.616161
vt 0.270271 0.589049
vt 0.268675 0.590291
vt 0.267079 0.589049
vt 0.268675 0.587701
vt 0.579774 0.630677
vt 0.578532 0.629081
vt 0.579774 0.627484
vt 0.580862 0.629081
vt 0.578646 0.623207
vt 0.579774 0.568747
vt 0.580862 0.570343
vt 0.579774 0.571939
vt 0.578532 0.570343
vt 0.582651 0.570343
vt 0.574077 0.570343
vt 0.255331 0.547035
vt 0.256927 0.545793
vt 0.258524 0.547035
vt 0.256927 0.548383
vt 0.262801 0.547812
vt 0.348065 0.552289
vt 0.346468 0.551200
vt 0.344872 0.552289
vt 0.346468 0.553530
vt 0.346468 0.549411
vt 0.346468 0.557986
vt 0.208341 0.598539
vt 0.209937 0.597297
vt 0.211533 0.598539
vt 0.209937 0.599628
vt 0.215811 0.597412
vt 0.209937 0.601417
vt 0.359812 0.561779
vt 0.358216 0.560537
vt 0.356620 0.561779
vt 0.358216 0.563127
vt 0.364090 0.562556
vt 0.352343 0.562556
vt 0.546502 0.336317
vt 0.547590 0.334721
vt 0.546502 0.333125
vt 0.545608 0.334721
vt 0.547937 0.340595
vt 0.221685 0.530315
vt 0.223281 0.529226
vt 0.215811 0.530661
vt 0.220088 0.529226
vt 0.518780 0.592242
vt 0.520022 0.593838
vt 0.518780 0.595434
vt 0.517691 0.593838
vt 0.524477 0.593838
vt 0.519907 0.587964
vt 0.286135 0.552289
vt 0.287731 0.553530
vt 0.289327 0.552289
vt 0.287731 0.551200
vt 0.293605 0.553416
vt 0.301075 0.552289
vt 0.299479 0.551200
vt 0.297882 0.552289
vt 0.299479 0.553530
vt 0.299479 0.549411
vt 0.305352 0.553416
vt 0.299479 0.557986
vt 0.220088 0.547035
vt 0.221685 0.545793
vt 0.223281 0.547035
vt 0.221685 0.548383
vt 0.215811 0.547812
vt 0.227559 0.547812
vt 0.221685 0.552770
vt 0.585317 0.312822
vt 0.586718 0.311226
vt 0.585317 0.309630
vt 0.583916 0.311226
vt 0.580160 0.311226
vt 0.286135 0.603793
vt 0.287731 0.605035
vt 0.289327 0.603793
vt 0.287731 0.602445
vt 0.293605 0.603016
vt 0.510461 0.556999
vt 0.511549 0.558595
vt 0.510461 0.560192
vt 0.509568 0.558595
vt 0.515901 0.558595
vt 0.511896 0.564469
vt 0.358216 0.545059
vt 0.356620 0.543970
vt 0.352343 0.545405
vt 0.359812 0.543970
vt 0.510461 0.603989
vt 0.511549 0.605585
vt 0.510461 0.607182
vt 0.509568 0.605585
vt 0.511896 0.611459
vt 0.311226 0.549411
vt 0.311226 0.545059
vt 0.309629 0.543970
vt 0.305352 0.545405
vt 0.312822 0.543970
vt 0.255331 0.578751
vt 0.256927 0.577350
vt 0.258524 0.578751
vt 0.256927 0.580099
vt 0.251054 0.578355
vt 0.510461 0.568747
vt 0.511549 0.570343
vt 0.510461 0.571939
vt 0.509568 0.570343
vt 0.515901 0.570343
vt 0.346468 0.545059
vt 0.344872 0.543970
vt 0.348065 0.543970
vt 0.510461 0.533504
vt 0.511549 0.535100
vt 0.510461 0.536696
vt 0.509568 0.535100
vt 0.381711 0.545059
vt 0.380115 0.543970
vt 0.383307 0.543970
vt 0.624133 0.359812
vt 0.625026 0.358216
vt 0.624133 0.356620
vt 0.623045 0.358216
vt 0.358216 0.620513
vt 0.359812 0.621601
vt 0.356620 0.621601
vt 0.510461 0.615737
vt 0.511549 0.617333
vt 0.510461 0.618929
vt 0.509568 0.617333
vt 0.515901 0.617333
vt 0.511896 0.623207
vt 0.299479 0.545059
vt 0.297882 0.543970
vt 0.293605 0.545405
vt 0.301075 0.543970
vt 0.231836 0.547035
vt 0.233432 0.545793
vt 0.235029 0.547035
vt 0.233432 0.548383
vt 0.233432 0.543242
vt 0.233432 0.552770
vt 0.596027 0.324570
vt 0.597374 0.322974
vt 0.596027 0.321377
vt 0.594625 0.322974
vt 0.624133 0.312822
vt 0.625026 0.311226
vt 0.624133 0.309630
vt 0.623045 0.311226
vt 0.311226 0.616161
vt 0.311226 0.620513
vt 0.312822 0.621601
vt 0.309629 0.621601
vt 0.546502 0.371560
vt 0.547590 0.369964
vt 0.546502 0.368367
vt 0.545608 0.369964
vt 0.186442 0.530315
vt 0.188038 0.529226
vt 0.184846 0.529226
vt 0.528270 0.545251
vt 0.529618 0.546848
vt 0.528270 0.548444
vt 0.527028 0.546848
vt 0.534005 0.546848
vt 0.529047 0.552721
vt 0.524477 0.546848
vt 0.270271 0.606858
vt 0.268675 0.607751
vt 0.267079 0.606858
vt 0.268675 0.605769
vt 0.587003 0.629081
vt 0.588093 0.630677
vt 0.586658 0.623207
vt 0.588093 0.627484
vt 0.262801 0.605422
vt 0.383307 0.552289
vt 0.381711 0.551200
vt 0.380115 0.552289
vt 0.381711 0.553530
vt 0.231836 0.578751
vt 0.233432 0.577350
vt 0.235029 0.578751
vt 0.233432 0.580099
vt 0.233432 0.573198
vt 0.227559 0.578355
vt 0.239307 0.578355
vt 0.301075 0.613283
vt 0.299479 0.612041
vt 0.297882 0.613283
vt 0.299479 0.614372
vt 0.299479 0.607586
vt 0.305352 0.612156
vt 0.371560 0.561779
vt 0.369963 0.560537
vt 0.368367 0.561779
vt 0.369963 0.563127
vt 0.375838 0.562556
vt 0.369963 0.567514
vt 0.286135 0.561779
vt 0.287731 0.563127
vt 0.289327 0.561779
vt 0.287731 0.560537
vt 0.293605 0.562556
vt 0.518780 0.545251
vt 0.520022 0.546848
vt 0.518780 0.548444
vt 0.517691 0.546848
vt 0.519907 0.540974
vt 0.519907 0.552721
vt 0.528270 0.630677
vt 0.527028 0.629081
vt 0.528270 0.627484
vt 0.529618 0.629081
vt 0.529047 0.623207
vt 0.528270 0.580494
vt 0.529618 0.582090
vt 0.528270 0.583687
vt 0.527028 0.582090
vt 0.534005 0.582090
vt 0.529047 0.576217
vt 0.529047 0.587964
vt 0.524477 0.582090
vt 0.528270 0.568747
vt 0.529618 0.570343
vt 0.528270 0.571939
vt 0.527028 0.570343
vt 0.534005 0.570343
vt 0.529047 0.564469
vt 0.524477 0.570343
vt 0.546502 0.348065
vt 0.547590 0.346469
vt 0.546502 0.344872
vt 0.545608 0.346469
vt 0.551942 0.346469
vt 0.209937 0.534667
vt 0.209937 0.530315
vt 0.211533 0.529226
vt 0.208341 0.529226
vt 0.528270 0.603989
vt 0.529618 0.605585
vt 0.528270 0.607182
vt 0.527028 0.605585
vt 0.534005 0.605585
vt 0.529047 0.599712
vt 0.529047 0.611459
vt 0.528270 0.615737
vt 0.529618 0.617333
vt 0.528270 0.618929
vt 0.527028 0.617333
vt 0.534005 0.617333
vt 0.524477 0.617333
vt 0.528270 0.556999
vt 0.529618 0.558595
vt 0.528270 0.560192
vt 0.527028 0.558595
vt 0.534005 0.558595
vt 0.524477 0.558595
vt 0.220088 0.598539
vt 0.221685 0.597297
vt 0.223281 0.598539
vt 0.221685 0.599628
vt 0.227559 0.597412
vt 0.538567 0.580494
vt 0.539969 0.582090
vt 0.538567 0.583687
vt 0.537220 0.582090
vt 0.544120 0.582090
vt 0.538964 0.576217
vt 0.538964 0.587964
vt 0.549277 0.533504
vt 0.550678 0.535100
vt 0.549277 0.536696
vt 0.547876 0.535100
vt 0.549277 0.540974
vt 0.559986 0.615737
vt 0.561334 0.617333
vt 0.559986 0.618929
vt 0.558584 0.617333
vt 0.559590 0.611459
vt 0.559590 0.623207
vt 0.554434 0.617333
vt 0.559986 0.533504
vt 0.561334 0.535100
vt 0.559986 0.536696
vt 0.558584 0.535100
vt 0.559590 0.540974
vt 0.538567 0.630677
vt 0.537220 0.629081
vt 0.538567 0.627484
vt 0.539969 0.629081
vt 0.538964 0.623207
vt 0.559986 0.580494
vt 0.561334 0.582090
vt 0.559986 0.583687
vt 0.558584 0.582090
vt 0.559590 0.576217
vt 0.559590 0.587964
vt 0.554434 0.582090
vt 0.538567 0.556999
vt 0.539969 0.558595
vt 0.538567 0.560192
vt 0.537220 0.558595
vt 0.544120 0.558595
vt 0.538964 0.552721
vt 0.538964 0.564469
vt 0.538567 0.603989
vt 0.539969 0.605585
vt 0.538567 0.607182
vt 0.537220 0.605585
vt 0.544120 0.605585
vt 0.538964 0.599712
vt 0.538964 0.611459
vt 0.538567 0.615737
vt 0.539969 0.617333
vt 0.538567 0.618929
vt 0.537220 0.617333
vt 0.544120 0.617333
vt 0.549277 0.615737
vt 0.550678 0.617333
vt 0.549277 0.618929
vt 0.547876 0.617333
vt 0.549277 0.611459
vt 0.549277 0.623207
vt 0.549277 0.580494
vt 0.550678 0.582090
vt 0.549277 0.583687
vt 0.547876 0.582090
vt 0.549277 0.576217
vt 0.549277 0.587964
vt 0.549277 0.545251
vt 0.550678 0.546848
vt 0.549277 0.548444
vt 0.547876 0.546848
vt 0.554434 0.546848
vt 0.549277 0.552721
vt 0.544120 0.546848
vt 0.220088 0.557333
vt 0.221685 0.555985
vt 0.223281 0.557333
vt 0.221685 0.558734
vt 0.227559 0.557729
vt 0.221685 0.562885
vt 0.549277 0.603989
vt 0.550678 0.605585
vt 0.549277 0.607182
vt 0.547876 0.605585
vt 0.554434 0.605585
vt 0.549277 0.599712
vt 0.549277 0.556999
vt 0.550678 0.558595
vt 0.549277 0.560192
vt 0.547876 0.558595
vt 0.554434 0.558595
vt 0.549277 0.564469
vt 0.559986 0.556999
vt 0.561334 0.558595
vt 0.559986 0.560192
vt 0.558584 0.558595
vt 0.564549 0.558595
vt 0.559590 0.552721
vt 0.559590 0.564469
vt 0.549277 0.630677
vt 0.547876 0.629081
vt 0.549277 0.627484
vt 0.550678 0.629081
vt 0.538567 0.592242
vt 0.539969 0.593838
vt 0.538567 0.595434
vt 0.537220 0.593838
vt 0.544120 0.593838
vt 0.534005 0.593838
vt 0.559986 0.592242
vt 0.561334 0.593838
vt 0.559986 0.595434
vt 0.558584 0.593838
vt 0.564549 0.593838
vt 0.559590 0.599712
vt 0.554434 0.593838
vt 0.559986 0.545251
vt 0.561334 0.546848
vt 0.559986 0.548444
vt 0.558584 0.546848
vt 0.549277 0.568747
vt 0.550678 0.570343
vt 0.549277 0.571939
vt 0.547876 0.570343
vt 0.554434 0.570343
vt 0.544120 0.570343
vt 0.559986 0.603989
vt 0.561334 0.605585
vt 0.559986 0.607182
vt 0.558584 0.605585
vt 0.564549 0.605585
vt 0.549277 0.592242
vt 0.550678 0.593838
vt 0.549277 0.595434
vt 0.547876 0.593838
vt 0.559986 0.568747
vt 0.561334 0.570343
vt 0.559986 0.571939
vt 0.558584 0.570343
vt 0.564549 0.570343
vt 0.336317 0.603793
vt 0.334721 0.602445
vt 0.333124 0.603793
vt 0.334721 0.605035
vt 0.334721 0.607586
vt 0.570283 0.568747
vt 0.571525 0.570343
vt 0.570283 0.571939
vt 0.568936 0.570343
vt 0.569507 0.564469
vt 0.606324 0.336317
vt 0.607566 0.334721
vt 0.606324 0.333125
vt 0.604976 0.334721
vt 0.554820 0.348065
vt 0.556062 0.346469
vt 0.554820 0.344872
vt 0.553732 0.346469
vt 0.555948 0.352342
vt 0.606324 0.359812
vt 0.607566 0.358216
vt 0.606324 0.356620
vt 0.604976 0.358216
vt 0.605548 0.364090
vt 0.600589 0.358216
vt 0.570283 0.603989
vt 0.571525 0.605586
vt 0.570283 0.607182
vt 0.568936 0.605586
vt 0.574077 0.605586
vt 0.569507 0.599712
vt 0.570283 0.556999
vt 0.571525 0.558595
vt 0.570283 0.560192
vt 0.568936 0.558595
vt 0.196593 0.537545
vt 0.198189 0.536456
vt 0.199786 0.537545
vt 0.198189 0.538787
vt 0.204064 0.538672
vt 0.383307 0.561779
vt 0.381711 0.560537
vt 0.380115 0.561779
vt 0.381711 0.563127
vt 0.348065 0.561779
vt 0.346468 0.560537
vt 0.344872 0.561779
vt 0.346468 0.563127
vt 0.340595 0.562556
vt 0.220088 0.578751
vt 0.221685 0.577350
vt 0.223281 0.578751
vt 0.221685 0.580099
vt 0.221685 0.573198
vt 0.518780 0.580494
vt 0.520022 0.582090
vt 0.518780 0.583687
vt 0.517691 0.582090
vt 0.519907 0.576217
vt 0.270271 0.547035
vt 0.268675 0.548383
vt 0.267079 0.547035
vt 0.268675 0.545793
vt 0.579774 0.603989
vt 0.580862 0.605586
vt 0.579774 0.607182
vt 0.578532 0.605586
vt 0.578646 0.599712
vt 0.578646 0.611459
vt 0.312822 0.561779
vt 0.311226 0.560537
vt 0.309629 0.561779
vt 0.311226 0.563127
vt 0.311226 0.557986
vt 0.305352 0.562556
vt 0.579774 0.545251
vt 0.580862 0.546848
vt 0.579774 0.548444
vt 0.578532 0.546848
vt 0.582651 0.546848
vt 0.518780 0.615737
vt 0.520022 0.617333
vt 0.518780 0.618929
vt 0.517691 0.617333
vt 0.615815 0.348065
vt 0.616903 0.346469
vt 0.615815 0.344872
vt 0.614573 0.346469
vt 0.312822 0.552289
vt 0.311226 0.551200
vt 0.309629 0.552289
vt 0.311226 0.553530
vt 0.546502 0.286135
vt 0.545608 0.287731
vt 0.546502 0.289327
vt 0.547590 0.287731
vt 0.268675 0.530315
vt 0.270271 0.529226
vt 0.262801 0.530661
vt 0.267079 0.529226
vt 0.547937 0.293605
vt 0.596027 0.359812
vt 0.597374 0.358216
vt 0.596027 0.356620
vt 0.594625 0.358216
vt 0.196593 0.606858
vt 0.198189 0.605769
vt 0.199786 0.606858
vt 0.198189 0.607751
vt 0.192316 0.605422
vt 0.204064 0.605422
vt 0.587003 0.558595
vt 0.588093 0.560192
vt 0.586658 0.564469
vt 0.586658 0.552721
vt 0.588093 0.556999
vt 0.312822 0.613283
vt 0.311226 0.612041
vt 0.309629 0.613283
vt 0.311226 0.614372
vt 0.208341 0.606858
vt 0.209937 0.605769
vt 0.211533 0.606858
vt 0.209937 0.607751
vt 0.587003 0.570343
vt 0.588093 0.571939
vt 0.588093 0.568747
vt 0.270271 0.598539
vt 0.268675 0.599628
vt 0.267079 0.598539
vt 0.268675 0.597297
vt 0.173098 0.598539
vt 0.174694 0.597297
vt 0.176291 0.598539
vt 0.174694 0.599628
vt 0.180569 0.597412
vt 0.606324 0.286135
vt 0.604976 0.287731
vt 0.606324 0.289327
vt 0.607566 0.287731
vt 0.184846 0.598539
vt 0.186442 0.597297
vt 0.188038 0.598539
vt 0.186442 0.599628
vt 0.186442 0.592842
vt 0.186442 0.601417
vt 0.518780 0.533504
vt 0.520022 0.535100
vt 0.518780 0.536696
vt 0.517691 0.535100
vt 0.518780 0.556999
vt 0.520022 0.558595
vt 0.518780 0.560192
vt 0.517691 0.558595
vt 0.519907 0.564469
vt 0.231836 0.598539
vt 0.233432 0.597297
vt 0.235029 0.598539
vt 0.233432 0.599628
vt 0.239307 0.597412
vt 0.336317 0.561779
vt 0.334721 0.560537
vt 0.333124 0.561779
vt 0.334721 0.563127
vt 0.570283 0.533504
vt 0.571525 0.535100
vt 0.570283 0.536696
vt 0.568936 0.535100
vt 0.184846 0.578751
vt 0.186442 0.577350
vt 0.188038 0.578751
vt 0.186442 0.580099
vt 0.186442 0.573198
vt 0.180569 0.578355
vt 0.186442 0.583314
vt 0.574608 0.336317
vt 0.576009 0.334721
vt 0.574608 0.333125
vt 0.573260 0.334721
vt 0.301075 0.572077
vt 0.299479 0.570729
vt 0.297882 0.572077
vt 0.299479 0.573478
vt 0.299479 0.567514
vt 0.231836 0.537545
vt 0.233432 0.536456
vt 0.235029 0.537545
vt 0.233432 0.538787
vt 0.243584 0.589049
vt 0.245180 0.587701
vt 0.246776 0.589049
vt 0.245180 0.590291
vt 0.245180 0.583314
vt 0.245180 0.592842
vt 0.301075 0.603793
vt 0.299479 0.602445
vt 0.297882 0.603793
vt 0.299479 0.605035
vt 0.184846 0.589049
vt 0.186442 0.587701
vt 0.188038 0.589049
vt 0.186442 0.590291
vt 0.336317 0.613283
vt 0.334721 0.612041
vt 0.333124 0.613283
vt 0.334721 0.614372
vt 0.340595 0.612156
vt 0.173098 0.578751
vt 0.174694 0.577350
vt 0.176291 0.578751
vt 0.174694 0.580099
vt 0.243584 0.578751
vt 0.245180 0.577350
vt 0.246776 0.578751
vt 0.245180 0.580099
vt 0.245180 0.573198
vt 0.255331 0.606858
vt 0.256927 0.605769
vt 0.258524 0.606858
vt 0.256927 0.607751
vt 0.582651 0.617333
vt 0.587003 0.617333
vt 0.588093 0.618929
vt 0.588093 0.615737
vt 0.518780 0.568747
vt 0.520022 0.570343
vt 0.518780 0.571939
vt 0.517691 0.570343
vt 0.173098 0.606858
vt 0.174694 0.605769
vt 0.176291 0.606858
vt 0.174694 0.607751
vt 0.180569 0.605422
vt 0.587003 0.535100
vt 0.588093 0.536696
vt 0.586658 0.540974
vt 0.588093 0.533504
vt 0.570283 0.592242
vt 0.571525 0.593838
vt 0.570283 0.595434
vt 0.568936 0.593838
vt 0.574077 0.593838
vt 0.371560 0.572077
vt 0.369963 0.570729
vt 0.368367 0.572077
vt 0.369963 0.573478
vt 0.375838 0.572473
vt 0.375838 0.597353
vt 0.374241 0.598700
vt 0.375838 0.600048
vt 0.377434 0.598700
vt 0.570283 0.630677
vt 0.568936 0.629081
vt 0.570283 0.627484
vt 0.571525 0.629081
vt 0.180569 0.572014
vt 0.182165 0.573416
vt 0.180569 0.574817
vt 0.178972 0.573416
vt 0.615815 0.324570
vt 0.616903 0.322974
vt 0.615815 0.321377
vt 0.614573 0.322974
vt 0.545305 0.540974
vt 0.543903 0.542570
vt 0.542502 0.540974
vt 0.543903 0.539378
vt 0.554820 0.359812
vt 0.556062 0.358216
vt 0.554820 0.356620
vt 0.553732 0.358216
vt 0.592092 0.317100
vt 0.590691 0.315503
vt 0.589289 0.317100
vt 0.590691 0.318696
vt 0.579774 0.592242
vt 0.580862 0.593838
vt 0.579774 0.595434
vt 0.578532 0.593838
vt 0.251054 0.592644
vt 0.252650 0.593886
vt 0.251054 0.595128
vt 0.249458 0.593886
vt 0.579774 0.615737
vt 0.580862 0.617333
vt 0.579774 0.618929
vt 0.578532 0.617333
vt 0.515586 0.540974
vt 0.514497 0.542570
vt 0.513408 0.540974
vt 0.514497 0.539378
vt 0.606324 0.371560
vt 0.607566 0.369964
vt 0.606324 0.368367
vt 0.604976 0.369964
vt 0.566539 0.599712
vt 0.565191 0.601308
vt 0.563844 0.599712
vt 0.565191 0.598115
vt 0.538567 0.568747
vt 0.539969 0.570343
vt 0.538567 0.571939
vt 0.537220 0.570343
vt 0.560716 0.328847
vt 0.559474 0.327251
vt 0.558232 0.328847
vt 0.559474 0.330444
vt 0.538567 0.545251
vt 0.539969 0.546848
vt 0.538567 0.548444
vt 0.537220 0.546848
vt 0.570750 0.305352
vt 0.569402 0.303756
vt 0.568056 0.305352
vt 0.569402 0.306948
vt 0.559986 0.630677
vt 0.558584 0.629081
vt 0.559986 0.627484
vt 0.561334 0.629081
vt 0.364090 0.616477
vt 0.362494 0.617566
vt 0.364090 0.618654
vt 0.365686 0.617566
vt 0.184846 0.606858
vt 0.186442 0.605769
vt 0.188038 0.606858
vt 0.186442 0.607751
vt 0.587003 0.546848
vt 0.588093 0.548444
vt 0.588093 0.545251
vt 0.566539 0.540974
vt 0.565191 0.542570
vt 0.563844 0.540974
vt 0.565191 0.539378
vt 0.528270 0.592242
vt 0.529618 0.593838
vt 0.528270 0.595434
vt 0.527028 0.593838
vt 0.524675 0.540974
vt 0.523433 0.542570
vt 0.522192 0.540974
vt 0.523433 0.539378
vt 0.546502 0.301075
vt 0.547590 0.299478
vt 0.546502 0.297882
vt 0.545608 0.299478
vt 0.551942 0.299478
vt 0.256927 0.530315
vt 0.258524 0.529226
vt 0.255331 0.529226
vt 0.305352 0.555700
vt 0.303756 0.556942
vt 0.305352 0.558184
vt 0.306948 0.556942
vt 0.383307 0.572077
vt 0.381711 0.570729
vt 0.380115 0.572077
vt 0.381711 0.573478
vt 0.227559 0.532174
vt 0.229155 0.533262
vt 0.227559 0.534351
vt 0.225963 0.533262
vt 0.615815 0.383308
vt 0.616903 0.381711
vt 0.615815 0.380115
vt 0.614573 0.381711
vt 0.340595 0.555700
vt 0.338999 0.556942
vt 0.340595 0.558184
vt 0.342191 0.556942
vt 0.348065 0.613283
vt 0.346468 0.612041
vt 0.344872 0.613283
vt 0.346468 0.614372
vt 0.364090 0.565524
vt 0.362494 0.566871
vt 0.364090 0.568219
vt 0.365686 0.566871
vt 0.359812 0.593495
vt 0.358216 0.592094
vt 0.356620 0.593495
vt 0.358216 0.594843
vt 0.352343 0.593099
vt 0.581345 0.375838
vt 0.579943 0.374241
vt 0.578542 0.375838
vt 0.579943 0.377434
vt 0.208341 0.537545
vt 0.209937 0.536456
vt 0.211533 0.537545
vt 0.209937 0.538787
vt 0.209937 0.543242
vt 0.375838 0.586758
vt 0.374241 0.588160
vt 0.375838 0.589561
vt 0.377434 0.588160
vt 0.574608 0.312822
vt 0.576010 0.311226
vt 0.574608 0.309630
vt 0.573260 0.311226
vt 0.262801 0.534351
vt 0.261205 0.533262
vt 0.262801 0.532174
vt 0.264398 0.533262
vt 0.301075 0.561779
vt 0.299479 0.560537
vt 0.297882 0.561779
vt 0.299479 0.563127
vt 0.251054 0.540956
vt 0.252650 0.542198
vt 0.251054 0.543440
vt 0.249458 0.542198
vt 0.348065 0.582786
vt 0.346468 0.581385
vt 0.344872 0.582786
vt 0.346468 0.584187
vt 0.346468 0.587942
vt 0.328847 0.586758
vt 0.327251 0.588160
vt 0.328847 0.589561
vt 0.330444 0.588160
vt 0.383307 0.613283
vt 0.381711 0.612041
vt 0.380115 0.613283
vt 0.381711 0.614372
vt 0.621186 0.317100
vt 0.620098 0.315503
vt 0.619008 0.317100
vt 0.620098 0.318696
vt 0.243584 0.598539
vt 0.245180 0.597297
vt 0.246776 0.598539
vt 0.245180 0.599628
vt 0.317100 0.616477
vt 0.315503 0.617566
vt 0.317100 0.618654
vt 0.318696 0.617566
vt 0.554820 0.301075
vt 0.556062 0.299478
vt 0.554820 0.297882
vt 0.553732 0.299478
vt 0.551625 0.340595
vt 0.550537 0.338999
vt 0.549449 0.340595
vt 0.550537 0.342191
vt 0.585317 0.383308
vt 0.586718 0.381711
vt 0.585317 0.380115
vt 0.583916 0.381711
vt 0.592092 0.375838
vt 0.590691 0.374241
vt 0.589289 0.375838
vt 0.590691 0.377434
vt 0.574608 0.371560
vt 0.576009 0.369964
vt 0.574608 0.368367
vt 0.573260 0.369964
vt 0.570045 0.369964
vt 0.317100 0.597353
vt 0.315503 0.598700
vt 0.317100 0.600048
vt 0.318696 0.598700
vt 0.564311 0.383308
vt 0.565658 0.381711
vt 0.564311 0.380115
vt 0.563069 0.381711
vt 0.565087 0.375838
vt 0.545305 0.576217
vt 0.543903 0.577813
vt 0.542502 0.576217
vt 0.543903 0.574620
vt 0.286135 0.582786
vt 0.287731 0.584187
vt 0.289327 0.582786
vt 0.287731 0.581385
vt 0.352343 0.576011
vt 0.350746 0.577412
vt 0.352343 0.578813
vt 0.353939 0.577412
vt 0.510461 0.630677
vt 0.509568 0.629081
vt 0.510461 0.627484
vt 0.511549 0.629081
vt 0.287731 0.545059
vt 0.286135 0.543970
vt 0.289327 0.543970
vt 0.566539 0.587964
vt 0.565191 0.589560
vt 0.563844 0.587964
vt 0.565191 0.586368
vt 0.348065 0.593495
vt 0.346468 0.592094
vt 0.344872 0.593495
vt 0.346468 0.594843
vt 0.180569 0.532174
vt 0.182165 0.533262
vt 0.180569 0.534351
vt 0.178972 0.533262
vt 0.208341 0.547035
vt 0.209937 0.545793
vt 0.211533 0.547035
vt 0.209937 0.548383
vt 0.364090 0.555700
vt 0.362494 0.556942
vt 0.364090 0.558184
vt 0.365686 0.556942
vt 0.173098 0.557333
vt 0.174694 0.555985
vt 0.176291 0.557333
vt 0.174694 0.558734
vt 0.180569 0.550780
vt 0.182165 0.552127
vt 0.180569 0.553475
vt 0.178972 0.552127
vt 0.204064 0.561267
vt 0.205660 0.562668
vt 0.204064 0.564070
vt 0.202467 0.562668
vt 0.262801 0.564070
vt 0.261205 0.562668
vt 0.262801 0.561267
vt 0.264398 0.562668
vt 0.267079 0.568042
vt 0.268675 0.566641
vt 0.270271 0.568042
vt 0.268675 0.569443
vt 0.215811 0.561267
vt 0.217408 0.562668
vt 0.215811 0.564070
vt 0.214215 0.562668
vt 0.231836 0.557333
vt 0.233432 0.555985
vt 0.235029 0.557333
vt 0.233432 0.558734
vt 0.233432 0.562885
vt 0.192316 0.561267
vt 0.193912 0.562668
vt 0.192316 0.564070
vt 0.190720 0.562668
vt 0.192316 0.568042
vt 0.235029 0.568042
vt 0.233432 0.569443
vt 0.231836 0.568042
vt 0.233432 0.566641
vt 0.239307 0.568042
vt 0.227559 0.568042
vt 0.251054 0.561267
vt 0.252650 0.562668
vt 0.251054 0.564070
vt 0.249458 0.562668
vt 0.223281 0.568042
vt 0.221685 0.569443
vt 0.220088 0.568042
vt 0.221685 0.566641
vt 0.239307 0.561267
vt 0.240903 0.562668
vt 0.239307 0.564070
vt 0.237710 0.562668
vt 0.246776 0.568042
vt 0.245180 0.569443
vt 0.243584 0.568042
vt 0.245180 0.566641
vt 0.564311 0.371560
vt 0.565658 0.369964
vt 0.564311 0.368367
vt 0.563069 0.369964
vt 0.227559 0.561267
vt 0.229155 0.562668
vt 0.227559 0.564070
vt 0.225963 0.562668
vt 0.199786 0.568042
vt 0.198189 0.569443
vt 0.196593 0.568042
vt 0.198189 0.566641
vt 0.188038 0.568042
vt 0.186442 0.569443
vt 0.184846 0.568042
vt 0.186442 0.566641
vt 0.215811 0.601733
vt 0.217408 0.602822
vt 0.215811 0.603910
vt 0.214215 0.602822
vt 0.317100 0.565524
vt 0.315503 0.566871
vt 0.317100 0.568219
vt 0.318696 0.566871
vt 0.375838 0.565524
vt 0.374241 0.566871
vt 0.375838 0.568219
vt 0.377434 0.566871
vt 0.204064 0.532174
vt 0.205660 0.533262
vt 0.204064 0.534351
vt 0.202467 0.533262
vt 0.239307 0.601733
vt 0.240903 0.602822
vt 0.239307 0.603910
vt 0.237710 0.602822
vt 0.551625 0.328847
vt 0.550537 0.327251
vt 0.549449 0.328847
vt 0.550537 0.330444
vt 0.602579 0.352342
vt 0.601232 0.350746
vt 0.599885 0.352342
vt 0.601232 0.353939
vt 0.262801 0.543440
vt 0.261205 0.542198
vt 0.262801 0.540956
vt 0.264398 0.542198
vt 0.375838 0.607388
vt 0.374241 0.608630
vt 0.375838 0.609872
vt 0.377434 0.608630
vt 0.560716 0.352342
vt 0.559474 0.350746
vt 0.558232 0.352342
vt 0.559474 0.353939
vt 0.204064 0.540956
vt 0.205660 0.542198
vt 0.204064 0.543440
vt 0.202467 0.542198
vt 0.215811 0.540956
vt 0.217408 0.542198
vt 0.215811 0.543440
vt 0.214215 0.542198
vt 0.585145 0.552721
vt 0.584057 0.554318
vt 0.582968 0.552721
vt 0.584057 0.551125
vt 0.192316 0.540956
vt 0.193912 0.542198
vt 0.192316 0.543440
vt 0.190720 0.542198
vt 0.589289 0.293605
vt 0.590691 0.295201
vt 0.592092 0.293605
vt 0.590691 0.292008
vt 0.581345 0.305352
vt 0.579943 0.303756
vt 0.578542 0.305352
vt 0.579943 0.306948
vt 0.305352 0.576011
vt 0.303756 0.577412
vt 0.305352 0.578813
vt 0.306948 0.577412
vt 0.204064 0.550780
vt 0.205660 0.552127
vt 0.204064 0.553475
vt 0.202467 0.552127
vt 0.585145 0.540974
vt 0.584057 0.542570
vt 0.582968 0.540974
vt 0.584057 0.539378
vt 0.602579 0.317100
vt 0.601232 0.315503
vt 0.599885 0.317100
vt 0.601232 0.318696
vt 0.592092 0.352342
vt 0.590691 0.350746
vt 0.589289 0.352342
vt 0.590691 0.353939
vt 0.262801 0.574817
vt 0.261205 0.573416
vt 0.262801 0.572014
vt 0.264398 0.573416
vt 0.262801 0.603910
vt 0.261205 0.602822
vt 0.262801 0.601733
vt 0.264398 0.602822
vt 0.215811 0.582609
vt 0.217408 0.583956
vt 0.215811 0.585304
vt 0.214215 0.583956
vt 0.566539 0.552721
vt 0.565191 0.554318
vt 0.563844 0.552721
vt 0.565191 0.551125
vt 0.239307 0.572014
vt 0.240903 0.573416
vt 0.239307 0.574817
vt 0.237710 0.573416
vt 0.215811 0.572014
vt 0.217408 0.573416
vt 0.215811 0.574817
vt 0.214215 0.573416
vt 0.551625 0.364090
vt 0.550537 0.362494
vt 0.549449 0.364090
vt 0.550537 0.365686
vt 0.612403 0.328847
vt 0.611161 0.327251
vt 0.609919 0.328847
vt 0.611161 0.330444
vt 0.560716 0.305352
vt 0.559474 0.303756
vt 0.558232 0.305352
vt 0.559474 0.306948
vt 0.522192 0.623207
vt 0.523433 0.621611
vt 0.524675 0.623207
vt 0.523433 0.624803
vt 0.515586 0.552721
vt 0.514497 0.554318
vt 0.513408 0.552721
vt 0.514497 0.551125
vt 0.515586 0.599712
vt 0.514497 0.601308
vt 0.513408 0.599712
vt 0.514497 0.598115
vt 0.581345 0.340595
vt 0.579943 0.338999
vt 0.578542 0.340595
vt 0.579943 0.342191
vt 0.612403 0.364090
vt 0.611161 0.362494
vt 0.609919 0.364090
vt 0.611161 0.365686
vt 0.204064 0.582609
vt 0.205660 0.583956
vt 0.204064 0.585304
vt 0.202467 0.583956
vt 0.570750 0.328847
vt 0.569402 0.327251
vt 0.568056 0.328847
vt 0.569402 0.330444
vt 0.534709 0.576217
vt 0.533362 0.577813
vt 0.532015 0.576217
vt 0.533362 0.574620
vt 0.576362 0.564469
vt 0.575120 0.566065
vt 0.573878 0.564469
vt 0.575120 0.562873
vt 0.553249 0.623207
vt 0.554651 0.621611
vt 0.556052 0.623207
vt 0.554651 0.624803
vt 0.204064 0.572014
vt 0.205660 0.573416
vt 0.204064 0.574817
vt 0.202467 0.573416
vt 0.534709 0.599712
vt 0.533362 0.601308
vt 0.532015 0.599712
vt 0.533362 0.598115
vt 0.578542 0.293605
vt 0.579943 0.295201
vt 0.581345 0.293605
vt 0.579943 0.292008
vt 0.328847 0.597353
vt 0.327251 0.598700
vt 0.328847 0.600048
vt 0.330444 0.598700
vt 0.239307 0.532174
vt 0.240903 0.533262
vt 0.239307 0.534351
vt 0.237710 0.533262
vt 0.305352 0.597353
vt 0.303756 0.598700
vt 0.305352 0.600048
vt 0.306948 0.598700
vt 0.215811 0.592644
vt 0.217408 0.593886
vt 0.215811 0.595128
vt 0.214215 0.593886
vt 0.364090 0.597353
vt 0.362494 0.598700
vt 0.364090 0.600048
vt 0.365686 0.598700
vt 0.581345 0.364090
vt 0.579943 0.362494
vt 0.578542 0.364090
vt 0.579943 0.365686
vt 0.293605 0.589561
vt 0.295201 0.588160
vt 0.293605 0.586758
vt 0.292008 0.588160
vt 0.305352 0.565524
vt 0.303756 0.566871
vt 0.305352 0.568219
vt 0.306948 0.566871
vt 0.317100 0.576011
vt 0.315503 0.577412
vt 0.317100 0.578813
vt 0.318696 0.577412
vt 0.328847 0.576011
vt 0.327251 0.577412
vt 0.328847 0.578813
vt 0.330444 0.577412
vt 0.364090 0.607388
vt 0.362494 0.608630
vt 0.364090 0.609872
vt 0.365686 0.608630
vt 0.563844 0.623207
vt 0.565191 0.621611
vt 0.566539 0.623207
vt 0.565191 0.624803
vt 0.592092 0.364090
vt 0.590691 0.362494
vt 0.589289 0.364090
vt 0.590691 0.365686
vt 0.317100 0.546917
vt 0.315503 0.548006
vt 0.317100 0.549094
vt 0.318696 0.548006
vt 0.524675 0.576217
vt 0.523433 0.577813
vt 0.522192 0.576217
vt 0.523433 0.574620
vt 0.612403 0.352342
vt 0.611161 0.350746
vt 0.609919 0.352342
vt 0.611161 0.353939
vt 0.215811 0.532174
vt 0.217408 0.533262
vt 0.215811 0.534351
vt 0.214215 0.533262
vt 0.352343 0.565524
vt 0.350746 0.566871
vt 0.352343 0.568219
vt 0.353939 0.566871
vt 0.352343 0.555700
vt 0.350746 0.556942
vt 0.352343 0.558184
vt 0.353939 0.556942
vt 0.602579 0.340595
vt 0.601232 0.338999
vt 0.599885 0.340595
vt 0.601232 0.342191
vt 0.576362 0.587964
vt 0.575120 0.589560
vt 0.573878 0.587964
vt 0.575120 0.586368
vt 0.602579 0.305352
vt 0.601232 0.303756
vt 0.599885 0.305352
vt 0.601232 0.306948
vt 0.180569 0.540956
vt 0.182165 0.542198
vt 0.180569 0.543440
vt 0.178972 0.542198
vt 0.340595 0.565524
vt 0.338999 0.566871
vt 0.340595 0.568219
vt 0.342191 0.566871
vt 0.375838 0.576011
vt 0.374241 0.577412
vt 0.375838 0.578813
vt 0.377434 0.577412
vt 0.375838 0.555700
vt 0.374241 0.556942
vt 0.375838 0.558184
vt 0.377434 0.556942
vt 0.251054 0.550780
vt 0.252650 0.552127
vt 0.251054 0.553475
vt 0.249458 0.552127
vt 0.215811 0.550780
vt 0.217408 0.552127
vt 0.215811 0.553475
vt 0.214215 0.552127
vt 0.340595 0.607388
vt 0.338999 0.608630
vt 0.340595 0.609872
vt 0.342191 0.608630
vt 0.293605 0.558184
vt 0.295201 0.556942
vt 0.293605 0.555700
vt 0.292008 0.556942
vt 0.262801 0.595128
vt 0.261205 0.593886
vt 0.262801 0.592644
vt 0.264398 0.593886
vt 0.524675 0.599712
vt 0.523433 0.601308
vt 0.522192 0.599712
vt 0.523433 0.598115
vt 0.621186 0.375838
vt 0.620098 0.374241
vt 0.619008 0.375838
vt 0.620098 0.377434
vt 0.352343 0.616477
vt 0.350746 0.617566
vt 0.352343 0.618654
vt 0.353939 0.617566
vt 0.293605 0.618654
vt 0.295201 0.617566
vt 0.293605 0.616477
vt 0.292008 0.617566
vt 0.602579 0.328847
vt 0.601232 0.327251
vt 0.599885 0.328847
vt 0.601232 0.330444
vt 0.542502 0.623207
vt 0.543903 0.621611
vt 0.545305 0.623207
vt 0.543903 0.624803
vt 0.524675 0.587964
vt 0.523433 0.589560
vt 0.522192 0.587964
vt 0.523433 0.586368
vt 0.534709 0.611459
vt 0.533362 0.613056
vt 0.532015 0.611459
vt 0.533362 0.609863
vt 0.566539 0.564469
vt 0.565191 0.566065
vt 0.563844 0.564469
vt 0.565191 0.562873
vt 0.585145 0.564469
vt 0.584057 0.566065
vt 0.582968 0.564469
vt 0.584057 0.562873
vt 0.227559 0.540956
vt 0.229155 0.542198
vt 0.227559 0.543440
vt 0.225963 0.542198
vt 0.585145 0.587964
vt 0.584057 0.589560
vt 0.582968 0.587964
vt 0.584057 0.586368
vt 0.305352 0.546917
vt 0.303756 0.548006
vt 0.305352 0.549094
vt 0.306948 0.548006
vt 0.592092 0.328847
vt 0.590691 0.327251
vt 0.589289 0.328847
vt 0.590691 0.330444
vt 0.192316 0.592644
vt 0.193912 0.593886
vt 0.192316 0.595128
vt 0.190720 0.593886
vt 0.328847 0.546917
vt 0.327251 0.548006
vt 0.328847 0.549094
vt 0.330444 0.548006
vt 0.340595 0.616477
vt 0.338999 0.617566
vt 0.340595 0.618654
vt 0.342191 0.617566
vt 0.293605 0.600048
vt 0.295201 0.598700
vt 0.293605 0.597353
vt 0.292008 0.598700
vt 0.305352 0.616477
vt 0.303756 0.617566
vt 0.305352 0.618654
vt 0.306948 0.617566
vt 0.192316 0.550780
vt 0.193912 0.552127
vt 0.192316 0.553475
vt 0.190720 0.552127
vt 0.524675 0.552721
vt 0.523433 0.554318
vt 0.522192 0.552721
vt 0.523433 0.551125
vt 0.592092 0.340595
vt 0.590691 0.338999
vt 0.589289 0.340595
vt 0.590691 0.342191
vt 0.602579 0.364090
vt 0.601232 0.362494
vt 0.599885 0.364090
vt 0.601232 0.365686
vt 0.551625 0.375838
vt 0.550537 0.374241
vt 0.549449 0.375838
vt 0.550537 0.377434
vt 0.293605 0.609872
vt 0.295201 0.608630
vt 0.293605 0.607388
vt 0.292008 0.608630
vt 0.305352 0.586758
vt 0.303756 0.588160
vt 0.305352 0.589561
vt 0.306948 0.588160
vt 0.612403 0.340595
vt 0.611161 0.338999
vt 0.609919 0.340595
vt 0.611161 0.342191
vt 0.582968 0.623207
vt 0.584057 0.621611
vt 0.585145 0.623207
vt 0.584057 0.624803
vt 0.592092 0.305352
vt 0.590691 0.303756
vt 0.589289 0.305352
vt 0.590691 0.306948
vt 0.612403 0.317100
vt 0.611161 0.315503
vt 0.609919 0.317100
vt 0.611161 0.318696
vt 0.328847 0.565524
vt 0.327251 0.566871
vt 0.328847 0.568219
vt 0.330444 0.566871
vt 0.293605 0.578813
vt 0.295201 0.577412
vt 0.293605 0.576011
vt 0.292008 0.577412
vt 0.585145 0.576217
vt 0.584057 0.577813
vt 0.582968 0.576217
vt 0.584057 0.574620
vt 0.524675 0.564469
vt 0.523433 0.566065
vt 0.522192 0.564469
vt 0.523433 0.562873
vt 0.560716 0.340595
vt 0.559474 0.338999
vt 0.558232 0.340595
vt 0.559474 0.342191
vt 0.560716 0.317100
vt 0.559474 0.315503
vt 0.558232 0.317100
vt 0.559474 0.318696
vt 0.192316 0.532174
vt 0.193912 0.533262
vt 0.192316 0.534351
vt 0.190720 0.533262
vt 0.340595 0.546917
vt 0.338999 0.548006
vt 0.340595 0.549094
vt 0.342191 0.548006
vt 0.293605 0.568219
vt 0.295201 0.566871
vt 0.293605 0.565524
vt 0.292008 0.566871
vt 0.524675 0.611459
vt 0.523433 0.613056
vt 0.522192 0.611459
vt 0.523433 0.609863
vt 0.599885 0.293605
vt 0.601232 0.295201
vt 0.602579 0.293605
vt 0.601232 0.292008
vt 0.612403 0.305352
vt 0.611161 0.303756
vt 0.609919 0.305352
vt 0.611161 0.306948
vt 0.621186 0.364090
vt 0.620098 0.362494
vt 0.619008 0.364090
vt 0.620098 0.365686
vt 0.581345 0.352342
vt 0.579943 0.350746
vt 0.578542 0.352342
vt 0.579943 0.353939
vt 0.581345 0.317100
vt 0.579943 0.315503
vt 0.578542 0.317100
vt 0.579943 0.318696
vt 0.621186 0.352342
vt 0.620098 0.350746
vt 0.619008 0.352342
vt 0.620098 0.353939
vt 0.340595 0.586758
vt 0.338999 0.588160
vt 0.340595 0.589561
vt 0.342191 0.588160
vt 0.560716 0.364090
vt 0.559474 0.362494
vt 0.558232 0.364090
vt 0.559474 0.365686
vt 0.515586 0.611459
vt 0.514497 0.613056
vt 0.513408 0.611459
vt 0.514497 0.609863
vt 0.317100 0.586758
vt 0.315503 0.588160
vt 0.317100 0.589561
vt 0.318696 0.588160
vt 0.375838 0.616477
vt 0.374241 0.617566
vt 0.375838 0.618654
vt 0.377434 0.617566
vt 0.375838 0.546917
vt 0.374241 0.548006
vt 0.375838 0.549094
vt 0.377434 0.548006
vt 0.621186 0.340595
vt 0.620098 0.338999
vt 0.619008 0.340595
vt 0.620098 0.342191
vt 0.340595 0.576011
vt 0.338999 0.577412
vt 0.340595 0.578813
vt 0.342191 0.577412
vt 0.621186 0.328847
vt 0.620098 0.327251
vt 0.619008 0.328847
vt 0.620098 0.330444
vt 0.364090 0.576011
vt 0.362494 0.577412
vt 0.364090 0.578813
vt 0.365686 0.577412
vt 0.515586 0.587964
vt 0.514497 0.589560
vt 0.513408 0.587964
vt 0.514497 0.586368
vt 0.585145 0.599712
vt 0.584057 0.601308
vt 0.582968 0.599712
vt 0.584057 0.598115
vt 0.585145 0.611459
vt 0.584057 0.613056
vt 0.582968 0.611459
vt 0.584057 0.609863
vt 0.293605 0.549094
vt 0.295201 0.548006
vt 0.293605 0.546917
vt 0.292008 0.548006
vt 0.239307 0.540956
vt 0.240903 0.542198
vt 0.239307 0.543440
vt 0.237710 0.542198
vt 0.364090 0.586758
vt 0.362494 0.588160
vt 0.364090 0.589561
vt 0.365686 0.588160
vt 0.352343 0.597353
vt 0.350746 0.598700
vt 0.352343 0.600048
vt 0.353939 0.598700
vt 0.192316 0.601733
vt 0.193912 0.602822
vt 0.192316 0.603910
vt 0.190720 0.602822
vt 0.602579 0.375838
vt 0.601232 0.374241
vt 0.599885 0.375838
vt 0.601232 0.377434
vt 0.352343 0.607388
vt 0.350746 0.608630
vt 0.352343 0.609872
vt 0.353939 0.608630
vt 0.558232 0.293605
vt 0.559474 0.295201
vt 0.560716 0.293605
vt 0.559474 0.292008
vt 0.328847 0.555700
vt 0.327251 0.556942
vt 0.328847 0.558184
vt 0.330444 0.556942
vt 0.560716 0.375838
vt 0.559474 0.374241
vt 0.558232 0.375838
vt 0.559474 0.377434
vt 0.364090 0.546917
vt 0.362494 0.548006
vt 0.364090 0.549094
vt 0.365686 0.548006
vt 0.621186 0.305352
vt 0.620098 0.303756
vt 0.619008 0.305352
vt 0.620098 0.306948
vt 0.515586 0.564469
vt 0.514497 0.566065
vt 0.513408 0.564469
vt 0.514497 0.562873
vt 0.340595 0.597353
vt 0.338999 0.598700
vt 0.340595 0.600048
vt 0.342191 0.598700
vt 0.192316 0.572014
vt 0.193912 0.573416
vt 0.192316 0.574817
vt 0.190720 0.573416
vt 0.570750 0.340595
vt 0.569402 0.338999
vt 0.568056 0.340595
vt 0.569402 0.342191
vt 0.180569 0.601733
vt 0.182165 0.602822
vt 0.180569 0.603910
vt 0.178972 0.602822
vt 0.576362 0.540974
vt 0.575120 0.542570
vt 0.573878 0.540974
vt 0.575120 0.539378
vt 0.570750 0.352342
vt 0.569402 0.350746
vt 0.568056 0.352342
vt 0.569402 0.353939
vt 0.556052 0.552721
vt 0.554651 0.554318
vt 0.553249 0.552721
vt 0.554651 0.551125
vt 0.534709 0.552721
vt 0.533362 0.554318
vt 0.532015 0.552721
vt 0.533362 0.551125
vt 0.227559 0.572014
vt 0.229155 0.573416
vt 0.227559 0.574817
vt 0.225963 0.573416
vt 0.545305 0.611459
vt 0.543903 0.613056
vt 0.542502 0.611459
vt 0.543903 0.609863
vt 0.328847 0.616477
vt 0.327251 0.617566
vt 0.328847 0.618654
vt 0.330444 0.617566
vt 0.545305 0.587964
vt 0.543903 0.589560
vt 0.542502 0.587964
vt 0.543903 0.586368
vt 0.239307 0.592644
vt 0.240903 0.593886
vt 0.239307 0.595128
vt 0.237710 0.593886
vt 0.227559 0.550780
vt 0.229155 0.552127
vt 0.227559 0.553475
vt 0.225963 0.552127
vt 0.180569 0.592644
vt 0.182165 0.593886
vt 0.180569 0.595128
vt 0.178972 0.593886
vt 0.556052 0.599712
vt 0.554651 0.601308
vt 0.553249 0.599712
vt 0.554651 0.598115
vt 0.556052 0.611459
vt 0.554651 0.613056
vt 0.553249 0.611459
vt 0.554651 0.609863
vt 0.556052 0.540974
vt 0.554651 0.542570
vt 0.553249 0.540974
vt 0.554651 0.539378
vt 0.556052 0.587964
vt 0.554651 0.589560
vt 0.553249 0.587964
vt 0.554651 0.586368
vt 0.556052 0.564469
vt 0.554651 0.566065
vt 0.553249 0.564469
vt 0.554651 0.562873
vt 0.180569 0.561267
vt 0.182165 0.562668
vt 0.180569 0.564070
vt 0.178972 0.562668
vt 0.556052 0.576217
vt 0.554651 0.577813
vt 0.553249 0.576217
vt 0.554651 0.574620
vt 0.192316 0.582609
vt 0.193912 0.583956
vt 0.192316 0.585304
vt 0.190720 0.583956
vt 0.566539 0.611459
vt 0.565191 0.613056
vt 0.563844 0.611459
vt 0.565191 0.609863
vt 0.612403 0.375838
vt 0.611161 0.374241
vt 0.609919 0.375838
vt 0.611161 0.377434
vt 0.549449 0.293605
vt 0.550537 0.295201
vt 0.551626 0.293605
vt 0.550537 0.292008
vt 0.251054 0.601733
vt 0.252650 0.602822
vt 0.251054 0.603910
vt 0.249458 0.602822
vt 0.570750 0.375838
vt 0.569402 0.374241
vt 0.568056 0.375838
vt 0.569402 0.377434
vt 0.328847 0.607388
vt 0.327251 0.608630
vt 0.328847 0.609872
vt 0.330444 0.608630
vt 0.570750 0.317100
vt 0.569402 0.315503
vt 0.568056 0.317100
vt 0.569402 0.318696
vt 0.534709 0.564469
vt 0.533362 0.566065
vt 0.532015 0.564469
vt 0.533362 0.562873
vt 0.545305 0.599712
vt 0.543903 0.601308
vt 0.542502 0.599712
vt 0.543903 0.598115
vt 0.262801 0.585304
vt 0.261205 0.583956
vt 0.262801 0.582609
vt 0.264398 0.583956
vt 0.581345 0.328847
vt 0.579943 0.327251
vt 0.578542 0.328847
vt 0.579943 0.330444
vt 0.576362 0.576217
vt 0.575120 0.577813
vt 0.573878 0.576217
vt 0.575120 0.574620
vt 0.576362 0.552721
vt 0.575120 0.554318
vt 0.573878 0.552721
vt 0.575120 0.551125
vt 0.513408 0.623207
vt 0.514497 0.621611
vt 0.515586 0.623207
vt 0.514497 0.624803
vt 0.619008 0.293605
vt 0.620098 0.295201
vt 0.621186 0.293605
vt 0.620098 0.292008
vt 0.352343 0.546917
vt 0.350746 0.548006
vt 0.352343 0.549094
vt 0.353939 0.548006
vt 0.515586 0.576217
vt 0.514497 0.577813
vt 0.513408 0.576217
vt 0.514497 0.574620
vt 0.317100 0.607388
vt 0.315503 0.608630
vt 0.317100 0.609872
vt 0.318696 0.608630
vt 0.251054 0.532174
vt 0.252650 0.533262
vt 0.251054 0.534351
vt 0.249458 0.533262
vt 0.352343 0.586758
vt 0.350746 0.588160
vt 0.352343 0.589561
vt 0.353939 0.588160
vt 0.570750 0.364090
vt 0.569402 0.362494
vt 0.568056 0.364090
vt 0.569402 0.365686
vt 0.305352 0.607388
vt 0.303756 0.608630
vt 0.305352 0.609872
vt 0.306948 0.608630
vt 0.609919 0.293605
vt 0.611161 0.295201
vt 0.612403 0.293605
vt 0.611161 0.292008
vt 0.573878 0.623207
vt 0.575120 0.621611
vt 0.576362 0.623207
vt 0.575120 0.624803
vt 0.534709 0.540974
vt 0.533362 0.542570
vt 0.532015 0.540974
vt 0.533362 0.539378
vt 0.227559 0.601733
vt 0.229155 0.602822
vt 0.227559 0.603910
vt 0.225963 0.602822
vt 0.204064 0.601733
vt 0.205660 0.602822
vt 0.204064 0.603910
vt 0.202467 0.602822
vt 0.227559 0.582609
vt 0.229155 0.583956
vt 0.227559 0.585304
vt 0.225963 0.583956
vt 0.566539 0.576217
vt 0.565191 0.577813
vt 0.563844 0.576217
vt 0.565191 0.574620
vt 0.532015 0.623207
vt 0.533362 0.621611
vt 0.534709 0.623207
vt 0.533362 0.624803
vt 0.551625 0.305352
vt 0.550537 0.303756
vt 0.549449 0.305352
vt 0.550537 0.306948
vt 0.551625 0.317100
vt 0.550537 0.315503
vt 0.549449 0.317100
vt 0.550537 0.318696
vt 0.239307 0.582609
vt 0.240903 0.583956
vt 0.239307 0.585304
vt 0.237710 0.583956
vt 0.204064 0.592644
vt 0.205660 0.593886
vt 0.204064 0.595128
vt 0.202467 0.593886
vt 0.545305 0.552721
vt 0.543903 0.554318
vt 0.542502 0.552721
vt 0.543903 0.551125
vt 0.180569 0.582609
vt 0.182165 0.583956
vt 0.180569 0.585304
vt 0.178972 0.583956
vt 0.568056 0.293605
vt 0.569402 0.295201
vt 0.570750 0.293605
vt 0.569402 0.292008
vt 0.262801 0.553475
vt 0.261205 0.552127
vt 0.262801 0.550780
vt 0.264398 0.552127
vt 0.551625 0.352342
vt 0.550537 0.350746
vt 0.549449 0.352342
vt 0.550537 0.353939
vt 0.251054 0.582609
vt 0.252650 0.583956
vt 0.251054 0.585304
vt 0.249458 0.583956
vt 0.239307 0.550780
vt 0.240903 0.552127
vt 0.239307 0.553475
vt 0.237710 0.552127
vt 0.317100 0.555700
vt 0.315503 0.556942
vt 0.317100 0.558184
vt 0.318696 0.556942
vt 0.576362 0.611459
vt 0.575120 0.613056
vt 0.573878 0.611459
vt 0.575120 0.609863
vt 0.545305 0.564469
vt 0.543903 0.566065
vt 0.542502 0.564469
vt 0.543903 0.562873
vt 0.251054 0.572014
vt 0.252650 0.573416
vt 0.251054 0.574817
vt 0.249458 0.573416
vt 0.534709 0.587964
vt 0.533362 0.589560
vt 0.532015 0.587964
vt 0.533362 0.586368
vt 0.227559 0.592644
vt 0.229155 0.593886
vt 0.227559 0.595128
vt 0.225963 0.593886
vt 0.576362 0.599712
vt 0.575120 0.601308
vt 0.573878 0.599712
vt 0.575120 0.598115
vt 0.569102 0.403803
vt 0.578242 0.398917
vt 0.581699 0.407262
vt 0.574120 0.411313
vt 0.549632 0.467988
vt 0.546624 0.458071
vt 0.555483 0.456309
vt 0.557977 0.464531
vt 0.647313 0.467988
vt 0.642427 0.477127
vt 0.634917 0.472109
vt 0.638967 0.464531
vt 0.627842 0.403803
vt 0.635853 0.410377
vt 0.629466 0.416764
vt 0.622824 0.411313
vt 0.561092 0.410377
vt 0.567479 0.416764
vt 0.554518 0.477127
vt 0.562028 0.472109
vt 0.650321 0.458071
vt 0.641462 0.456309
vt 0.618703 0.398917
vt 0.615246 0.407262
vt 0.554518 0.418388
vt 0.562028 0.423406
vt 0.608786 0.499606
vt 0.598473 0.500621
vt 0.598473 0.491589
vt 0.607024 0.490747
vt 0.561092 0.485138
vt 0.567479 0.478751
vt 0.651336 0.447757
vt 0.642305 0.447757
vt 0.608786 0.395909
vt 0.607023 0.404768
vt 0.549632 0.427527
vt 0.557977 0.430984
vt 0.618703 0.496597
vt 0.615246 0.488253
vt 0.569102 0.491712
vt 0.574120 0.484202
vt 0.650321 0.437444
vt 0.641462 0.439206
vt 0.598473 0.394893
vt 0.598473 0.403926
vt 0.546624 0.437444
vt 0.555483 0.439206
vt 0.627842 0.491712
vt 0.622824 0.484202
vt 0.578242 0.496597
vt 0.581699 0.488253
vt 0.647313 0.427527
vt 0.638967 0.430984
vt 0.588159 0.395909
vt 0.589921 0.404768
vt 0.545608 0.447757
vt 0.554641 0.447757
vt 0.635853 0.485138
vt 0.629466 0.478751
vt 0.588159 0.499606
vt 0.589921 0.490747
vt 0.642427 0.418388
vt 0.634917 0.423406
vt 0.427527 0.653865
vt 0.437444 0.656874
vt 0.439221 0.647940
vt 0.431013 0.645450
vt 0.491712 0.634395
vt 0.496597 0.625255
vt 0.488182 0.621770
vt 0.484138 0.629334
vt 0.437444 0.553177
vt 0.427527 0.556185
vt 0.431013 0.564601
vt 0.439221 0.562111
vt 0.485137 0.567645
vt 0.477127 0.561070
vt 0.472067 0.568644
vt 0.478697 0.574085
vt 0.394893 0.605025
vt 0.395909 0.615339
vt 0.404843 0.613561
vt 0.404002 0.605025
vt 0.447758 0.657889
vt 0.447758 0.648781
vt 0.499606 0.615338
vt 0.490672 0.613561
vt 0.418387 0.561070
vt 0.423448 0.568644
vt 0.467987 0.556185
vt 0.464502 0.564601
vt 0.398917 0.625255
vt 0.407333 0.621770
vt 0.458071 0.656874
vt 0.456293 0.647940
vt 0.500621 0.605025
vt 0.491512 0.605025
vt 0.410377 0.567645
vt 0.416818 0.574086
vt 0.458071 0.553177
vt 0.456293 0.562111
vt 0.403802 0.634395
vt 0.411376 0.629334
vt 0.467988 0.653865
vt 0.464502 0.645450
vt 0.499606 0.594712
vt 0.490672 0.596489
vt 0.403802 0.575656
vt 0.411376 0.580716
vt 0.447758 0.552161
vt 0.447758 0.561270
vt 0.410377 0.642406
vt 0.416818 0.635965
vt 0.477127 0.648980
vt 0.472067 0.641407
vt 0.496597 0.584795
vt 0.488182 0.588281
vt 0.398917 0.584795
vt 0.407333 0.588281
vt 0.418387 0.648980
vt 0.423448 0.641407
vt 0.485137 0.642406
vt 0.478697 0.635965
vt 0.491712 0.575656
vt 0.484138 0.580716
vt 0.395909 0.594712
vt 0.404843 0.596489
vt 0.609613 0.237848
vt 0.571820 0.237853
vt 0.571820 0.246076
vt 0.609613 0.246066
vt 0.571820 0.253654
vt 0.609613 0.253640
vt 0.571820 0.260296
vt 0.609613 0.260278
vt 0.656724 0.583517
vt 0.656742 0.621311
vt 0.650100 0.621311
vt 0.650086 0.583517
vt 0.642522 0.621311
vt 0.642513 0.583517
vt 0.634300 0.621311
vt 0.634294 0.583517
vt 0.625749 0.621311
vt 0.625749 0.583517
vt 0.617197 0.621311
vt 0.617202 0.583517
vt 0.608974 0.621311
vt 0.608984 0.583517
vt 0.601397 0.621311
vt 0.601411 0.583517
vt 0.594755 0.621311
vt 0.594773 0.583517
vt 0.306660 0.704533
vt 0.344455 0.704515
vt 0.344455 0.711157
vt 0.306660 0.711171
vt 0.344455 0.718735
vt 0.306660 0.718744
vt 0.344455 0.726957
vt 0.306660 0.726962
vt 0.344455 0.735508
vt 0.306660 0.735508
vt 0.344455 0.744059
vt 0.306660 0.744054
vt 0.344455 0.752282
vt 0.306660 0.752272
vt 0.344455 0.759860
vt 0.306660 0.759846
vt 0.344455 0.766502
vt 0.306660 0.766484
vt 0.751740 0.363883
vt 0.751758 0.326089
vt 0.745117 0.326089
vt 0.745102 0.363883
vt 0.737539 0.326089
vt 0.737528 0.363883
vt 0.729315 0.326089
vt 0.729311 0.363883
vt 0.720764 0.326089
vt 0.720764 0.363883
vt 0.712212 0.326089
vt 0.712218 0.363883
vt 0.703990 0.326089
vt 0.704000 0.363883
vt 0.696412 0.326089
vt 0.696427 0.363883
vt 0.689771 0.326089
vt 0.689789 0.363883
vt 0.609613 0.198326
vt 0.571820 0.198308
vt 0.571820 0.204951
vt 0.609613 0.204965
vt 0.571820 0.212529
vt 0.609613 0.212538
vt 0.571820 0.220751
vt 0.609613 0.220756
vt 0.571820 0.229302
vt 0.609613 0.229302
vt 0.685201 0.229302
vt 0.647407 0.229302
vt 0.647407 0.237843
vt 0.685201 0.237838
vt 0.685201 0.220766
vt 0.647407 0.220761
vt 0.685201 0.212558
vt 0.647407 0.212548
vt 0.685201 0.204993
vt 0.647407 0.204979
vt 0.685201 0.198362
vt 0.647407 0.198344
vt 0.696455 0.439470
vt 0.696442 0.401676
vt 0.689807 0.401676
vt 0.689824 0.439470
vt 0.704020 0.439470
vt 0.704011 0.401676
vt 0.712229 0.439470
vt 0.712223 0.401676
vt 0.720764 0.439470
vt 0.720764 0.401676
vt 0.729300 0.439470
vt 0.729306 0.401676
vt 0.737509 0.439470
vt 0.737519 0.401676
vt 0.745073 0.439470
vt 0.745087 0.401676
vt 0.751703 0.439470
vt 0.751722 0.401676
vt 0.231073 0.759817
vt 0.268867 0.759832
vt 0.268867 0.766466
vt 0.231073 0.766448
vt 0.231073 0.752253
vt 0.268867 0.752262
vt 0.231073 0.744044
vt 0.268867 0.744049
vt 0.231073 0.735508
vt 0.268867 0.735508
vt 0.231073 0.726972
vt 0.268867 0.726967
vt 0.231073 0.718764
vt 0.268867 0.718754
vt 0.231073 0.711199
vt 0.268867 0.711185
vt 0.231073 0.704569
vt 0.268867 0.704551
vt 0.601439 0.507930
vt 0.601425 0.545723
vt 0.594791 0.545723
vt 0.594809 0.507930
vt 0.609004 0.507930
vt 0.608995 0.545723
vt 0.617212 0.507930
vt 0.617207 0.545723
vt 0.625749 0.507930
vt 0.625749 0.545723
vt 0.634285 0.507930
vt 0.634290 0.545723
vt 0.642493 0.507930
vt 0.642503 0.545723
vt 0.650058 0.507930
vt 0.650071 0.545723
vt 0.656688 0.507930
vt 0.656707 0.545723
vt 0.685201 0.253611
vt 0.647407 0.253626
vt 0.647407 0.260260
vt 0.685201 0.260242
vt 0.685201 0.246047
vt 0.647407 0.246056
# 3204 texture coordinates

vn 0.097999 0.995187 0.000000
vn 0.290310 0.956933 0.000000
vn 0.471408 0.881915 0.000000
vn 0.634402 0.773003 -0.000000
vn 0.773003 0.634402 -0.000000
vn 0.881915 0.471408 0.000000
vn 0.956933 0.290310 -0.000000
vn 0.995187 0.097999 -0.000000
vn 0.995187 -0.097999 -0.000000
vn 0.956933 -0.290310 -0.000000
vn 0.881915 -0.471408 0.000000
vn 0.773003 -0.634402 -0.000000
vn 0.634402 -0.773003 -0.000000
vn 0.471408 -0.881915 0.000000
vn 0.290310 -0.956933 0.000000
vn 0.097999 -0.995187 0.000000
vn -0.097999 -0.995187 0.000000
vn -0.290310 -0.956933 -0.000000
vn -0.471408 -0.881915 0.000000
vn -0.634402 -0.773003 0.000000
vn -0.773003 -0.634402 0.000000
vn -0.881915 -0.471408 -0.000000
vn -0.956933 -0.290310 0.000000
vn -0.995187 -0.097999 0.000000
vn -0.995187 0.097999 0.000000
vn -0.956933 0.290310 0.000000
vn -0.881915 0.471408 0.000000
vn -0.773003 0.634402 -0.000000
vn -0.634402 0.773003 0.000000
vn -0.471408 0.881915 -0.000000
vn -0.290310 0.956933 -0.000000
vn -0.097999 0.995187 0.000000
vn 0.000000 1.000000 0.000000
vn 0.499901 0.782502 0.371201
vn 0.499901 0.782502 -0.371201
vn -0.499901 0.782502 -0.371201
vn -0.499901 0.782502 0.371201
vn -0.195097 0.980784 0.000000
vn -0.642999 0.669899 -0.371199
vn -0.642999 0.669899 0.371199
vn 0.337691 0.864976 0.371190
vn 0.337691 0.864976 -0.371190
vn 0.382690 -0.923877 0.000000
vn 0.761313 -0.531609 -0.371206
vn 0.761313 -0.531609 0.371206
vn -0.162503 -0.914219 0.371208
vn -0.162503 -0.914219 -0.371208
vn 0.555577 0.831465 0.000000
vn 0.019001 0.928351 -0.371220
vn 0.019001 0.928351 0.371220
vn 0.850422 0.372809 0.371209
vn 0.850422 0.372809 -0.371209
vn -0.980784 -0.195097 0.000000
vn -0.669899 -0.642999 -0.371199
vn -0.669899 -0.642999 0.371199
vn -0.864976 0.337691 0.371190
vn -0.864976 0.337691 -0.371190
vn -0.382690 0.923877 0.000000
vn -0.761313 0.531609 -0.371206
vn -0.761313 0.531609 0.371206
vn 0.162503 0.914219 0.371208
vn 0.162503 0.914219 -0.371208
vn 0.707107 -0.707107 0.000000
vn 0.906802 -0.199800 -0.371201
vn 0.906802 -0.199800 0.371201
vn 0.199800 -0.906802 0.371201
vn 0.199800 -0.906802 -0.371201
vn -0.707107 -0.707107 0.000000
vn -0.199800 -0.906802 -0.371201
vn -0.199800 -0.906802 0.371201
vn -0.906802 -0.199800 0.371201
vn -0.906802 -0.199800 -0.371201
vn 0.707107 0.707107 0.000000
vn 0.199800 0.906802 -0.371201
vn 0.199800 0.906802 0.371201
vn 0.906802 0.199800 0.371201
vn 0.906802 0.199800 -0.371201
vn -0.980784 0.195097 0.000000
vn -0.864976 -0.337691 -0.371190
vn -0.864976 -0.337691 0.371190
vn -0.669899 0.642999 0.371199
vn -0.669899 0.642999 -0.371199
vn 0.000000 -1.000000 0.000000
vn 0.499901 -0.782502 -0.371201
vn 0.499901 -0.782502 0.371201
vn -0.499901 -0.782502 0.371201
vn -0.499901 -0.782502 -0.371201
vn -0.555577 0.831465 0.000000
vn -0.850422 0.372809 -0.371209
vn -0.850422 0.372809 0.371209
vn -0.019001 0.928351 0.371220
vn -0.019001 0.928351 -0.371220
vn -1.000000 0.000000 0.000000
vn -0.782502 -0.499901 -0.371201
vn -0.782502 -0.499901 0.371201
vn -0.782502 0.499901 0.371201
vn -0.782502 0.499901 -0.371201
vn -0.831465 -0.555577 -0.000000
vn -0.372809 -0.850422 -0.371209
vn -0.372809 -0.850422 0.371209
vn -0.928351 -0.019001 0.371220
vn -0.928351 -0.019001 -0.371220
vn -0.923877 -0.382690 0.000000
vn -0.531609 -0.761313 -0.371206
vn -0.531609 -0.761313 0.371206
vn -0.914219 0.162503 0.371208
vn -0.914219 0.162503 -0.371208
vn 0.382690 0.923877 0.000000
vn -0.162503 0.914219 -0.371208
vn -0.162503 0.914219 0.371208
vn 0.761313 0.531609 0.371206
vn 0.761313 0.531609 -0.371206
vn 0.831465 -0.555577 -0.000000
vn 0.372809 -0.850422 0.371209
vn 0.372809 -0.850422 -0.371209
vn 0.928351 -0.019001 -0.371220
vn 0.928351 -0.019001 0.371220
vn 0.831465 0.555577 -0.000000
vn 0.372809 0.850422 -0.371209
vn 0.372809 0.850422 0.371209
vn 0.928351 0.019001 0.371220
vn 0.928351 0.019001 -0.371220
vn -0.707107 0.707107 0.000000
vn -0.906802 0.199800 -0.371201
vn -0.906802 0.199800 0.371201
vn -0.199800 0.906802 0.371201
vn -0.199800 0.906802 -0.371201
vn 0.923877 -0.382690 -0.000000
vn 0.914219 0.162503 -0.371208
vn 0.914219 0.162503 0.371208
vn 0.531609 -0.761313 0.371206
vn 0.531609 -0.761313 -0.371206
vn 0.195097 0.980784 0.000000
vn -0.337691 0.864976 -0.371190
vn -0.337691 0.864976 0.371190
vn 0.642999 0.669899 0.371199
vn 0.642999 0.669899 -0.371199
vn -0.195097 -0.980784 0.000000
vn 0.337691 -0.864976 -0.371190
vn 0.337691 -0.864976 0.371190
vn -0.642999 -0.669899 0.371199
vn -0.642999 -0.669899 -0.371199
vn -0.831465 0.555577 -0.000000
vn -0.928351 0.019001 -0.371220
vn -0.928351 0.019001 0.371220
vn -0.372809 0.850422 0.371209
vn -0.372809 0.850422 -0.371209
vn 0.980784 -0.195097 0.000000
vn 0.864976 0.337691 -0.371190
vn 0.864976 0.337691 0.371190
vn 0.669899 -0.642999 0.371199
vn 0.669899 -0.642999 -0.371199
vn -0.382690 -0.923877 0.000000
vn 0.162503 -0.914219 -0.371208
vn 0.162503 -0.914219 0.371208
vn -0.761313 -0.531609 0.371206
vn -0.761313 -0.531609 -0.371206
vn -0.923877 0.382690 0.000000
vn -0.914219 -0.162503 -0.371208
vn -0.914219 -0.162503 0.371208
vn -0.531609 0.761313 0.371206
vn -0.531609 0.761313 -0.371206
vn -0.914234 -0.162406 -0.371214
vn 0.195097 -0.980784 0.000000
vn 0.642999 -0.669899 -0.371199
vn 0.642999 -0.669899 0.371199
vn -0.337691 -0.864976 0.371190
vn -0.337691 -0.864976 -0.371190
vn -0.555577 -0.831465 -0.000000
vn -0.850422 -0.372809 0.371209
vn -0.850422 -0.372809 -0.371209
vn -0.019001 -0.928351 -0.371220
vn -0.019001 -0.928351 0.371220
vn 0.555577 -0.831465 0.000000
vn 0.850422 -0.372809 -0.371209
vn 0.850422 -0.372809 0.371209
vn 0.019001 -0.928351 0.371220
vn 0.019001 -0.928351 -0.371220
vn 0.923877 0.382690 0.000000
vn 0.531609 0.761313 -0.371206
vn 0.531609 0.761313 0.371206
vn 0.914219 -0.162503 0.371208
vn 0.914219 -0.162503 -0.371208
vn 1.000000 0.000000 -0.000000
vn 0.782502 0.499901 -0.371201
vn 0.782502 0.499901 0.371201
vn 0.782502 -0.499901 0.371201
vn 0.782502 -0.499901 -0.371201
vn 0.980784 0.195097 0.000000
vn 0.669899 0.642999 -0.371199
vn 0.669899 0.642999 0.371199
vn 0.864976 -0.337691 0.371190
vn 0.864976 -0.337691 -0.371190
vn 0.213692 -0.887766 0.407685
vn -0.670864 -0.619467 0.407678
vn -0.670864 -0.619467 -0.407678
vn 0.213692 -0.887766 -0.407685
vn -0.382715 0.829033 0.407716
vn 0.537119 0.738426 0.407714
vn 0.537119 0.738426 -0.407714
vn -0.382715 0.829033 -0.407716
vn 0.829033 0.382715 0.407716
vn 0.738426 -0.537119 0.407714
vn 0.738426 -0.537119 -0.407714
vn 0.829033 0.382715 -0.407716
vn -0.738426 -0.537119 0.407714
vn -0.829033 0.382715 0.407716
vn -0.829033 0.382715 -0.407716
vn -0.738426 -0.537119 -0.407714
vn -0.036400 0.912392 0.407696
vn 0.778803 0.476702 0.407702
vn 0.778803 0.476702 -0.407702
vn -0.036400 0.912392 -0.407696
vn 0.901967 -0.142295 0.407685
vn 0.315584 -0.856857 0.407680
vn 0.315584 -0.856857 -0.407680
vn 0.901967 -0.142295 -0.407685
vn 0.619467 0.670864 0.407678
vn 0.887766 -0.213692 0.407685
vn 0.887766 -0.213692 -0.407685
vn 0.619467 0.670864 -0.407678
vn -0.912392 -0.036400 0.407696
vn -0.476702 0.778803 0.407702
vn -0.476702 0.778803 -0.407702
vn -0.912392 -0.036400 -0.407696
vn -0.887766 -0.213692 0.407685
vn -0.619467 0.670864 0.407678
vn -0.619467 0.670864 -0.407678
vn -0.887766 -0.213692 -0.407685
vn -0.142295 -0.901967 0.407685
vn -0.856857 -0.315584 0.407680
vn -0.856857 -0.315584 -0.407680
vn -0.142295 -0.901967 -0.407685
vn 0.912392 0.036400 0.407696
vn 0.476702 -0.778803 0.407702
vn 0.476702 -0.778803 -0.407702
vn 0.912392 0.036400 -0.407696
vn 0.778803 -0.476702 0.407702
vn -0.036400 -0.912392 0.407696
vn -0.036400 -0.912392 -0.407696
vn 0.778803 -0.476702 -0.407702
vn -0.856857 0.315584 0.407680
vn -0.142295 0.901967 0.407685
vn -0.142295 0.901967 -0.407685
vn -0.856857 0.315584 -0.407680
vn 0.670864 -0.619467 0.407678
vn -0.213692 -0.887766 0.407685
vn -0.213692 -0.887766 -0.407685
vn 0.670864 -0.619467 -0.407678
vn -0.829033 -0.382715 0.407716
vn -0.738426 0.537119 0.407714
vn -0.738426 0.537119 -0.407714
vn -0.829033 -0.382715 -0.407716
vn 0.382715 -0.829033 0.407716
vn -0.537119 -0.738426 0.407714
vn -0.537119 -0.738426 -0.407714
vn 0.382715 -0.829033 -0.407716
vn -0.778803 0.476702 0.407702
vn 0.036400 0.912392 0.407696
vn 0.036400 0.912392 -0.407696
vn -0.778803 0.476702 -0.407702
vn -0.315584 -0.856857 0.407680
vn -0.901967 -0.142295 0.407685
vn -0.901967 -0.142295 -0.407685
vn -0.315584 -0.856857 -0.407680
vn -0.901967 0.142295 0.407685
vn -0.315584 0.856857 0.407680
vn -0.315584 0.856857 -0.407680
vn -0.901967 0.142295 -0.407685
vn 0.537119 -0.738426 0.407714
vn -0.382715 -0.829033 0.407716
vn -0.382715 -0.829033 -0.407716
vn 0.537119 -0.738426 -0.407714
vn -0.670864 0.619467 0.407678
vn 0.213692 0.887766 0.407685
vn 0.213692 0.887766 -0.407685
vn -0.670864 0.619467 -0.407678
vn -0.537119 0.738426 0.407714
vn 0.382715 0.829033 0.407716
vn 0.382715 0.829033 -0.407716
vn -0.537119 0.738426 -0.407714
vn 0.142295 0.901967 0.407685
vn 0.856857 0.315584 0.407680
vn 0.856857 0.315584 -0.407680
vn 0.142295 0.901967 -0.407685
vn -0.619467 -0.670864 0.407678
vn -0.887766 0.213692 0.407685
vn -0.887766 0.213692 -0.407685
vn -0.619467 -0.670864 -0.407678
vn 0.036400 -0.912392 0.407696
vn -0.778803 -0.476702 0.407702
vn -0.778803 -0.476702 -0.407702
vn 0.036400 -0.912392 -0.407696
vn 0.315584 0.856857 0.407680
vn 0.901967 0.142295 0.407685
vn 0.901967 0.142295 -0.407685
vn 0.315584 0.856857 -0.407680
vn -0.213692 0.887766 0.407685
vn 0.670864 0.619467 0.407678
vn 0.670864 0.619467 -0.407678
vn -0.213692 0.887766 -0.407685
vn -0.476702 -0.778803 0.407702
vn -0.912392 0.036400 0.407696
vn -0.912392 0.036400 -0.407696
vn -0.476702 -0.778803 -0.407702
vn 0.887766 0.213692 0.407685
vn 0.619467 -0.670864 0.407678
vn 0.619467 -0.670864 -0.407678
vn 0.887766 0.213692 -0.407685
vn 0.476702 0.778803 0.407702
vn 0.912392 -0.036400 0.407696
vn 0.912392 -0.036400 -0.407696
vn 0.476702 0.778803 -0.407702
vn 0.829033 -0.382715 -0.407716
vn 0.738426 0.537119 -0.407714
vn 0.738426 0.537119 0.407714
vn 0.829033 -0.382715 0.407716
vn 0.856857 -0.315584 0.407680
vn 0.142295 -0.901967 0.407685
vn 0.142295 -0.901967 -0.407685
vn 0.856857 -0.315584 -0.407680
vn -0.185693 -0.277990 0.942465
vn -0.127895 -0.308887 0.942461
vn -0.308887 0.127895 0.942461
vn -0.327888 0.065198 0.942464
vn 0.308887 0.127895 0.942461
vn 0.277990 0.185693 0.942465
vn 0.185693 -0.277990 0.942465
vn 0.236391 -0.236391 0.942464
vn -0.236391 -0.236391 0.942464
vn -0.277990 0.185693 0.942465
vn 0.327888 0.065198 0.942464
vn 0.127895 -0.308887 0.942461
vn -0.277990 -0.185693 0.942465
vn 0.065198 0.327888 0.942464
vn 0.000000 0.334290 0.942470
vn -0.236391 0.236391 0.942464
vn 0.334290 0.000000 0.942470
vn 0.065198 -0.327888 0.942464
vn -0.308887 -0.127895 0.942461
vn 0.127895 0.308887 0.942461
vn -0.185693 0.277990 0.942465
vn 0.327888 -0.065198 0.942464
vn -0.000000 -0.334290 0.942470
vn -0.327888 -0.065198 0.942464
vn 0.185693 0.277990 0.942465
vn -0.127895 0.308887 0.942461
vn 0.308887 -0.127895 0.942461
vn -0.065198 -0.327888 0.942464
vn -0.334290 0.000000 0.942470
vn 0.236391 0.236391 0.942464
vn -0.065198 0.327888 0.942464
vn 0.277990 -0.185693 0.942465
vn 0.168004 -0.405509 -0.898520
vn 0.085602 -0.430509 -0.898518
vn -0.364997 -0.243898 -0.898493
vn -0.405509 -0.168004 -0.898520
vn 0.085602 0.430509 -0.898518
vn 0.168004 0.405509 -0.898520
vn -0.310400 0.310400 -0.898501
vn -0.243898 0.364997 -0.898493
vn 0.438914 0.000000 -0.898529
vn 0.430509 -0.085602 -0.898518
vn -0.000000 -0.438914 -0.898529
vn -0.430509 -0.085602 -0.898518
vn 0.243898 0.364997 -0.898493
vn -0.168004 0.405509 -0.898520
vn 0.405509 -0.168004 -0.898520
vn -0.085602 -0.430509 -0.898518
vn -0.438914 0.000000 -0.898529
vn 0.310400 0.310400 -0.898501
vn -0.085602 0.430509 -0.898518
vn 0.364997 -0.243898 -0.898493
vn -0.168004 -0.405509 -0.898520
vn -0.430509 0.085602 -0.898518
vn 0.364997 0.243898 -0.898493
vn 0.000000 0.438914 -0.898529
vn 0.310400 -0.310400 -0.898501
vn -0.243898 -0.364997 -0.898493
vn -0.405509 0.168004 -0.898520
vn 0.405509 0.168004 -0.898520
vn 0.243898 -0.364997 -0.898493
vn -0.310400 -0.310400 -0.898501
vn -0.364997 0.243898 -0.898493
vn 0.430509 0.085602 -0.898518
vn 0.195097 -0.980784 0.000700
vn 0.382690 -0.923876 0.000700
vn 0.555577 -0.831465 0.000700
vn 0.707107 -0.707107 0.000700
vn 0.831465 -0.555577 0.000700
vn 0.923876 -0.382690 0.000700
vn 0.980784 -0.195097 0.000700
vn 1.000000 -0.000000 0.000700
vn 0.980784 0.195097 0.000700
vn 0.923876 0.382690 0.000700
vn 0.831465 0.555577 0.000700
vn 0.707107 0.707107 0.000700
vn 0.555577 0.831465 0.000700
vn 0.382690 0.923876 0.000700
vn 0.195097 0.980784 0.000700
vn 0.000000 1.000000 0.000700
vn -0.195097 0.980784 0.000700
vn -0.382690 0.923876 0.000700
vn -0.555577 0.831465 0.000700
vn -0.707107 0.707107 0.000700
vn -0.831465 0.555577 0.000700
vn -0.923876 0.382690 0.000700
vn -0.980784 0.195097 0.000700
vn -1.000000 0.000000 0.000700
vn -0.980784 -0.195097 0.000700
vn -0.923876 -0.382690 0.000700
vn -0.831465 -0.555577 0.000700
vn -0.707107 -0.707107 0.000700
vn -0.555577 -0.831465 0.000700
vn -0.382690 -0.923876 0.000700
vn -0.195097 -0.980784 0.000700
vn -0.000000 -1.000000 0.000700
# 417 normals

usemtl None
f 589/920/519 591/921/519 908/922/519
f 591/921/520 593/923/520 909/924/520
f 593/923/521 595/925/521 910/926/521
f 595/925/522 597/927/522 911/928/522
f 597/929/523 599/930/523 912/931/523
f 599/930/524 601/932/524 913/933/524
f 601/932/525 603/934/525 914/935/525
f 603/934/526 605/936/526 915/937/526
f 605/936/527 607/938/527 916/939/527
f 607/938/528 609/940/528 917/941/528
f 609/940/529 611/942/529 918/943/529
f 611/942/530 613/944/530 919/945/530
f 613/946/531 615/947/531 920/948/531
f 615/947/532 617/949/532 921/950/532
f 617/949/533 619/951/533 922/952/533
f 619/951/534 621/953/534 923/954/534
f 621/953/535 623/955/535 924/956/535
f 623/955/536 625/957/536 925/958/536
f 625/957/537 627/959/537 926/960/537
f 627/959/538 629/961/538 927/962/538
f 629/963/539 631/964/539 928/965/539
f 631/964/540 633/966/540 929/967/540
f 633/966/541 635/968/541 930/969/541
f 635/968/542 637/970/542 931/971/542
f 637/970/543 639/972/543 932/973/543
f 639/972/544 641/974/544 933/975/544
f 641/974/545 643/976/545 934/977/545
f 643/976/546 645/978/546 935/979/546
f 645/980/547 647/981/547 936/982/547
f 647/981/548 649/983/548 937/984/548
f 649/983/549 651/985/549 938/986/549
f 651/985/550 589/920/550 939/987/550
f 588/988/550 650/989/550 940/990/550
f 650/989/549 648/991/549 948/992/549
f 648/991/548 646/993/548 956/994/548
f 646/993/547 644/995/547 964/996/547
f 644/997/546 642/998/546 972/999/546
f 642/998/545 640/1000/545 980/1001/545
f 640/1000/544 638/1002/544 988/1003/544
f 638/1002/543 636/1004/543 996/1005/543
f 636/1004/542 634/1006/542 1004/1007/542
f 634/1006/541 632/1008/541 1012/1009/541
f 632/1008/540 630/1010/540 1020/1011/540
f 630/1010/539 628/1012/539 1028/1013/539
f 628/1014/538 626/1015/538 1036/1016/538
f 626/1015/537 624/1017/537 1044/1018/537
f 624/1017/536 622/1019/536 1052/1020/536
f 622/1019/535 620/1021/535 1060/1022/535
f 620/1021/534 618/1023/534 1068/1024/534
f 618/1023/533 616/1025/533 1076/1026/533
f 616/1025/532 614/1027/532 1084/1028/532
f 614/1027/531 612/1029/531 1092/1030/531
f 612/1031/530 610/1032/530 1100/1033/530
f 610/1032/529 608/1034/529 1108/1035/529
f 608/1034/528 606/1036/528 1116/1037/528
f 606/1036/527 604/1038/527 1124/1039/527
f 604/1038/526 602/1040/526 1132/1041/526
f 602/1040/525 600/1042/525 1140/1043/525
f 600/1042/524 598/1044/524 1148/1045/524
f 598/1044/523 596/1046/523 1156/1047/523
f 596/1048/522 594/1049/522 1164/1050/522
f 594/1049/521 592/1051/521 1172/1052/521
f 592/1051/520 590/1053/520 1180/1054/520
f 590/1053/519 588/988/519 1188/1055/519
f 1196/1056/551 1197/1057/551 1198/1058/551 1199/1059/551
f 1188/1055/552 1197/1057/552 1196/1056/552 652/1060/552
f 588/988/553 1198/1058/553 1197/1057/553 1188/1055/553
f 940/990/554 1199/1059/554 1198/1058/554 588/988/554
f 652/1060/555 1196/1056/555 1199/1059/555 940/990/555
f 1200/1061/551 1201/1062/551 1202/1063/551 1203/1064/551
f 1195/1065/552 1201/1062/552 1200/1061/552 659/1066/552
f 658/1067/553 1202/1063/553 1201/1062/553 1195/1065/553
f 947/1068/554 1203/1064/554 1202/1063/554 658/1067/554
f 659/1066/555 1200/1061/555 1203/1064/555 947/1068/555
f 1204/1069/556 1205/1070/556 1206/1071/556 1207/1072/556
f 955/1073/557 1205/1070/557 1204/1069/557 901/1074/557
f 900/1075/558 1206/1071/558 1205/1070/558 955/1073/558
f 947/1068/559 1207/1072/559 1206/1071/559 900/1075/559
f 901/1074/560 1204/1069/560 1207/1072/560 947/1068/560
f 1208/1076/556 1209/1077/556 1210/1078/556 1211/1079/556
f 949/1080/557 1209/1077/557 1208/1076/557 907/1081/557
f 906/1082/558 1210/1078/558 1209/1077/558 949/1080/558
f 941/1083/559 1211/1079/559 1210/1078/559 906/1082/559
f 907/1081/560 1208/1076/560 1211/1079/560 941/1083/560
f 1212/1084/556 1213/1085/556 1214/1086/556 1215/1087/556
f 939/987/559 1213/1085/559 1212/1084/559 651/985/559
f 900/1075/560 1214/1086/560 1213/1085/560 939/987/560
f 938/986/557 1215/1087/557 1214/1086/557 900/1075/557
f 651/985/558 1212/1084/558 1215/1087/558 938/986/558
f 1216/1088/556 1217/1089/556 1218/1090/556 1219/1091/556
f 954/1092/557 1217/1089/557 1216/1088/557 902/1093/557
f 901/1074/558 1218/1090/558 1217/1089/558 954/1092/558
f 946/1094/559 1219/1091/559 1218/1090/559 901/1074/559
f 902/1093/560 1216/1088/560 1219/1091/560 946/1094/560
f 1220/1095/551 1221/1096/551 1222/1097/551 1223/1098/551
f 1191/1099/552 1221/1096/552 1220/1095/552 655/1100/552
f 654/1101/553 1222/1097/553 1221/1096/553 1191/1099/553
f 943/1102/554 1223/1098/554 1222/1097/554 654/1101/554
f 655/1100/555 1220/1095/555 1223/1098/555 943/1102/555
f 1224/1103/556 1225/1104/556 1226/1105/556 1227/1106/556
f 950/1107/557 1225/1104/557 1224/1103/557 906/1082/557
f 905/1108/558 1226/1105/558 1225/1104/558 950/1107/558
f 942/1109/559 1227/1106/559 1226/1105/559 905/1108/559
f 906/1082/560 1224/1103/560 1227/1106/560 942/1109/560
f 1228/1110/556 1229/1111/556 1230/1112/556 1231/1113/556
f 951/1114/557 1229/1111/557 1228/1110/557 905/1108/557
f 904/1115/558 1230/1112/558 1229/1111/558 951/1114/558
f 943/1102/559 1231/1113/559 1230/1112/559 904/1115/559
f 905/1108/560 1228/1110/560 1231/1113/560 943/1102/560
f 1232/1116/561 1233/1117/561 1234/1118/561 1235/1119/561
f 1089/1120/562 1233/1117/562 1232/1116/562 767/1121/562
f 766/1122/563 1234/1118/563 1233/1117/563 1089/1120/563
f 1081/1123/564 1235/1119/564 1234/1118/564 766/1122/564
f 767/1121/565 1232/1116/565 1235/1119/565 1081/1123/565
f 1236/1124/566 1237/1125/566 1238/1126/566 1239/1127/566
f 1179/1128/567 1237/1125/567 1236/1124/567 677/1129/567
f 676/1130/568 1238/1126/568 1237/1125/568 1179/1128/568
f 1171/1131/569 1239/1127/569 1238/1126/569 676/1130/569
f 677/1129/570 1236/1124/570 1239/1127/570 1171/1131/570
f 1240/1132/571 1241/1133/571 1242/1134/571 1243/1135/571
f 1012/1009/572 1241/1133/572 1240/1132/572 634/1006/572
f 843/1136/573 1242/1134/573 1241/1133/573 1012/1009/573
f 1004/1007/574 1243/1135/574 1242/1134/574 843/1136/574
f 634/1006/575 1240/1132/575 1243/1135/575 1004/1007/575
f 1244/1137/576 1245/1138/576 1246/1139/576 1247/1140/576
f 956/994/577 1245/1138/577 1244/1137/577 648/991/577
f 899/1141/578 1246/1139/578 1245/1138/578 956/994/578
f 948/992/579 1247/1140/579 1246/1139/579 899/1141/579
f 648/991/580 1244/1137/580 1247/1140/580 948/992/580
f 1248/1142/581 1249/1143/581 1250/1144/581 1251/1145/581
f 1105/1146/582 1249/1143/582 1248/1142/582 751/1147/582
f 750/1148/583 1250/1144/583 1249/1143/583 1105/1146/583
f 1097/1149/584 1251/1150/584 1250/1151/584 750/1152/584
f 751/1153/585 1248/1154/585 1251/1150/585 1097/1149/585
f 1252/1155/586 1253/1156/586 1254/1157/586 1255/1158/586
f 1040/1159/587 1253/1160/587 1252/1161/587 816/1162/587
f 815/1163/588 1254/1164/588 1253/1160/588 1040/1159/588
f 1032/1165/589 1255/1158/589 1254/1157/589 815/1166/589
f 816/1167/590 1252/1155/590 1255/1158/590 1032/1165/590
f 1256/1168/591 1257/1169/591 1258/1170/591 1259/1171/591
f 1168/1172/592 1257/1169/592 1256/1168/592 688/1173/592
f 687/1174/593 1258/1170/593 1257/1169/593 1168/1172/593
f 1160/1175/594 1259/1176/594 1258/1177/594 687/1178/594
f 688/1179/595 1256/1180/595 1259/1176/595 1160/1175/595
f 1260/1181/576 1261/1182/576 1262/1183/576 1263/1184/576
f 957/1185/577 1261/1182/577 1260/1181/577 899/1141/577
f 898/1186/578 1262/1183/578 1261/1182/578 957/1185/578
f 949/1080/579 1263/1184/579 1262/1183/579 898/1186/579
f 899/1141/580 1260/1181/580 1263/1184/580 949/1080/580
f 1264/1187/596 1265/1188/596 1266/1189/596 1267/1190/596
f 1001/1191/597 1265/1188/597 1264/1187/597 855/1192/597
f 854/1193/598 1266/1189/598 1265/1188/598 1001/1191/598
f 993/1194/599 1267/1190/599 1266/1189/599 854/1193/599
f 855/1192/600 1264/1187/600 1267/1190/600 993/1194/600
f 1268/1195/601 1269/1196/601 1270/1197/601 1271/1198/601
f 1074/1199/602 1269/1196/602 1268/1195/602 782/1200/602
f 781/1201/603 1270/1197/603 1269/1196/603 1074/1199/603
f 1066/1202/604 1271/1198/604 1270/1197/604 781/1201/604
f 782/1200/605 1268/1195/605 1271/1198/605 1066/1202/605
f 1272/1203/606 1273/1204/606 1274/1205/606 1275/1206/606
f 970/1207/607 1273/1204/607 1272/1203/607 886/1208/607
f 885/1209/608 1274/1205/608 1273/1204/608 970/1207/608
f 962/1210/609 1275/1206/609 1274/1205/609 885/1209/609
f 886/1208/610 1272/1203/610 1275/1206/610 962/1210/610
f 1276/1211/611 1277/1212/611 1278/1213/611 1279/1214/611
f 1007/1215/612 1277/1212/612 1276/1211/612 849/1216/612
f 848/1217/613 1278/1213/613 1277/1212/613 1007/1215/613
f 999/1218/614 1279/1214/614 1278/1213/614 848/1217/614
f 849/1216/615 1276/1211/615 1279/1214/615 999/1218/615
f 1280/1219/616 1281/1220/616 1282/1221/616 1283/1222/616
f 1034/1223/617 1281/1220/617 1280/1219/617 822/1224/617
f 821/1225/618 1282/1221/618 1281/1220/618 1034/1223/618
f 1026/1226/619 1283/1222/619 1282/1221/619 821/1225/619
f 822/1224/620 1280/1219/620 1283/1222/620 1026/1226/620
f 1284/1227/621 1285/1228/621 1286/1229/621 1287/1230/621
f 1020/1011/622 1285/1228/622 1284/1227/622 632/1008/622
f 835/1231/623 1286/1229/623 1285/1228/623 1020/1011/623
f 1012/1009/624 1287/1230/624 1286/1229/624 835/1231/624
f 632/1008/625 1284/1227/625 1287/1230/625 1012/1009/625
f 1288/1232/626 1289/1233/626 1290/1234/626 1291/1235/626
f 1180/1054/627 1289/1233/627 1288/1232/627 592/1051/627
f 675/1236/628 1290/1234/628 1289/1233/628 1180/1054/628
f 1172/1052/629 1291/1235/629 1290/1234/629 675/1236/629
f 592/1051/630 1288/1232/630 1291/1235/630 1172/1052/630
f 1292/1237/606 1293/1238/606 1294/1239/606 1295/1240/606
f 965/1241/607 1293/1238/607 1292/1237/607 891/1242/607
f 890/1243/608 1294/1239/608 1293/1238/608 965/1241/608
f 957/1185/609 1295/1240/609 1294/1239/609 890/1243/609
f 891/1242/610 1292/1237/610 1295/1240/610 957/1185/610
f 1296/1244/631 1297/1245/631 1298/1246/631 1299/1247/631
f 919/945/632 1297/1245/632 1296/1244/632 611/942/632
f 740/1248/633 1298/1246/633 1297/1245/633 919/945/633
f 918/943/634 1299/1247/634 1298/1246/634 740/1248/634
f 611/942/635 1296/1244/635 1299/1247/635 918/943/635
f 1300/1249/636 1301/1250/636 1302/1251/636 1303/1252/636
f 1158/1253/637 1301/1250/637 1300/1249/637 698/1254/637
f 697/1255/638 1302/1251/638 1301/1250/638 1158/1253/638
f 1150/1256/639 1303/1252/639 1302/1251/639 697/1255/639
f 698/1254/640 1300/1249/640 1303/1252/640 1150/1256/640
f 1304/1257/641 1305/1258/641 1306/1259/641 1307/1260/641
f 977/1261/642 1305/1258/642 1304/1257/642 879/1262/642
f 878/1263/643 1306/1259/643 1305/1258/643 977/1261/643
f 969/1264/644 1307/1265/644 1306/1266/644 878/1267/644
f 879/1268/645 1304/1269/645 1307/1265/645 969/1264/645
f 1308/1270/646 1309/1271/646 1310/1272/646 1311/1273/646
f 1116/1037/647 1309/1271/647 1308/1270/647 608/1034/647
f 739/1274/648 1310/1272/648 1309/1271/648 1116/1037/648
f 1108/1035/649 1311/1273/649 1310/1272/649 739/1274/649
f 608/1034/650 1308/1270/650 1311/1273/650 1108/1035/650
f 1312/1275/641 1313/1276/641 1314/1277/641 1315/1278/641
f 978/1279/642 1313/1276/642 1312/1275/642 878/1263/642
f 877/1280/643 1314/1277/643 1313/1276/643 978/1279/643
f 970/1207/644 1315/1281/644 1314/1282/644 877/1283/644
f 878/1267/645 1312/1284/645 1315/1281/645 970/1207/645
f 1316/1285/651 1317/1286/651 1318/1287/651 1319/1288/651
f 1190/1289/652 1317/1286/652 1316/1285/652 666/1290/652
f 665/1291/653 1318/1287/653 1317/1286/653 1190/1289/653
f 1182/1292/654 1319/1288/654 1318/1287/654 665/1291/654
f 666/1290/655 1316/1285/655 1319/1288/655 1182/1292/655
f 1320/1293/641 1321/1294/641 1322/1295/641 1323/1296/641
f 974/1297/642 1321/1294/642 1320/1293/642 882/1298/642
f 881/1299/643 1322/1295/643 1321/1294/643 974/1297/643
f 966/1300/644 1323/1301/644 1322/1302/644 881/1303/644
f 882/1304/645 1320/1305/645 1323/1301/645 966/1300/645
f 1324/1306/581 1325/1307/581 1326/1308/581 1327/1309/581
f 1101/1310/582 1325/1307/582 1324/1306/582 755/1311/582
f 754/1312/583 1326/1308/583 1325/1307/583 1101/1310/583
f 1093/1313/584 1327/1314/584 1326/1315/584 754/1316/584
f 755/1317/585 1324/1318/585 1327/1314/585 1093/1313/585
f 1328/1319/656 1329/1320/656 1330/1321/656 1331/1322/656
f 1064/1323/657 1329/1320/657 1328/1319/657 792/1324/657
f 791/1325/658 1330/1321/658 1329/1320/658 1064/1323/658
f 1056/1326/659 1331/1322/659 1330/1321/659 791/1325/659
f 792/1324/660 1328/1319/660 1331/1322/660 1056/1326/660
f 1332/1327/571 1333/1328/571 1334/1329/571 1335/1330/571
f 1019/1331/572 1333/1328/572 1332/1327/572 837/1332/572
f 836/1333/573 1334/1329/573 1333/1328/573 1019/1331/573
f 1011/1334/574 1335/1330/574 1334/1329/574 836/1333/574
f 837/1332/575 1332/1327/575 1335/1330/575 1011/1334/575
f 1336/1335/661 1337/1336/661 1338/1337/661 1339/1338/661
f 986/1339/662 1337/1336/662 1336/1335/662 870/1340/662
f 869/1341/663 1338/1337/663 1337/1336/663 986/1339/663
f 978/1279/664 1339/1338/664 1338/1337/664 869/1341/664
f 870/1340/665 1336/1335/665 1339/1338/665 978/1279/665
f 1340/1342/601 1341/1343/601 1342/1344/601 1343/1345/601
f 1068/1024/602 1341/1343/602 1340/1342/602 620/1021/602
f 787/1346/603 1342/1344/603 1341/1343/603 1068/1024/603
f 1060/1022/604 1343/1345/604 1342/1344/604 787/1346/604
f 620/1021/605 1340/1342/605 1343/1345/605 1060/1022/605
f 1344/1347/666 1345/1348/666 1346/1349/666 1347/1350/666
f 1124/1039/667 1345/1348/667 1344/1347/667 606/1036/667
f 731/1351/668 1346/1349/668 1345/1348/668 1124/1039/668
f 1116/1037/669 1347/1350/669 1346/1349/669 731/1351/669
f 606/1036/670 1344/1347/670 1347/1350/670 1116/1037/670
f 1348/1352/661 1349/1353/661 1350/1354/661 1351/1355/661
f 984/1356/662 1349/1353/662 1348/1352/662 872/1357/662
f 871/1358/663 1350/1354/663 1349/1353/663 984/1356/663
f 976/1359/664 1351/1355/664 1350/1354/664 871/1358/664
f 872/1357/665 1348/1352/665 1351/1355/665 976/1359/665
f 1352/1360/661 1353/1361/661 1354/1362/661 1355/1363/661
f 985/1364/662 1353/1361/662 1352/1360/662 871/1358/662
f 870/1340/663 1354/1362/663 1353/1361/663 985/1364/663
f 977/1261/664 1355/1363/664 1354/1362/664 870/1340/664
f 871/1358/665 1352/1360/665 1355/1363/665 977/1261/665
f 1356/1365/671 1357/1366/671 1358/1367/671 1359/1368/671
f 1058/1369/672 1357/1366/672 1356/1365/672 798/1370/672
f 797/1371/673 1358/1367/673 1357/1366/673 1058/1369/673
f 1050/1372/674 1359/1368/674 1358/1367/674 797/1371/674
f 798/1370/675 1356/1365/675 1359/1368/675 1050/1372/675
f 1360/1373/596 1361/1374/596 1362/1375/596 1363/1376/596
f 996/1005/597 1361/1374/597 1360/1373/597 638/1002/597
f 859/1377/598 1362/1375/598 1361/1374/598 996/1005/598
f 988/1003/599 1363/1376/599 1362/1375/599 859/1377/599
f 638/1002/600 1360/1373/600 1363/1376/600 988/1003/600
f 1364/1378/676 1365/1379/676 1366/1380/676 1367/1381/676
f 995/1382/677 1365/1379/677 1364/1378/677 861/1383/677
f 860/1384/678 1366/1380/678 1365/1379/678 995/1382/678
f 987/1385/679 1367/1381/679 1366/1380/679 860/1384/679
f 861/1383/680 1364/1378/680 1367/1381/680 987/1385/680
f 1368/1386/596 1369/1387/596 1370/1388/596 1371/1389/596
f 999/1218/597 1369/1387/597 1368/1386/597 857/1390/597
f 856/1391/598 1370/1388/598 1369/1387/598 999/1218/598
f 991/1392/599 1371/1389/599 1370/1388/599 856/1391/599
f 857/1390/600 1368/1386/600 1371/1389/600 991/1392/600
f 1372/1393/676 1373/1394/676 1374/1395/676 1375/1396/676
f 934/977/679 1373/1394/679 1372/1393/679 641/974/679
f 860/1384/680 1374/1395/680 1373/1394/680 934/977/680
f 933/975/677 1375/1396/677 1374/1395/677 860/1384/677
f 641/974/678 1372/1393/678 1375/1396/678 933/975/678
f 1376/1397/676 1377/1398/676 1378/1399/676 1379/1400/676
f 994/1401/681 1377/1398/681 1376/1397/681 862/1402/681
f 861/1383/678 1378/1399/678 1377/1398/678 994/1401/678
f 986/1339/679 1379/1400/679 1378/1399/679 861/1383/679
f 862/1402/680 1376/1397/680 1379/1400/680 986/1339/680
f 1380/1403/676 1381/1404/676 1382/1405/676 1383/1406/676
f 992/1407/677 1381/1404/677 1380/1403/677 864/1408/677
f 863/1409/678 1382/1405/678 1381/1404/678 992/1407/678
f 984/1356/679 1383/1406/679 1382/1405/679 863/1409/679
f 864/1408/680 1380/1403/680 1383/1406/680 984/1356/680
f 1384/1410/676 1385/1411/676 1386/1412/676 1387/1413/676
f 990/1414/677 1385/1411/677 1384/1410/677 866/1415/677
f 865/1416/678 1386/1412/678 1385/1411/678 990/1414/678
f 982/1417/679 1387/1413/679 1386/1412/679 865/1416/679
f 866/1415/680 1384/1410/680 1387/1413/680 982/1417/680
f 1388/1418/676 1389/1419/676 1390/1420/676 1391/1421/676
f 991/1392/677 1389/1419/677 1388/1418/677 865/1416/677
f 864/1408/678 1390/1420/678 1389/1419/678 991/1392/678
f 983/1422/679 1391/1421/679 1390/1420/679 864/1408/679
f 865/1416/680 1388/1418/680 1391/1421/680 983/1422/680
f 1392/1423/596 1393/1424/596 1394/1425/596 1395/1426/596
f 933/975/599 1393/1424/599 1392/1423/599 639/972/599
f 852/1427/600 1394/1425/600 1393/1424/600 933/975/600
f 932/973/597 1395/1426/597 1394/1425/597 852/1427/597
f 639/972/598 1392/1423/598 1395/1426/598 932/973/598
f 1396/1428/596 1397/1429/596 1398/1430/596 1399/1431/596
f 1003/1432/597 1397/1429/597 1396/1428/597 853/1433/597
f 852/1427/598 1398/1430/598 1397/1429/598 1003/1432/598
f 995/1382/599 1399/1431/599 1398/1430/599 852/1427/599
f 853/1433/600 1396/1428/600 1399/1431/600 995/1382/600
f 1400/1434/671 1401/1435/671 1402/1436/671 1403/1437/671
f 1052/1020/672 1401/1435/672 1400/1434/672 624/1017/672
f 803/1438/673 1402/1436/673 1401/1435/673 1052/1020/673
f 1044/1018/674 1403/1437/674 1402/1436/674 803/1438/674
f 624/1017/675 1400/1434/675 1403/1437/675 1044/1018/675
f 1404/1439/682 1405/1440/682 1406/1441/682 1407/1442/682
f 1078/1443/683 1405/1440/683 1404/1439/683 778/1444/683
f 777/1445/684 1406/1441/684 1405/1440/684 1078/1443/684
f 1070/1446/685 1407/1442/685 1406/1441/685 777/1445/685
f 778/1444/686 1404/1439/686 1407/1442/686 1070/1446/686
f 1408/1447/626 1409/1448/626 1410/1449/626 1411/1450/626
f 1185/1451/627 1409/1448/627 1408/1447/627 671/1452/627
f 670/1453/628 1410/1449/628 1409/1448/628 1185/1451/628
f 1177/1454/629 1411/1450/629 1410/1449/629 670/1453/629
f 671/1452/630 1408/1447/630 1411/1450/630 1177/1454/630
f 1412/1455/661 1413/1456/661 1414/1457/661 1415/1458/661
f 981/1459/662 1413/1456/662 1412/1455/662 875/1460/662
f 874/1461/663 1414/1457/663 1413/1456/663 981/1459/663
f 973/1462/664 1415/1458/664 1414/1457/664 874/1461/664
f 875/1460/665 1412/1455/665 1415/1458/665 973/1462/665
f 1416/1463/571 1417/1464/571 1418/1465/571 1419/1466/571
f 1013/1467/572 1417/1464/572 1416/1463/572 843/1136/572
f 842/1468/573 1418/1465/573 1417/1464/573 1013/1467/573
f 1005/1469/574 1419/1466/574 1418/1465/574 842/1468/574
f 843/1136/575 1416/1463/575 1419/1466/575 1005/1469/575
f 1420/1470/676 1421/1471/676 1422/1472/676 1423/1473/676
f 993/1194/677 1421/1471/677 1420/1470/677 863/1409/677
f 862/1402/678 1422/1472/678 1421/1471/678 993/1194/678
f 985/1364/679 1423/1473/679 1422/1472/679 862/1402/679
f 863/1409/680 1420/1470/680 1423/1473/680 985/1364/680
f 1424/1474/571 1425/1475/571 1426/1476/571 1427/1477/571
f 1015/1478/572 1425/1475/572 1424/1474/572 841/1479/572
f 840/1480/573 1426/1476/573 1425/1475/573 1015/1478/573
f 1007/1215/574 1427/1477/574 1426/1476/574 840/1480/574
f 841/1479/575 1424/1474/575 1427/1477/575 1007/1215/575
f 1428/1481/601 1429/1482/601 1430/1483/601 1431/1484/601
f 1075/1485/602 1429/1482/602 1428/1481/602 781/1201/602
f 780/1486/603 1430/1483/603 1429/1482/603 1075/1485/603
f 1067/1487/604 1431/1484/604 1430/1483/604 780/1486/604
f 781/1201/605 1428/1481/605 1431/1484/605 1067/1487/605
f 1432/1488/687 1433/1489/687 1434/1490/687 1435/1491/687
f 927/962/688 1433/1489/688 1432/1488/688 627/959/688
f 804/1492/689 1434/1490/689 1433/1489/689 927/962/689
f 926/960/690 1435/1491/690 1434/1490/690 804/1492/690
f 627/959/691 1432/1488/691 1435/1491/691 926/960/691
f 1436/1493/671 1437/1494/671 1438/1495/671 1439/1496/671
f 1054/1497/672 1437/1494/672 1436/1493/672 802/1498/672
f 801/1499/673 1438/1495/673 1437/1494/673 1054/1497/673
f 1046/1500/674 1439/1496/674 1438/1495/674 801/1499/674
f 802/1498/675 1436/1493/675 1439/1496/675 1046/1500/675
f 1440/1501/616 1441/1502/616 1442/1503/616 1443/1504/616
f 1029/1505/617 1441/1502/617 1440/1501/617 827/1506/617
f 826/1507/618 1442/1503/618 1441/1502/618 1029/1505/618
f 1021/1508/619 1443/1504/619 1442/1503/619 826/1507/619
f 827/1506/620 1440/1501/620 1443/1504/620 1021/1508/620
f 1444/1509/616 1445/1510/616 1446/1511/616 1447/1512/616
f 929/967/619 1445/1510/619 1444/1509/619 631/964/619
f 820/1513/620 1446/1511/620 1445/1510/620 929/967/620
f 928/965/617 1447/1512/617 1446/1511/617 820/1513/617
f 631/964/618 1444/1509/618 1447/1512/618 928/965/618
f 1448/1514/611 1449/1515/611 1450/1516/611 1451/1517/611
f 1006/1518/612 1449/1515/612 1448/1514/612 850/1519/612
f 849/1216/613 1450/1516/613 1449/1515/613 1006/1518/613
f 998/1520/614 1451/1517/614 1450/1516/614 849/1216/614
f 850/1519/615 1448/1514/615 1451/1517/615 998/1520/615
f 1452/1521/586 1453/1522/586 1454/1523/586 1455/1524/586
f 1043/1525/587 1453/1526/587 1452/1527/587 813/1528/587
f 812/1529/588 1454/1530/588 1453/1526/588 1043/1525/588
f 1035/1531/589 1455/1524/589 1454/1523/589 812/1532/589
f 813/1533/590 1452/1521/590 1455/1524/590 1035/1531/590
f 1456/1534/692 1457/1535/692 1458/1536/692 1459/1537/692
f 1094/1538/693 1457/1535/693 1456/1534/693 762/1539/693
f 761/1540/694 1458/1536/694 1457/1535/694 1094/1538/694
f 1086/1541/695 1459/1537/695 1458/1536/695 761/1540/695
f 762/1539/696 1456/1534/696 1459/1537/696 1086/1541/696
f 1460/1542/606 1461/1543/606 1462/1544/606 1463/1545/606
f 964/996/607 1461/1543/607 1460/1542/607 646/993/607
f 891/1242/608 1462/1544/608 1461/1543/608 964/996/608
f 956/994/609 1463/1545/609 1462/1544/609 891/1242/609
f 646/993/610 1460/1542/610 1463/1545/610 956/994/610
f 1464/1546/581 1465/1547/581 1466/1548/581 1467/1549/581
f 1104/1550/582 1465/1547/582 1464/1546/582 752/1551/582
f 751/1147/583 1466/1548/583 1465/1547/583 1104/1550/583
f 1096/1552/584 1467/1553/584 1466/1554/584 751/1153/584
f 752/1555/585 1464/1556/585 1467/1553/585 1096/1552/585
f 1468/1557/682 1469/1558/682 1470/1559/682 1471/1560/682
f 1081/1123/683 1469/1558/683 1468/1557/683 775/1561/683
f 774/1562/684 1470/1559/684 1469/1558/684 1081/1123/684
f 1073/1563/685 1471/1560/685 1470/1559/685 774/1562/685
f 775/1561/686 1468/1557/686 1471/1560/686 1073/1563/686
f 1472/1564/697 1473/1565/697 1474/1566/697 1475/1567/697
f 1149/1568/698 1473/1565/698 1472/1564/698 707/1569/698
f 706/1570/699 1474/1566/699 1473/1565/699 1149/1568/699
f 1141/1571/700 1475/1567/700 1474/1566/700 706/1570/700
f 707/1569/701 1472/1564/701 1475/1567/701 1141/1571/701
f 1476/1572/576 1477/1573/576 1478/1574/576 1479/1575/576
f 962/1210/577 1477/1573/577 1476/1572/577 894/1576/577
f 893/1577/578 1478/1574/578 1477/1573/578 962/1210/578
f 954/1092/579 1479/1575/579 1478/1574/579 893/1577/579
f 894/1576/580 1476/1572/580 1479/1575/580 954/1092/580
f 1480/1578/656 1481/1579/656 1482/1580/656 1483/1581/656
f 1065/1582/657 1481/1579/657 1480/1578/657 791/1325/657
f 790/1583/658 1482/1580/658 1481/1579/658 1065/1582/658
f 1057/1584/659 1483/1581/659 1482/1580/659 790/1583/659
f 791/1325/660 1480/1578/660 1483/1581/660 1057/1584/660
f 1484/1585/571 1485/1586/571 1486/1587/571 1487/1588/571
f 931/971/574 1485/1586/574 1484/1585/574 635/968/574
f 836/1333/575 1486/1587/575 1485/1586/575 931/971/575
f 930/969/572 1487/1588/572 1486/1587/572 836/1333/572
f 635/968/573 1484/1585/573 1487/1588/573 930/969/573
f 1488/1589/601 1489/1590/601 1490/1591/601 1491/1592/601
f 1072/1593/602 1489/1590/602 1488/1589/602 784/1594/602
f 783/1595/603 1490/1591/603 1489/1590/603 1072/1593/603
f 1064/1323/604 1491/1592/604 1490/1591/604 783/1595/604
f 784/1594/605 1488/1589/605 1491/1592/605 1064/1323/605
f 1492/1596/616 1493/1597/616 1494/1598/616 1495/1599/616
f 1030/1600/617 1493/1597/617 1492/1596/617 826/1507/617
f 825/1601/618 1494/1598/618 1493/1597/618 1030/1600/618
f 1022/1602/619 1495/1599/619 1494/1598/619 825/1601/619
f 826/1507/620 1492/1596/620 1495/1599/620 1022/1602/620
f 1496/1603/636 1497/1604/636 1498/1605/636 1499/1606/636
f 1160/1175/637 1497/1604/637 1496/1603/637 696/1607/637
f 695/1608/638 1498/1605/638 1497/1604/638 1160/1175/638
f 1152/1609/639 1499/1606/639 1498/1605/639 695/1608/639
f 696/1607/640 1496/1603/640 1499/1606/640 1152/1609/640
f 1500/1610/566 1501/1611/566 1502/1612/566 1503/1613/566
f 1174/1614/567 1501/1611/567 1500/1610/567 682/1615/567
f 681/1616/568 1502/1612/568 1501/1611/568 1174/1614/568
f 1166/1617/569 1503/1613/569 1502/1612/569 681/1616/569
f 682/1615/570 1500/1610/570 1503/1613/570 1166/1617/570
f 1504/1618/621 1505/1619/621 1506/1620/621 1507/1621/621
f 1026/1226/622 1505/1619/622 1504/1618/622 830/1622/622
f 829/1623/623 1506/1620/623 1505/1619/623 1026/1226/623
f 1018/1624/624 1507/1621/624 1506/1620/624 829/1623/624
f 830/1622/625 1504/1618/625 1507/1621/625 1018/1624/625
f 1508/1625/697 1509/1626/697 1510/1627/697 1511/1628/697
f 1152/1609/698 1509/1626/698 1508/1625/698 704/1629/698
f 703/1630/699 1510/1627/699 1509/1626/699 1152/1609/699
f 1144/1631/700 1511/1628/700 1510/1627/700 703/1630/700
f 704/1629/701 1508/1625/701 1511/1628/701 1144/1631/701
f 1512/1632/621 1513/1633/621 1514/1634/621 1515/1635/621
f 1025/1636/622 1513/1633/622 1512/1632/622 831/1637/622
f 830/1622/623 1514/1634/623 1513/1633/623 1025/1636/623
f 1017/1638/624 1515/1635/624 1514/1634/624 830/1622/624
f 831/1637/625 1512/1632/625 1515/1635/625 1017/1638/625
f 1516/1639/621 1517/1640/621 1518/1641/621 1519/1642/621
f 1023/1643/622 1517/1640/622 1516/1639/622 833/1644/622
f 832/1645/623 1518/1641/623 1517/1640/623 1023/1643/623
f 1015/1478/624 1519/1642/624 1518/1641/624 832/1645/624
f 833/1644/625 1516/1639/625 1519/1642/625 1015/1478/625
f 1520/1646/611 1521/1647/611 1522/1648/611 1523/1649/611
f 1008/1650/612 1521/1647/612 1520/1646/612 848/1217/612
f 847/1651/613 1522/1648/613 1521/1647/613 1008/1650/613
f 1000/1652/614 1523/1649/614 1522/1648/614 847/1651/614
f 848/1217/615 1520/1646/615 1523/1649/615 1000/1652/615
f 1524/1653/616 1525/1654/616 1526/1655/616 1527/1656/616
f 1035/1531/617 1525/1654/617 1524/1653/617 821/1225/617
f 820/1513/618 1526/1655/618 1525/1654/618 1035/1531/618
f 1027/1657/619 1527/1656/619 1526/1655/619 820/1513/619
f 821/1225/620 1524/1653/620 1527/1656/620 1027/1657/620
f 1528/1658/621 1529/1659/621 1530/1660/621 1531/1661/621
f 1027/1657/622 1529/1659/622 1528/1658/622 829/1623/622
f 828/1662/623 1530/1660/623 1529/1659/623 1027/1657/623
f 1019/1331/624 1531/1661/624 1530/1660/624 828/1662/624
f 829/1623/625 1528/1658/625 1531/1661/625 1019/1331/625
f 1532/1663/651 1533/1664/651 1534/1665/651 1535/1666/651
f 1191/1099/652 1533/1664/652 1532/1663/652 665/1291/652
f 664/1667/653 1534/1665/653 1533/1664/653 1191/1099/653
f 1183/1668/654 1535/1666/654 1534/1665/654 664/1667/654
f 665/1291/655 1532/1663/655 1535/1666/655 1183/1668/655
f 1536/1669/626 1537/1670/626 1538/1671/626 1539/1672/626
f 1184/1673/627 1537/1670/627 1536/1669/627 672/1674/627
f 671/1452/628 1538/1671/628 1537/1670/628 1184/1673/628
f 1176/1675/629 1539/1672/629 1538/1671/629 671/1452/629
f 672/1674/630 1536/1669/630 1539/1672/630 1176/1675/630
f 1540/1676/651 1541/1677/651 1542/1678/651 1543/1679/651
f 909/924/654 1541/1677/654 1540/1676/654 591/921/654
f 660/1680/655 1542/1678/655 1541/1677/655 909/924/655
f 908/922/652 1543/1679/652 1542/1678/652 660/1680/652
f 591/921/653 1540/1676/653 1543/1679/653 908/922/653
f 1544/1681/586 1545/1682/586 1546/1683/586 1547/1684/586
f 1039/1685/587 1545/1686/587 1544/1687/587 817/1688/587
f 816/1162/588 1546/1689/588 1545/1686/588 1039/1685/588
f 1031/1690/589 1547/1684/589 1546/1683/589 816/1167/589
f 817/1691/590 1544/1681/590 1547/1684/590 1031/1690/590
f 1548/1692/641 1549/1693/641 1550/1694/641 1551/1695/641
f 972/999/642 1549/1693/642 1548/1692/642 644/997/642
f 883/1696/643 1550/1694/643 1549/1693/643 972/999/643
f 964/996/644 1551/1697/644 1550/1698/644 883/1699/644
f 644/995/645 1548/1700/645 1551/1697/645 964/996/645
f 1552/1701/586 1553/1702/586 1554/1703/586 1555/1704/586
f 928/965/589 1553/1705/589 1552/1706/589 629/963/589
f 812/1532/590 1554/1707/590 1553/1705/590 928/965/590
f 927/962/587 1555/1704/587 1554/1703/587 812/1529/587
f 629/961/588 1552/1701/588 1555/1704/588 927/962/588
f 1556/1708/611 1557/1709/611 1558/1710/611 1559/1711/611
f 1005/1469/612 1557/1709/612 1556/1708/612 851/1712/612
f 850/1519/613 1558/1710/613 1557/1709/613 1005/1469/613
f 997/1713/614 1559/1711/614 1558/1710/614 850/1519/614
f 851/1712/615 1556/1708/615 1559/1711/615 997/1713/615
f 1560/1714/611 1561/1715/611 1562/1716/611 1563/1717/611
f 932/973/614 1561/1715/614 1560/1714/614 637/970/614
f 844/1718/615 1562/1716/615 1561/1715/615 932/973/615
f 931/971/612 1563/1717/612 1562/1716/612 844/1718/612
f 637/970/613 1560/1714/613 1563/1717/613 931/971/613
f 1564/1719/626 1565/1720/626 1566/1721/626 1567/1722/626
f 1187/1723/627 1565/1720/627 1564/1719/627 669/1724/627
f 668/1725/628 1566/1721/628 1565/1720/628 1187/1723/628
f 1179/1128/629 1567/1722/629 1566/1721/629 668/1725/629
f 669/1724/630 1564/1719/630 1567/1722/630 1179/1128/630
f 1568/1726/591 1569/1727/591 1570/1728/591 1571/1729/591
f 1170/1730/592 1569/1727/592 1568/1726/592 686/1731/592
f 685/1732/593 1570/1728/593 1569/1727/593 1170/1730/593
f 1162/1733/594 1571/1734/594 1570/1735/594 685/1736/594
f 686/1737/595 1568/1738/595 1571/1734/595 1162/1733/595
f 1572/1739/576 1573/1740/576 1574/1741/576 1575/1742/576
f 958/1743/577 1573/1740/577 1572/1739/577 898/1186/577
f 897/1744/578 1574/1741/578 1573/1740/578 958/1743/578
f 950/1107/579 1575/1742/579 1574/1741/579 897/1744/579
f 898/1186/580 1572/1739/580 1575/1742/580 950/1107/580
f 1576/1745/692 1577/1746/692 1578/1747/692 1579/1748/692
f 1097/1149/693 1577/1746/693 1576/1745/693 759/1749/693
f 758/1750/694 1578/1747/694 1577/1746/694 1097/1149/694
f 1089/1120/695 1579/1748/695 1578/1747/695 758/1750/695
f 759/1749/696 1576/1745/696 1579/1748/696 1089/1120/696
f 1580/1751/661 1581/1752/661 1582/1753/661 1583/1754/661
f 980/1001/662 1581/1752/662 1580/1751/662 642/998/662
f 875/1460/663 1582/1753/663 1581/1752/663 980/1001/663
f 972/999/664 1583/1754/664 1582/1753/664 875/1460/664
f 642/998/665 1580/1751/665 1583/1754/665 972/999/665
f 1584/1755/636 1585/1756/636 1586/1757/636 1587/1758/636
f 1156/1047/637 1585/1756/637 1584/1755/637 598/1044/637
f 699/1759/638 1586/1757/638 1585/1756/638 1156/1047/638
f 1148/1045/639 1587/1758/639 1586/1757/639 699/1759/639
f 598/1044/640 1584/1755/640 1587/1758/640 1148/1045/640
f 1588/1760/631 1589/1761/631 1590/1762/631 1591/1763/631
f 1114/1764/634 1589/1761/634 1588/1760/634 742/1765/634
f 741/1766/635 1590/1762/635 1589/1761/635 1114/1764/635
f 1106/1767/632 1591/1763/632 1590/1762/632 741/1766/632
f 742/1765/633 1588/1760/633 1591/1763/633 1106/1767/633
f 1592/1768/687 1593/1769/687 1594/1770/687 1595/1771/687
f 1049/1772/690 1593/1769/690 1592/1768/690 807/1773/690
f 806/1774/691 1594/1770/691 1593/1769/691 1049/1772/691
f 1041/1775/688 1595/1771/688 1594/1770/688 806/1774/688
f 807/1773/689 1592/1768/689 1595/1771/689 1041/1775/689
f 1596/1776/682 1597/1777/682 1598/1778/682 1599/1779/682
f 1079/1780/683 1597/1777/683 1596/1776/683 777/1445/683
f 776/1781/684 1598/1778/684 1597/1777/684 1079/1780/684
f 1071/1782/685 1599/1779/685 1598/1778/685 776/1781/685
f 777/1445/686 1596/1776/686 1599/1779/686 1071/1782/686
f 1600/1783/692 1601/1784/692 1602/1785/692 1603/1786/692
f 1093/1313/693 1601/1784/693 1600/1783/693 763/1787/693
f 762/1539/694 1602/1785/694 1601/1784/694 1093/1313/694
f 1085/1788/695 1603/1786/695 1602/1785/695 762/1539/695
f 763/1787/696 1600/1783/696 1603/1786/696 1085/1788/696
f 1604/1789/596 1605/1790/596 1606/1791/596 1607/1792/596
f 998/1520/597 1605/1790/597 1604/1789/597 858/1793/597
f 857/1390/598 1606/1791/598 1605/1790/598 998/1520/598
f 990/1414/599 1607/1792/599 1606/1791/599 857/1390/599
f 858/1793/600 1604/1789/600 1607/1792/600 990/1414/600
f 1608/1794/591 1609/1795/591 1610/1796/591 1611/1797/591
f 1169/1798/592 1609/1795/592 1608/1794/592 687/1174/592
f 686/1731/593 1610/1796/593 1609/1795/593 1169/1798/593
f 1161/1799/594 1611/1800/594 1610/1801/594 686/1737/594
f 687/1178/595 1608/1802/595 1611/1800/595 1161/1799/595
f 1612/1803/687 1613/1804/687 1614/1805/687 1615/1806/687
f 1045/1807/690 1613/1804/690 1612/1803/690 811/1808/690
f 810/1809/691 1614/1805/691 1613/1804/691 1045/1807/691
f 1037/1810/688 1615/1806/688 1614/1805/688 810/1809/688
f 811/1808/689 1612/1803/689 1615/1806/689 1037/1810/689
f 1616/1811/671 1617/1812/671 1618/1813/671 1619/1814/671
f 1055/1815/672 1617/1812/672 1616/1811/672 801/1499/672
f 800/1816/673 1618/1813/673 1617/1812/673 1055/1815/673
f 1047/1817/674 1619/1814/674 1618/1813/674 800/1816/674
f 801/1499/675 1616/1811/675 1619/1814/675 1047/1817/675
f 1620/1818/611 1621/1819/611 1622/1820/611 1623/1821/611
f 1011/1334/612 1621/1819/612 1620/1818/612 845/1822/612
f 844/1718/613 1622/1820/613 1621/1819/613 1011/1334/613
f 1003/1432/614 1623/1821/614 1622/1820/614 844/1718/614
f 845/1822/615 1620/1818/615 1623/1821/615 1003/1432/615
f 1624/1823/571 1625/1824/571 1626/1825/571 1627/1826/571
f 1018/1624/572 1625/1824/572 1624/1823/572 838/1827/572
f 837/1332/573 1626/1825/573 1625/1824/573 1018/1624/573
f 1010/1828/574 1627/1826/574 1626/1825/574 837/1332/574
f 838/1827/575 1624/1823/575 1627/1826/575 1010/1828/575
f 1628/1829/692 1629/1830/692 1630/1831/692 1631/1832/692
f 1096/1552/693 1629/1830/693 1628/1829/693 760/1833/693
f 759/1749/694 1630/1831/694 1629/1830/694 1096/1552/694
f 1088/1834/695 1631/1832/695 1630/1831/695 759/1749/695
f 760/1833/696 1628/1829/696 1631/1832/696 1088/1834/696
f 1632/1835/626 1633/1836/626 1634/1837/626 1635/1838/626
f 1182/1292/627 1633/1836/627 1632/1835/627 674/1839/627
f 673/1840/628 1634/1837/628 1633/1836/628 1182/1292/628
f 1174/1614/629 1635/1838/629 1634/1837/629 673/1840/629
f 674/1839/630 1632/1835/630 1635/1838/630 1174/1614/630
f 1636/1841/616 1637/1842/616 1638/1843/616 1639/1844/616
f 1032/1165/617 1637/1842/617 1636/1841/617 824/1845/617
f 823/1846/618 1638/1843/618 1637/1842/618 1032/1165/618
f 1024/1847/619 1639/1844/619 1638/1843/619 823/1846/619
f 824/1845/620 1636/1841/620 1639/1844/620 1024/1847/620
f 1640/1848/606 1641/1849/606 1642/1850/606 1643/1851/606
f 937/984/609 1641/1849/609 1640/1848/609 647/981/609
f 884/1852/610 1642/1850/610 1641/1849/610 937/984/610
f 936/982/607 1643/1851/607 1642/1850/607 884/1852/607
f 647/981/608 1640/1848/608 1643/1851/608 936/982/608
f 1644/1853/671 1645/1854/671 1646/1855/671 1647/1856/671
f 1053/1857/672 1645/1854/672 1644/1853/672 803/1438/672
f 802/1498/673 1646/1855/673 1645/1854/673 1053/1857/673
f 1045/1807/674 1647/1856/674 1646/1855/674 802/1498/674
f 803/1438/675 1644/1853/675 1647/1856/675 1045/1807/675
f 1648/1858/656 1649/1859/656 1650/1860/656 1651/1861/656
f 1067/1487/657 1649/1859/657 1648/1858/657 789/1862/657
f 788/1863/658 1650/1860/658 1649/1859/658 1067/1487/658
f 1059/1864/659 1651/1861/659 1650/1860/659 788/1863/659
f 789/1862/660 1648/1858/660 1651/1861/660 1059/1864/660
f 1652/1865/682 1653/1866/682 1654/1867/682 1655/1868/682
f 1080/1869/683 1653/1866/683 1652/1865/683 776/1781/683
f 775/1561/684 1654/1867/684 1653/1866/684 1080/1869/684
f 1072/1593/685 1655/1868/685 1654/1867/685 775/1561/685
f 776/1781/686 1652/1865/686 1655/1868/686 1072/1593/686
f 1656/1870/571 1657/1871/571 1658/1872/571 1659/1873/571
f 1016/1874/572 1657/1871/572 1656/1870/572 840/1480/572
f 839/1875/573 1658/1872/573 1657/1871/573 1016/1874/573
f 1008/1650/574 1659/1873/574 1658/1872/574 839/1875/574
f 840/1480/575 1656/1870/575 1659/1873/575 1008/1650/575
f 1660/1876/656 1661/1877/656 1662/1878/656 1663/1879/656
f 1061/1880/657 1661/1877/657 1660/1876/657 795/1881/657
f 794/1882/658 1662/1878/658 1661/1877/658 1061/1880/658
f 1053/1857/659 1663/1879/659 1662/1878/659 794/1882/659
f 795/1881/660 1660/1876/660 1663/1879/660 1053/1857/660
f 1664/1883/586 1665/1884/586 1666/1885/586 1667/1886/586
f 1037/1810/587 1665/1887/587 1664/1888/587 819/1889/587
f 818/1890/588 1666/1891/588 1665/1887/588 1037/1810/588
f 1029/1505/589 1667/1886/589 1666/1885/589 818/1892/589
f 819/1893/590 1664/1883/590 1667/1886/590 1029/1505/590
f 1668/1894/656 1669/1895/656 1670/1896/656 1671/1897/656
f 1066/1202/657 1669/1895/657 1668/1894/657 790/1583/657
f 789/1862/658 1670/1896/658 1669/1895/658 1066/1202/658
f 1058/1369/659 1671/1897/659 1670/1896/659 789/1862/659
f 790/1583/660 1668/1894/660 1671/1897/660 1058/1369/660
f 1672/1898/661 1673/1899/661 1674/1900/661 1675/1901/661
f 935/979/664 1673/1899/664 1672/1898/664 643/976/664
f 868/1902/665 1674/1900/665 1673/1899/665 935/979/665
f 934/977/662 1675/1901/662 1674/1900/662 868/1902/662
f 643/976/663 1672/1898/663 1675/1901/663 934/977/663
f 1676/1903/606 1677/1904/606 1678/1905/606 1679/1906/606
f 971/1907/607 1677/1904/607 1676/1903/607 885/1209/607
f 884/1852/608 1678/1905/608 1677/1904/608 971/1907/608
f 963/1908/609 1679/1906/609 1678/1905/609 884/1852/609
f 885/1209/610 1676/1903/610 1679/1906/610 963/1908/610
f 1680/1909/697 1681/1910/697 1682/1911/697 1683/1912/697
f 1155/1913/698 1681/1910/698 1680/1909/698 701/1914/698
f 700/1915/699 1682/1911/699 1681/1910/699 1155/1913/699
f 1147/1916/700 1683/1912/700 1682/1911/700 700/1915/700
f 701/1914/701 1680/1909/701 1683/1912/701 1147/1916/701
f 1684/1917/586 1685/1918/586 1686/1919/586 1687/1920/586
f 1036/1016/587 1685/1921/587 1684/1922/587 628/1014/587
f 819/1889/588 1686/1923/588 1685/1921/588 1036/1016/588
f 1028/1013/589 1687/1920/589 1686/1919/589 819/1893/589
f 628/1012/590 1684/1917/590 1687/1920/590 1028/1013/590
f 1688/1924/656 1689/1925/656 1690/1926/656 1691/1927/656
f 925/958/659 1689/1925/659 1688/1924/659 623/955/659
f 788/1863/660 1690/1926/660 1689/1925/660 925/958/660
f 924/956/657 1691/1927/657 1690/1926/657 788/1863/657
f 623/955/658 1688/1924/658 1691/1927/658 924/956/658
f 1692/1928/671 1693/1929/671 1694/1930/671 1695/1931/671
f 1057/1584/672 1693/1929/672 1692/1928/672 799/1932/672
f 798/1370/673 1694/1930/673 1693/1929/673 1057/1584/673
f 1049/1772/674 1695/1931/674 1694/1930/674 798/1370/674
f 799/1932/675 1692/1928/675 1695/1931/675 1049/1772/675
f 1696/1933/606 1697/1934/606 1698/1935/606 1699/1936/606
f 968/1937/607 1697/1934/607 1696/1933/607 888/1938/607
f 887/1939/608 1698/1935/608 1697/1934/608 968/1937/608
f 960/1940/609 1699/1936/609 1698/1935/609 887/1939/609
f 888/1938/610 1696/1933/610 1699/1936/610 960/1940/610
f 1700/1941/601 1701/1942/601 1702/1943/601 1703/1944/601
f 1070/1446/602 1701/1942/602 1700/1941/602 786/1945/602
f 785/1946/603 1702/1943/603 1701/1942/603 1070/1446/603
f 1062/1947/604 1703/1944/604 1702/1943/604 785/1946/604
f 786/1945/605 1700/1941/605 1703/1944/605 1062/1947/605
f 1704/1948/601 1705/1949/601 1706/1950/601 1707/1951/601
f 1073/1563/602 1705/1949/602 1704/1948/602 783/1595/602
f 782/1200/603 1706/1950/603 1705/1949/603 1073/1563/603
f 1065/1582/604 1707/1951/604 1706/1950/604 782/1200/604
f 783/1595/605 1704/1948/605 1707/1951/605 1065/1582/605
f 1708/1952/601 1709/1953/601 1710/1954/601 1711/1955/601
f 1069/1956/602 1709/1953/602 1708/1952/602 787/1346/602
f 786/1945/603 1710/1954/603 1709/1953/603 1069/1956/603
f 1061/1880/604 1711/1955/604 1710/1954/604 786/1945/604
f 787/1346/605 1708/1952/605 1711/1955/605 1061/1880/605
f 1712/1957/682 1713/1958/682 1714/1959/682 1715/1960/682
f 923/954/685 1713/1958/685 1712/1957/685 619/951/685
f 772/1961/686 1714/1959/686 1713/1958/686 923/954/686
f 922/952/683 1715/1960/683 1714/1959/683 772/1961/683
f 619/951/684 1712/1957/684 1715/1960/684 922/952/684
f 1716/1962/626 1717/1963/626 1718/1964/626 1719/1965/626
f 1183/1668/627 1717/1963/627 1716/1962/627 673/1840/627
f 672/1674/628 1718/1964/628 1717/1963/628 1183/1668/628
f 1175/1966/629 1719/1965/629 1718/1964/629 672/1674/629
f 673/1840/630 1716/1962/630 1719/1965/630 1175/1966/630
f 1720/1967/586 1721/1968/586 1722/1969/586 1723/1970/586
f 1041/1775/587 1721/1971/587 1720/1972/587 815/1163/587
f 814/1973/588 1722/1974/588 1721/1971/588 1041/1775/588
f 1033/1975/589 1723/1970/589 1722/1969/589 814/1976/589
f 815/1166/590 1720/1967/590 1723/1970/590 1033/1975/590
f 1724/1977/611 1725/1978/611 1726/1979/611 1727/1980/611
f 1009/1981/612 1725/1978/612 1724/1977/612 847/1651/612
f 846/1982/613 1726/1979/613 1725/1978/613 1009/1981/613
f 1001/1191/614 1727/1980/614 1726/1979/614 846/1982/614
f 847/1651/615 1724/1977/615 1727/1980/615 1001/1191/615
f 1728/1983/656 1729/1984/656 1730/1985/656 1731/1986/656
f 1060/1022/657 1729/1984/657 1728/1983/657 622/1019/657
f 795/1881/658 1730/1985/658 1729/1984/658 1060/1022/658
f 1052/1020/659 1731/1986/659 1730/1985/659 795/1881/659
f 622/1019/660 1728/1983/660 1731/1986/660 1052/1020/660
f 1732/1987/682 1733/1988/682 1734/1989/682 1735/1990/682
f 1082/1991/683 1733/1988/683 1732/1987/683 774/1562/683
f 773/1992/684 1734/1989/684 1733/1988/684 1082/1991/684
f 1074/1199/685 1735/1990/685 1734/1989/685 773/1992/685
f 774/1562/686 1732/1987/686 1735/1990/686 1074/1199/686
f 1736/1993/687 1737/1994/687 1738/1995/687 1739/1996/687
f 1046/1500/690 1737/1994/690 1736/1993/690 810/1809/690
f 809/1997/691 1738/1995/691 1737/1994/691 1046/1500/691
f 1038/1998/688 1739/1996/688 1738/1995/688 809/1997/688
f 810/1809/689 1736/1993/689 1739/1996/689 1038/1998/689
f 1740/1999/626 1741/2000/626 1742/2001/626 1743/2002/626
f 910/926/629 1741/2000/629 1740/1999/629 593/923/629
f 668/1725/630 1742/2001/630 1741/2000/630 910/926/630
f 909/924/627 1743/2002/627 1742/2001/627 668/1725/627
f 593/923/628 1740/1999/628 1743/2002/628 909/924/628
f 1744/2003/636 1745/2004/636 1746/2005/636 1747/2006/636
f 913/933/639 1745/2004/639 1744/2003/639 599/930/639
f 692/2007/640 1746/2005/640 1745/2004/640 913/933/640
f 912/931/637 1747/2006/637 1746/2005/637 692/2007/637
f 599/930/638 1744/2003/638 1747/2006/638 912/931/638
f 1748/2008/636 1749/2009/636 1750/2010/636 1751/2011/636
f 1159/2012/637 1749/2009/637 1748/2008/637 697/1255/637
f 696/1607/638 1750/2010/638 1749/2009/638 1159/2012/638
f 1151/2013/639 1751/2011/639 1750/2010/639 696/1607/639
f 697/1255/640 1748/2008/640 1751/2011/640 1151/2013/640
f 1752/2014/576 1753/2015/576 1754/2016/576 1755/2017/576
f 963/1908/577 1753/2015/577 1752/2014/577 893/1577/577
f 892/2018/578 1754/2016/578 1753/2015/578 963/1908/578
f 955/1073/579 1755/2017/579 1754/2016/579 892/2018/579
f 893/1577/580 1752/2014/580 1755/2017/580 955/1073/580
f 1756/2019/692 1757/2020/692 1758/2021/692 1759/2022/692
f 1095/2023/693 1757/2020/693 1756/2019/693 761/1540/693
f 760/1833/694 1758/2021/694 1757/2020/694 1095/2023/694
f 1087/2024/695 1759/2022/695 1758/2021/695 760/1833/695
f 761/1540/696 1756/2019/696 1759/2022/696 1087/2024/696
f 1760/2025/566 1761/2026/566 1762/2027/566 1763/2028/566
f 1175/1966/567 1761/2026/567 1760/2025/567 681/1616/567
f 680/2029/568 1762/2027/568 1761/2026/568 1175/1966/568
f 1167/2030/569 1763/2028/569 1762/2027/569 680/2029/569
f 681/1616/570 1760/2025/570 1763/2028/570 1167/2030/570
f 1764/2031/561 1765/2032/561 1766/2033/561 1767/2034/561
f 1086/1541/562 1765/2032/562 1764/2031/562 770/2035/562
f 769/2036/563 1766/2033/563 1765/2032/563 1086/1541/563
f 1078/1443/564 1767/2034/564 1766/2033/564 769/2036/564
f 770/2035/565 1764/2031/565 1767/2034/565 1078/1443/565
f 1768/2037/641 1769/2038/641 1770/2039/641 1771/2040/641
f 976/1359/642 1769/2038/642 1768/2037/642 880/2041/642
f 879/1262/643 1770/2039/643 1769/2038/643 976/1359/643
f 968/1937/644 1771/2042/644 1770/2043/644 879/1268/644
f 880/2044/645 1768/2045/645 1771/2042/645 968/1937/645
f 1772/2046/631 1773/2047/631 1774/2048/631 1775/2049/631
f 1113/2050/634 1773/2047/634 1772/2046/634 743/2051/634
f 742/1765/635 1774/2048/635 1773/2047/635 1113/2050/635
f 1105/1146/632 1775/2049/632 1774/2048/632 742/1765/632
f 743/2051/633 1772/2046/633 1775/2049/633 1105/1146/633
f 1776/2052/692 1777/2053/692 1778/2054/692 1779/2055/692
f 921/950/695 1777/2053/695 1776/2052/695 615/947/695
f 756/2056/696 1778/2054/696 1777/2053/696 921/950/696
f 920/948/693 1779/2055/693 1778/2054/693 756/2056/693
f 615/947/694 1776/2052/694 1779/2055/694 920/948/694
f 1780/2057/692 1781/2058/692 1782/2059/692 1783/2060/692
f 1099/2061/693 1781/2058/693 1780/2057/693 757/2062/693
f 756/2056/694 1782/2059/694 1781/2058/694 1099/2061/694
f 1091/2063/695 1783/2060/695 1782/2059/695 756/2056/695
f 757/2062/696 1780/2057/696 1783/2060/696 1091/2063/696
f 1784/2064/576 1785/2065/576 1786/2066/576 1787/2067/576
f 960/1940/577 1785/2065/577 1784/2064/577 896/2068/577
f 895/2069/578 1786/2066/578 1785/2065/578 960/1940/578
f 952/2070/579 1787/2067/579 1786/2066/579 895/2069/579
f 896/2068/580 1784/2064/580 1787/2067/580 952/2070/580
f 1788/2071/611 1789/2072/611 1790/2073/611 1791/2074/611
f 1010/1828/612 1789/2072/612 1788/2071/612 846/1982/612
f 845/1822/613 1790/2073/613 1789/2072/613 1010/1828/613
f 1002/2075/614 1791/2074/614 1790/2073/614 845/1822/614
f 846/1982/615 1788/2071/615 1791/2074/615 1002/2075/615
f 1792/2076/671 1793/2077/671 1794/2078/671 1795/2079/671
f 926/960/674 1793/2077/674 1792/2076/674 625/957/674
f 796/2080/675 1794/2078/675 1793/2077/675 926/960/675
f 925/958/672 1795/2079/672 1794/2078/672 796/2080/672
f 625/957/673 1792/2076/673 1795/2079/673 925/958/673
f 1796/2081/581 1797/2082/581 1798/2083/581 1799/2084/581
f 1102/2085/582 1797/2082/582 1796/2081/582 754/1312/582
f 753/2086/583 1798/2083/583 1797/2082/583 1102/2085/583
f 1094/1538/584 1799/2087/584 1798/2088/584 753/2089/584
f 754/1316/585 1796/2090/585 1799/2087/585 1094/1538/585
f 1800/2091/581 1801/2092/581 1802/2093/581 1803/2094/581
f 1106/1767/582 1801/2092/582 1800/2091/582 750/1148/582
f 749/2095/583 1802/2093/583 1801/2092/583 1106/1767/583
f 1098/2096/584 1803/2097/584 1802/2098/584 749/2099/584
f 750/1152/585 1800/2100/585 1803/2097/585 1098/2096/585
f 1804/2101/651 1805/2102/651 1806/2103/651 1807/2104/651
f 1195/1065/652 1805/2102/652 1804/2101/652 661/2105/652
f 660/1680/653 1806/2103/653 1805/2102/653 1195/1065/653
f 1187/1723/654 1807/2104/654 1806/2103/654 660/1680/654
f 661/2105/655 1804/2101/655 1807/2104/655 1187/1723/655
f 1808/2106/581 1809/2107/581 1810/2108/581 1811/2109/581
f 1103/2110/582 1809/2107/582 1808/2106/582 753/2086/582
f 752/1551/583 1810/2108/583 1809/2107/583 1103/2110/583
f 1095/2023/584 1811/2111/584 1810/2112/584 752/1555/584
f 753/2089/585 1808/2113/585 1811/2111/585 1095/2023/585
f 1812/2114/581 1813/2115/581 1814/2116/581 1815/2117/581
f 1100/1033/582 1813/2115/582 1812/2114/582 612/1031/582
f 755/1311/583 1814/2116/583 1813/2115/583 1100/1033/583
f 1092/1030/584 1815/2118/584 1814/2119/584 755/1317/584
f 612/1029/585 1812/2120/585 1815/2118/585 1092/1030/585
f 1816/2121/586 1817/2122/586 1818/2123/586 1819/2124/586
f 1038/1998/587 1817/2125/587 1816/2126/587 818/1890/587
f 817/1688/588 1818/2127/588 1817/2125/588 1038/1998/588
f 1030/1600/589 1819/2124/589 1818/2123/589 817/1691/589
f 818/1892/590 1816/2121/590 1819/2124/590 1030/1600/590
f 1820/2128/581 1821/2129/581 1822/2130/581 1823/2131/581
f 1107/2132/582 1821/2129/582 1820/2128/582 749/2095/582
f 748/2133/583 1822/2130/583 1821/2129/583 1107/2132/583
f 1099/2061/584 1823/2134/584 1822/2135/584 748/2136/584
f 749/2099/585 1820/2137/585 1823/2134/585 1099/2061/585
f 1824/2138/576 1825/2139/576 1826/2140/576 1827/2141/576
f 961/2142/577 1825/2139/577 1824/2138/577 895/2069/577
f 894/1576/578 1826/2140/578 1825/2139/578 961/2142/578
f 953/2143/579 1827/2141/579 1826/2140/579 894/1576/579
f 895/2069/580 1824/2138/580 1827/2141/580 953/2143/580
f 1828/2144/571 1829/2145/571 1830/2146/571 1831/2147/571
f 1017/1638/572 1829/2145/572 1828/2144/572 839/1875/572
f 838/1827/573 1830/2146/573 1829/2145/573 1017/1638/573
f 1009/1981/574 1831/2147/574 1830/2146/574 838/1827/574
f 839/1875/575 1828/2144/575 1831/2147/575 1009/1981/575
f 1832/2148/586 1833/2149/586 1834/2150/586 1835/2151/586
f 1042/2152/587 1833/2153/587 1832/2154/587 814/1973/587
f 813/1528/588 1834/2155/588 1833/2153/588 1042/2152/588
f 1034/1223/589 1835/2151/589 1834/2150/589 813/1533/589
f 814/1976/590 1832/2148/590 1835/2151/590 1034/1223/590
f 1836/2156/641 1837/2157/641 1838/2158/641 1839/2159/641
f 973/1462/642 1837/2157/642 1836/2156/642 883/1696/642
f 882/1298/643 1838/2158/643 1837/2157/643 973/1462/643
f 965/1241/644 1839/2160/644 1838/2161/644 882/1304/644
f 883/1699/645 1836/2162/645 1839/2160/645 965/1241/645
f 1840/2163/646 1841/2164/646 1842/2165/646 1843/2166/646
f 1117/2167/647 1841/2164/647 1840/2163/647 739/1274/647
f 738/2168/648 1842/2165/648 1841/2164/648 1117/2167/648
f 1109/2169/649 1843/2166/649 1842/2165/649 738/2168/649
f 739/1274/650 1840/2163/650 1843/2166/650 1109/2169/650
f 1844/2170/591 1845/2171/591 1846/2172/591 1847/2173/591
f 912/931/594 1845/2174/594 1844/2175/594 597/929/594
f 684/2176/595 1846/2177/595 1845/2174/595 912/931/595
f 911/928/592 1847/2173/592 1846/2172/592 684/2178/592
f 597/927/593 1844/2170/593 1847/2173/593 911/928/593
f 1848/2179/692 1849/2180/692 1850/2181/692 1851/2182/692
f 1092/1030/693 1849/2180/693 1848/2179/693 614/1027/693
f 763/1787/694 1850/2181/694 1849/2180/694 1092/1030/694
f 1084/1028/695 1851/2182/695 1850/2181/695 763/1787/695
f 614/1027/696 1848/2179/696 1851/2182/696 1084/1028/696
f 1852/2183/651 1853/2184/651 1854/2185/651 1855/2186/651
f 1193/2187/652 1853/2184/652 1852/2183/652 663/2188/652
f 662/2189/653 1854/2185/653 1853/2184/653 1193/2187/653
f 1185/1451/654 1855/2186/654 1854/2185/654 662/2189/654
f 663/2188/655 1852/2183/655 1855/2186/655 1185/1451/655
f 1856/2190/687 1857/2191/687 1858/2192/687 1859/2193/687
f 1051/2194/690 1857/2191/690 1856/2190/690 805/2195/690
f 804/1492/691 1858/2192/691 1857/2191/691 1051/2194/691
f 1043/1525/688 1859/2193/688 1858/2192/688 804/1492/688
f 805/2195/689 1856/2190/689 1859/2193/689 1043/1525/689
f 1860/2196/561 1861/2197/561 1862/2198/561 1863/2199/561
f 1085/1788/562 1861/2197/562 1860/2196/562 771/2200/562
f 770/2035/563 1862/2198/563 1861/2197/563 1085/1788/563
f 1077/2201/564 1863/2199/564 1862/2198/564 770/2035/564
f 771/2200/565 1860/2196/565 1863/2199/565 1077/2201/565
f 1864/2202/561 1865/2203/561 1866/2204/561 1867/2205/561
f 922/952/564 1865/2203/564 1864/2202/564 617/949/564
f 764/2206/565 1866/2204/565 1865/2203/565 922/952/565
f 921/950/562 1867/2205/562 1866/2204/562 764/2206/562
f 617/949/563 1864/2202/563 1867/2205/563 921/950/563
f 1868/2207/631 1869/2208/631 1870/2209/631 1871/2210/631
f 1109/2169/634 1869/2208/634 1868/2207/634 747/2211/634
f 746/2212/635 1870/2209/635 1869/2208/635 1109/2169/635
f 1101/1310/632 1871/2210/632 1870/2209/632 746/2212/632
f 747/2211/633 1868/2207/633 1871/2210/633 1101/1310/633
f 1872/2213/646 1873/2214/646 1874/2215/646 1875/2216/646
f 918/943/649 1873/2214/649 1872/2213/649 609/940/649
f 732/2217/650 1874/2215/650 1873/2214/650 918/943/650
f 917/941/647 1875/2216/647 1874/2215/647 732/2217/647
f 609/940/648 1872/2213/648 1875/2216/648 917/941/648
f 1876/2218/646 1877/2219/646 1878/2220/646 1879/2221/646
f 1120/2222/647 1877/2219/647 1876/2218/647 736/2223/647
f 735/2224/648 1878/2220/648 1877/2219/648 1120/2222/648
f 1112/2225/649 1879/2221/649 1878/2220/649 735/2224/649
f 736/2223/650 1876/2218/650 1879/2221/650 1112/2225/650
f 1880/2226/646 1881/2227/646 1882/2228/646 1883/2229/646
f 1119/2230/647 1881/2227/647 1880/2226/647 737/2231/647
f 736/2223/648 1882/2228/648 1881/2227/648 1119/2230/648
f 1111/2232/649 1883/2229/649 1882/2228/649 736/2223/649
f 737/2231/650 1880/2226/650 1883/2229/650 1111/2232/650
f 1884/2233/641 1885/2234/641 1886/2235/641 1887/2236/641
f 975/2237/642 1885/2234/642 1884/2233/642 881/1299/642
f 880/2041/643 1886/2235/643 1885/2234/643 975/2237/643
f 967/2238/644 1887/2239/644 1886/2240/644 880/2044/644
f 881/1303/645 1884/2241/645 1887/2239/645 967/2238/645
f 1888/2242/646 1889/2243/646 1890/2244/646 1891/2245/646
f 1122/2246/647 1889/2243/647 1888/2242/647 734/2247/647
f 733/2248/648 1890/2244/648 1889/2243/648 1122/2246/648
f 1114/1764/649 1891/2245/649 1890/2244/649 733/2248/649
f 734/2247/650 1888/2242/650 1891/2245/650 1114/1764/650
f 1892/2249/646 1893/2250/646 1894/2251/646 1895/2252/646
f 1123/2253/647 1893/2250/647 1892/2249/647 733/2248/647
f 732/2217/648 1894/2251/648 1893/2250/648 1123/2253/648
f 1115/2254/649 1895/2252/649 1894/2251/649 732/2217/649
f 733/2248/650 1892/2249/650 1895/2252/650 1115/2254/650
f 1896/2255/646 1897/2256/646 1898/2257/646 1899/2258/646
f 1118/2259/647 1897/2256/647 1896/2255/647 738/2168/647
f 737/2231/648 1898/2257/648 1897/2256/648 1118/2259/648
f 1110/2260/649 1899/2258/649 1898/2257/649 737/2231/649
f 738/2168/650 1896/2255/650 1899/2258/650 1110/2260/650
f 1900/2261/566 1901/2262/566 1902/2263/566 1903/2264/566
f 1176/1675/567 1901/2262/567 1900/2261/567 680/2029/567
f 679/2265/568 1902/2263/568 1901/2262/568 1176/1675/568
f 1168/1172/569 1903/2264/569 1902/2263/569 679/2265/569
f 680/2029/570 1900/2261/570 1903/2264/570 1168/1172/570
f 1904/2266/666 1905/2267/666 1906/2268/666 1907/2269/666
f 1128/2270/667 1905/2267/667 1904/2266/667 728/2271/667
f 727/2272/668 1906/2268/668 1905/2267/668 1128/2270/668
f 1120/2222/669 1907/2269/669 1906/2268/669 727/2272/669
f 728/2271/670 1904/2266/670 1907/2269/670 1120/2222/670
f 1908/2273/702 1909/2274/702 1910/2275/702 1911/2276/702
f 1132/1041/703 1909/2274/703 1908/2273/703 604/1038/703
f 723/2277/704 1910/2275/704 1909/2274/704 1132/1041/704
f 1124/1039/705 1911/2276/705 1910/2275/705 723/2277/705
f 604/1038/706 1908/2273/706 1911/2276/706 1124/1039/706
f 1912/2278/707 1913/2279/707 1914/2280/707 1915/2281/707
f 1147/1916/708 1913/2279/708 1912/2278/708 709/2282/708
f 708/2283/709 1914/2280/709 1913/2279/709 1147/1916/709
f 1139/2284/710 1915/2281/710 1914/2280/710 708/2283/710
f 709/2282/711 1912/2278/711 1915/2281/711 1139/2284/711
f 1916/2285/707 1917/2286/707 1918/2287/707 1919/2288/707
f 1140/1043/708 1917/2286/708 1916/2285/708 602/1040/708
f 715/2289/709 1918/2287/709 1917/2286/709 1140/1043/709
f 1132/1041/710 1919/2288/710 1918/2287/710 715/2289/710
f 602/1040/711 1916/2285/711 1919/2288/711 1132/1041/711
f 1920/2290/666 1921/2291/666 1922/2292/666 1923/2293/666
f 917/941/669 1921/2291/669 1920/2290/669 607/938/669
f 724/2294/670 1922/2292/670 1921/2291/670 917/941/670
f 916/939/667 1923/2293/667 1922/2292/667 724/2294/667
f 607/938/668 1920/2290/668 1923/2293/668 916/939/668
f 1924/2295/707 1925/2296/707 1926/2297/707 1927/2298/707
f 1144/1631/708 1925/2296/708 1924/2295/708 712/2299/708
f 711/2300/709 1926/2297/709 1925/2296/709 1144/1631/709
f 1136/2301/710 1927/2298/710 1926/2297/710 711/2300/710
f 712/2299/711 1924/2295/711 1927/2298/711 1136/2301/711
f 1928/2302/666 1929/2303/666 1930/2304/666 1931/2305/666
f 1126/2306/667 1929/2303/667 1928/2302/667 730/2307/667
f 729/2308/668 1930/2304/668 1929/2303/668 1126/2306/668
f 1118/2259/669 1931/2305/669 1930/2304/669 729/2308/669
f 730/2307/670 1928/2302/670 1931/2305/670 1118/2259/670
f 1932/2309/666 1933/2310/666 1934/2311/666 1935/2312/666
f 1130/2313/667 1933/2310/667 1932/2309/667 726/2314/667
f 725/2315/668 1934/2311/668 1933/2310/668 1130/2313/668
f 1122/2246/669 1935/2312/669 1934/2311/669 725/2315/669
f 726/2314/670 1932/2309/670 1935/2312/670 1122/2246/670
f 1936/2316/666 1937/2317/666 1938/2318/666 1939/2319/666
f 1131/2320/667 1937/2317/667 1936/2316/667 725/2315/667
f 724/2294/668 1938/2318/668 1937/2317/668 1131/2320/668
f 1123/2253/669 1939/2319/669 1938/2318/669 724/2294/669
f 725/2315/670 1936/2316/670 1939/2319/670 1123/2253/670
f 1940/2321/702 1941/2322/702 1942/2323/702 1943/2324/702
f 1139/2284/703 1941/2322/703 1940/2321/703 717/2325/703
f 716/2326/704 1942/2323/704 1941/2322/704 1139/2284/704
f 1131/2320/705 1943/2324/705 1942/2323/705 716/2326/705
f 717/2325/706 1940/2321/706 1943/2324/706 1131/2320/706
f 1944/2327/702 1945/2328/702 1946/2329/702 1947/2330/702
f 1136/2301/703 1945/2328/703 1944/2327/703 720/2331/703
f 719/2332/704 1946/2329/704 1945/2328/704 1136/2301/704
f 1128/2270/705 1947/2330/705 1946/2329/705 719/2332/705
f 720/2331/706 1944/2327/706 1947/2330/706 1128/2270/706
f 1948/2333/702 1949/2334/702 1950/2335/702 1951/2336/702
f 1133/2337/703 1949/2334/703 1948/2333/703 723/2277/703
f 722/2338/704 1950/2335/704 1949/2334/704 1133/2337/704
f 1125/2339/705 1951/2336/705 1950/2335/705 722/2338/705
f 723/2277/706 1948/2333/706 1951/2336/706 1125/2339/706
f 1952/2340/556 1953/2341/556 1954/2342/556 1955/2343/556
f 952/2070/557 1953/2341/557 1952/2340/557 904/1115/557
f 903/2344/558 1954/2342/558 1953/2341/558 952/2070/558
f 944/2345/559 1955/2343/559 1954/2342/559 903/2344/559
f 904/1115/560 1952/2340/560 1955/2343/560 944/2345/560
f 1956/2346/702 1957/2347/702 1958/2348/702 1959/2349/702
f 1138/2350/703 1957/2347/703 1956/2346/703 718/2351/703
f 717/2325/704 1958/2348/704 1957/2347/704 1138/2350/704
f 1130/2313/705 1959/2349/705 1958/2348/705 717/2325/705
f 718/2351/706 1956/2346/706 1959/2349/706 1130/2313/706
f 1960/2352/702 1961/2353/702 1962/2354/702 1963/2355/702
f 1134/2356/703 1961/2353/703 1960/2352/703 722/2338/703
f 721/2357/704 1962/2354/704 1961/2353/704 1134/2356/704
f 1126/2306/705 1963/2355/705 1962/2354/705 721/2357/705
f 722/2338/706 1960/2352/706 1963/2355/706 1126/2306/706
f 1964/2358/707 1965/2359/707 1966/2360/707 1967/2361/707
f 1142/2362/708 1965/2359/708 1964/2358/708 714/2363/708
f 713/2364/709 1966/2360/709 1965/2359/709 1142/2362/709
f 1134/2356/710 1967/2361/710 1966/2360/710 713/2364/710
f 714/2363/711 1964/2358/711 1967/2361/711 1134/2356/711
f 1968/2365/702 1969/2366/702 1970/2367/702 1971/2368/702
f 916/939/705 1969/2366/705 1968/2365/705 605/936/705
f 716/2326/706 1970/2367/706 1969/2366/706 916/939/706
f 915/937/703 1971/2368/703 1970/2367/703 716/2326/703
f 605/936/704 1968/2365/704 1971/2368/704 915/937/704
f 1972/2369/666 1973/2370/666 1974/2371/666 1975/2372/666
f 1129/2373/667 1973/2370/667 1972/2369/667 727/2272/667
f 726/2314/668 1974/2371/668 1973/2370/668 1129/2373/668
f 1121/2374/669 1975/2372/669 1974/2371/669 726/2314/669
f 727/2272/670 1972/2369/670 1975/2372/670 1121/2374/670
f 1976/2375/707 1977/2376/707 1978/2377/707 1979/2378/707
f 1145/2379/708 1977/2376/708 1976/2375/708 711/2300/708
f 710/2380/709 1978/2377/709 1977/2376/709 1145/2379/709
f 1137/2381/710 1979/2378/710 1978/2377/710 710/2380/710
f 711/2300/711 1976/2375/711 1979/2378/711 1137/2381/711
f 1980/2382/707 1981/2383/707 1982/2384/707 1983/2385/707
f 1141/1571/708 1981/2383/708 1980/2382/708 715/2289/708
f 714/2363/709 1982/2384/709 1981/2383/709 1141/1571/709
f 1133/2337/710 1983/2385/710 1982/2384/710 714/2363/710
f 715/2289/711 1980/2382/711 1983/2385/711 1133/2337/711
f 1984/2386/702 1985/2387/702 1986/2388/702 1987/2389/702
f 1135/2390/703 1985/2387/703 1984/2386/703 721/2357/703
f 720/2331/704 1986/2388/704 1985/2387/704 1135/2390/704
f 1127/2391/705 1987/2389/705 1986/2388/705 720/2331/705
f 721/2357/706 1984/2386/706 1987/2389/706 1127/2391/706
f 1988/2392/707 1989/2393/707 1990/2394/707 1991/2395/707
f 1146/2396/708 1989/2393/708 1988/2392/708 710/2380/708
f 709/2282/709 1990/2394/709 1989/2393/709 1146/2396/709
f 1138/2350/710 1991/2395/710 1990/2394/710 709/2282/710
f 710/2380/711 1988/2392/711 1991/2395/711 1138/2350/711
f 1992/2397/702 1993/2398/702 1994/2399/702 1995/2400/702
f 1137/2381/703 1993/2398/703 1992/2397/703 719/2332/703
f 718/2351/704 1994/2399/704 1993/2398/704 1137/2381/704
f 1129/2373/705 1995/2400/705 1994/2399/705 718/2351/705
f 719/2332/706 1992/2397/706 1995/2400/706 1129/2373/706
f 1996/2401/707 1997/2402/707 1998/2403/707 1999/2404/707
f 1143/2405/708 1997/2402/708 1996/2401/708 713/2364/708
f 712/2299/709 1998/2403/709 1997/2402/709 1143/2405/709
f 1135/2390/710 1999/2404/710 1998/2403/710 712/2299/710
f 713/2364/711 1996/2401/711 1999/2404/711 1135/2390/711
f 2000/2406/671 2001/2407/671 2002/2408/671 2003/2409/671
f 1056/1326/672 2001/2407/672 2000/2406/672 800/1816/672
f 799/1932/673 2002/2408/673 2001/2407/673 1056/1326/673
f 1048/2410/674 2003/2409/674 2002/2408/674 799/1932/674
f 800/1816/675 2000/2406/675 2003/2409/675 1048/2410/675
f 2004/2411/697 2005/2412/697 2006/2413/697 2007/2414/697
f 1151/2013/698 2005/2412/698 2004/2411/698 705/2415/698
f 704/1629/699 2006/2413/699 2005/2412/699 1151/2013/699
f 1143/2405/700 2007/2414/700 2006/2413/700 704/1629/700
f 705/2415/701 2004/2411/701 2007/2414/701 1143/2405/701
f 2008/2416/621 2009/2417/621 2010/2418/621 2011/2419/621
f 1024/1847/622 2009/2417/622 2008/2416/622 832/1645/622
f 831/1637/623 2010/2418/623 2009/2417/623 1024/1847/623
f 1016/1874/624 2011/2419/624 2010/2418/624 831/1637/624
f 832/1645/625 2008/2416/625 2011/2419/625 1016/1874/625
f 2012/2420/661 2013/2421/661 2014/2422/661 2015/2423/661
f 983/1422/662 2013/2421/662 2012/2420/662 873/2424/662
f 872/1357/663 2014/2422/663 2013/2421/663 983/1422/663
f 975/2237/664 2015/2423/664 2014/2422/664 872/1357/664
f 873/2424/665 2012/2420/665 2015/2423/665 975/2237/665
f 2016/2425/621 2017/2426/621 2018/2427/621 2019/2428/621
f 1022/1602/622 2017/2426/622 2016/2425/622 834/2429/622
f 833/1644/623 2018/2427/623 2017/2426/623 1022/1602/623
f 1014/2430/624 2019/2428/624 2018/2427/624 833/1644/624
f 834/2429/625 2016/2425/625 2019/2428/625 1014/2430/625
f 2020/2431/697 2021/2432/697 2022/2433/697 2023/2434/697
f 1154/2435/698 2021/2432/698 2020/2431/698 702/2436/698
f 701/1914/699 2022/2433/699 2021/2432/699 1154/2435/699
f 1146/2396/700 2023/2434/700 2022/2433/700 701/1914/700
f 702/2436/701 2020/2431/701 2023/2434/701 1146/2396/701
f 2024/2437/697 2025/2438/697 2026/2439/697 2027/2440/697
f 1150/1256/698 2025/2438/698 2024/2437/698 706/1570/698
f 705/2415/699 2026/2439/699 2025/2438/699 1150/1256/699
f 1142/2362/700 2027/2440/700 2026/2439/700 705/2415/700
f 706/1570/701 2024/2437/701 2027/2440/701 1142/2362/701
f 2028/2441/606 2029/2442/606 2030/2443/606 2031/2444/606
f 966/1300/607 2029/2442/607 2028/2441/607 890/1243/607
f 889/2445/608 2030/2443/608 2029/2442/608 966/1300/608
f 958/1743/609 2031/2444/609 2030/2443/609 889/2445/609
f 890/1243/610 2028/2441/610 2031/2444/610 958/1743/610
f 2032/2446/561 2033/2447/561 2034/2448/561 2035/2449/561
f 1084/1028/562 2033/2447/562 2032/2446/562 616/1025/562
f 771/2200/563 2034/2448/563 2033/2447/563 1084/1028/563
f 1076/1026/564 2035/2449/564 2034/2448/564 771/2200/564
f 616/1025/565 2032/2446/565 2035/2449/565 1076/1026/565
f 2036/2450/561 2037/2451/561 2038/2452/561 2039/2453/561
f 1087/2024/562 2037/2451/562 2036/2450/562 769/2036/562
f 768/2454/563 2038/2452/563 2037/2451/563 1087/2024/563
f 1079/1780/564 2039/2453/564 2038/2452/564 768/2454/564
f 769/2036/565 2036/2450/565 2039/2453/565 1079/1780/565
f 2040/2455/651 2041/2456/651 2042/2457/651 2043/2458/651
f 1192/2459/652 2041/2456/652 2040/2455/652 664/1667/652
f 663/2188/653 2042/2457/653 2041/2456/653 1192/2459/653
f 1184/1673/654 2043/2458/654 2042/2457/654 663/2188/654
f 664/1667/655 2040/2455/655 2043/2458/655 1184/1673/655
f 2044/2460/631 2045/2461/631 2046/2462/631 2047/2463/631
f 1112/2225/634 2045/2461/634 2044/2460/634 744/2464/634
f 743/2051/635 2046/2462/635 2045/2461/635 1112/2225/635
f 1104/1550/632 2047/2463/632 2046/2462/632 743/2051/632
f 744/2464/633 2044/2460/633 2047/2463/633 1104/1550/633
f 2048/2465/576 2049/2466/576 2050/2467/576 2051/2468/576
f 938/986/579 2049/2466/579 2048/2465/579 649/983/579
f 892/2018/580 2050/2467/580 2049/2466/580 938/986/580
f 937/984/577 2051/2468/577 2050/2467/577 892/2018/577
f 649/983/578 2048/2465/578 2051/2468/578 937/984/578
f 2052/2469/636 2053/2470/636 2054/2471/636 2055/2472/636
f 1162/1733/637 2053/2470/637 2052/2469/637 694/2473/637
f 693/2474/638 2054/2471/638 2053/2470/638 1162/1733/638
f 1154/2435/639 2055/2472/639 2054/2471/639 693/2474/639
f 694/2473/640 2052/2469/640 2055/2472/640 1154/2435/640
f 2056/2475/561 2057/2476/561 2058/2477/561 2059/2478/561
f 1090/2479/562 2057/2476/562 2056/2475/562 766/1122/562
f 765/2480/563 2058/2477/563 2057/2476/563 1090/2479/563
f 1082/1991/564 2059/2478/564 2058/2477/564 765/2480/564
f 766/1122/565 2056/2475/565 2059/2478/565 1082/1991/565
f 2060/2481/636 2061/2482/636 2062/2483/636 2063/2484/636
f 1157/2485/637 2061/2482/637 2060/2481/637 699/1759/637
f 698/1254/638 2062/2483/638 2061/2482/638 1157/2485/638
f 1149/1568/639 2063/2484/639 2062/2483/639 698/1254/639
f 699/1759/640 2060/2481/640 2063/2484/640 1149/1568/640
f 2064/2486/631 2065/2487/631 2066/2488/631 2067/2489/631
f 1115/2254/634 2065/2487/634 2064/2486/634 741/1766/634
f 740/1248/635 2066/2488/635 2065/2487/635 1115/2254/635
f 1107/2132/632 2067/2489/632 2066/2488/632 740/1248/632
f 741/1766/633 2064/2486/633 2067/2489/633 1107/2132/633
f 2068/2490/616 2069/2491/616 2070/2492/616 2071/2493/616
f 1031/1690/617 2069/2491/617 2068/2490/617 825/1601/617
f 824/1845/618 2070/2492/618 2069/2491/618 1031/1690/618
f 1023/1643/619 2071/2493/619 2070/2492/619 824/1845/619
f 825/1601/620 2068/2490/620 2071/2493/620 1023/1643/620
f 2072/2494/692 2073/2495/692 2074/2496/692 2075/2497/692
f 1098/2096/693 2073/2495/693 2072/2494/693 758/1750/693
f 757/2062/694 2074/2496/694 2073/2495/694 1098/2096/694
f 1090/2479/695 2075/2497/695 2074/2496/695 757/2062/695
f 758/1750/696 2072/2494/696 2075/2497/696 1090/2479/696
f 2076/2498/641 2077/2499/641 2078/2500/641 2079/2501/641
f 936/982/644 2077/2502/644 2076/2503/644 645/980/644
f 876/2504/645 2078/2505/645 2077/2502/645 936/982/645
f 935/979/642 2079/2501/642 2078/2500/642 876/2506/642
f 645/978/643 2076/2498/643 2079/2501/643 935/979/643
f 2080/2507/571 2081/2508/571 2082/2509/571 2083/2510/571
f 1014/2430/572 2081/2508/572 2080/2507/572 842/1468/572
f 841/1479/573 2082/2509/573 2081/2508/573 1014/2430/573
f 1006/1518/574 2083/2510/574 2082/2509/574 841/1479/574
f 842/1468/575 2080/2507/575 2083/2510/575 1006/1518/575
f 2084/2511/591 2085/2512/591 2086/2513/591 2087/2514/591
f 1166/1617/592 2085/2512/592 2084/2511/592 690/2515/592
f 689/2516/593 2086/2513/593 2085/2512/593 1166/1617/593
f 1158/1253/594 2087/2517/594 2086/2518/594 689/2519/594
f 690/2520/595 2084/2521/595 2087/2517/595 1158/1253/595
f 2088/2522/687 2089/2523/687 2090/2524/687 2091/2525/687
f 1050/1372/690 2089/2523/690 2088/2522/690 806/1774/690
f 805/2195/691 2090/2524/691 2089/2523/691 1050/1372/691
f 1042/2152/688 2091/2525/688 2090/2524/688 805/2195/688
f 806/1774/689 2088/2522/689 2091/2525/689 1042/2152/689
f 2092/2526/591 2093/2527/591 2094/2528/591 2095/2529/591
f 1167/2030/592 2093/2527/592 2092/2526/592 689/2516/592
f 688/1173/593 2094/2528/593 2093/2527/593 1167/2030/593
f 1159/2012/594 2095/2530/594 2094/2531/594 688/1179/594
f 689/2519/595 2092/2532/595 2095/2530/595 1159/2012/595
f 2096/2533/566 2097/2534/566 2098/2535/566 2099/2536/566
f 911/928/569 2097/2534/569 2096/2533/569 595/925/569
f 676/1130/570 2098/2535/570 2097/2534/570 911/928/570
f 910/926/567 2099/2536/567 2098/2535/567 676/1130/567
f 595/925/568 2096/2533/568 2099/2536/568 910/926/568
f 2100/2537/566 2101/2538/566 2102/2539/566 2103/2540/566
f 1172/1052/567 2101/2538/567 2100/2537/567 594/1049/567
f 683/2541/568 2102/2539/568 2101/2538/568 1172/1052/568
f 1164/1050/569 2103/2540/569 2102/2539/569 683/2541/569
f 594/1049/570 2100/2537/570 2103/2540/570 1164/1050/570
f 2104/2542/621 2105/2543/621 2106/2544/621 2107/2545/621
f 930/969/624 2105/2543/624 2104/2542/624 633/966/624
f 828/1662/625 2106/2544/625 2105/2543/625 930/969/625
f 929/967/622 2107/2545/622 2106/2544/622 828/1662/622
f 633/966/623 2104/2542/623 2107/2545/623 929/967/623
f 2108/2546/566 2109/2547/566 2110/2548/566 2111/2549/566
f 1173/2550/567 2109/2547/567 2108/2546/567 683/2541/567
f 682/1615/568 2110/2548/568 2109/2547/568 1173/2550/568
f 1165/2551/569 2111/2549/569 2110/2548/569 682/1615/569
f 683/2541/570 2108/2546/570 2111/2549/570 1165/2551/570
f 2112/2552/631 2113/2553/631 2114/2554/631 2115/2555/631
f 1108/1035/634 2113/2553/634 2112/2552/634 610/1032/634
f 747/2211/635 2114/2554/635 2113/2553/635 1108/1035/635
f 1100/1033/632 2115/2555/632 2114/2554/632 747/2211/632
f 610/1032/633 2112/2552/633 2115/2555/633 1100/1033/633
f 2116/2556/631 2117/2557/631 2118/2558/631 2119/2559/631
f 1110/2260/634 2117/2557/634 2116/2556/634 746/2212/634
f 745/2560/635 2118/2558/635 2117/2557/635 1110/2260/635
f 1102/2085/632 2119/2559/632 2118/2558/632 745/2560/632
f 746/2212/633 2116/2556/633 2119/2559/633 1102/2085/633
f 2120/2561/566 2121/2562/566 2122/2563/566 2123/2564/566
f 1177/1454/567 2121/2562/567 2120/2561/567 679/2265/567
f 678/2565/568 2122/2563/568 2121/2562/568 1177/1454/568
f 1169/1798/569 2123/2564/569 2122/2563/569 678/2565/569
f 679/2265/570 2120/2561/570 2123/2564/570 1169/1798/570
f 2124/2566/561 2125/2567/561 2126/2568/561 2127/2569/561
f 1088/1834/562 2125/2567/562 2124/2566/562 768/2454/562
f 767/1121/563 2126/2568/563 2125/2567/563 1088/1834/563
f 1080/1869/564 2127/2569/564 2126/2568/564 767/1121/564
f 768/2454/565 2124/2566/565 2127/2569/565 1080/1869/565
f 2128/2570/697 2129/2571/697 2130/2572/697 2131/2573/697
f 1148/1045/698 2129/2571/698 2128/2570/698 600/1042/698
f 707/1569/699 2130/2572/699 2129/2571/699 1148/1045/699
f 1140/1043/700 2131/2573/700 2130/2572/700 707/1569/700
f 600/1042/701 2128/2570/701 2131/2573/701 1140/1043/701
f 2132/2574/651 2133/2575/651 2134/2576/651 2135/2577/651
f 1189/2578/652 2133/2575/652 2132/2574/652 667/2579/652
f 666/1290/653 2134/2576/653 2133/2575/653 1189/2578/653
f 1181/2580/654 2135/2577/654 2134/2576/654 666/1290/654
f 667/2579/655 2132/2574/655 2135/2577/655 1181/2580/655
f 2136/2581/596 2137/2582/596 2138/2583/596 2139/2584/596
f 1000/1652/597 2137/2582/597 2136/2581/597 856/1391/597
f 855/1192/598 2138/2583/598 2137/2582/598 1000/1652/598
f 992/1407/599 2139/2584/599 2138/2583/599 855/1192/599
f 856/1391/600 2136/2581/600 2139/2584/600 992/1407/600
f 2140/2585/682 2141/2586/682 2142/2587/682 2143/2588/682
f 1083/2589/683 2141/2586/683 2140/2585/683 773/1992/683
f 772/1961/684 2142/2587/684 2141/2586/684 1083/2589/684
f 1075/1485/685 2143/2588/685 2142/2587/685 772/1961/685
f 773/1992/686 2140/2585/686 2143/2588/686 1075/1485/686
f 2144/2590/606 2145/2591/606 2146/2592/606 2147/2593/606
f 969/1264/607 2145/2591/607 2144/2590/607 887/1939/607
f 886/1208/608 2146/2592/608 2145/2591/608 969/1264/608
f 961/2142/609 2147/2593/609 2146/2592/609 886/1208/609
f 887/1939/610 2144/2590/610 2147/2593/610 961/2142/610
f 2148/2594/626 2149/2595/626 2150/2596/626 2151/2597/626
f 1186/2598/627 2149/2595/627 2148/2594/627 670/1453/627
f 669/1724/628 2150/2596/628 2149/2595/628 1186/2598/628
f 1178/2599/629 2151/2597/629 2150/2596/629 669/1724/629
f 670/1453/630 2148/2594/630 2151/2597/630 1178/2599/630
f 2152/2600/671 2153/2601/671 2154/2602/671 2155/2603/671
f 1059/1864/672 2153/2601/672 2152/2600/672 797/1371/672
f 796/2080/673 2154/2602/673 2153/2601/673 1059/1864/673
f 1051/2194/674 2155/2603/674 2154/2602/674 796/2080/674
f 797/1371/675 2152/2600/675 2155/2603/675 1051/2194/675
f 2156/2604/626 2157/2605/626 2158/2606/626 2159/2607/626
f 1181/2580/627 2157/2605/627 2156/2604/627 675/1236/627
f 674/1839/628 2158/2606/628 2157/2605/628 1181/2580/628
f 1173/2550/629 2159/2607/629 2158/2606/629 674/1839/629
f 675/1236/630 2156/2604/630 2159/2607/630 1173/2550/630
f 2160/2608/687 2161/2609/687 2162/2610/687 2163/2611/687
f 1048/2410/690 2161/2609/690 2160/2608/690 808/2612/690
f 807/1773/691 2162/2610/691 2161/2609/691 1048/2410/691
f 1040/1159/688 2163/2611/688 2162/2610/688 807/1773/688
f 808/2612/689 2160/2608/689 2163/2611/689 1040/1159/689
f 2164/2613/651 2165/2614/651 2166/2615/651 2167/2616/651
f 1188/1055/652 2165/2614/652 2164/2613/652 590/1053/652
f 667/2579/653 2166/2615/653 2165/2614/653 1188/1055/653
f 1180/1054/654 2167/2616/654 2166/2615/654 667/2579/654
f 590/1053/655 2164/2613/655 2167/2616/655 1180/1054/655
f 2168/2617/651 2169/2618/651 2170/2619/651 2171/2620/651
f 1194/2621/652 2169/2618/652 2168/2617/652 662/2189/652
f 661/2105/653 2170/2619/653 2169/2618/653 1194/2621/653
f 1186/2598/654 2171/2620/654 2170/2619/654 661/2105/654
f 662/2189/655 2168/2617/655 2171/2620/655 1186/2598/655
f 2172/2622/591 2173/2623/591 2174/2624/591 2175/2625/591
f 1171/1131/592 2173/2623/592 2172/2622/592 685/1732/592
f 684/2178/593 2174/2624/593 2173/2623/593 1171/1131/593
f 1163/2626/594 2175/2627/594 2174/2628/594 684/2176/594
f 685/1736/595 2172/2629/595 2175/2627/595 1163/2626/595
f 2176/2630/631 2177/2631/631 2178/2632/631 2179/2633/631
f 1111/2232/634 2177/2631/634 2176/2630/634 745/2560/634
f 744/2464/635 2178/2632/635 2177/2631/635 1111/2232/635
f 1103/2110/632 2179/2633/632 2178/2632/632 744/2464/632
f 745/2560/633 2176/2630/633 2179/2633/633 1103/2110/633
f 2180/2634/591 2181/2635/591 2182/2636/591 2183/2637/591
f 1164/1050/592 2181/2635/592 2180/2634/592 596/1048/592
f 691/2638/593 2182/2636/593 2181/2635/593 1164/1050/593
f 1156/1047/594 2183/2639/594 2182/2640/594 691/2641/594
f 596/1046/595 2180/2642/595 2183/2639/595 1156/1047/595
f 2184/2643/697 2185/2644/697 2186/2645/697 2187/2646/697
f 1153/2647/698 2185/2644/698 2184/2643/698 703/1630/698
f 702/2436/699 2186/2645/699 2185/2644/699 1153/2647/699
f 1145/2379/700 2187/2646/700 2186/2645/700 702/2436/700
f 703/1630/701 2184/2643/701 2187/2646/701 1145/2379/701
f 2188/2648/682 2189/2649/682 2190/2650/682 2191/2651/682
f 1077/2201/683 2189/2649/683 2188/2648/683 779/2652/683
f 778/1444/684 2190/2650/684 2189/2649/684 1077/2201/684
f 1069/1956/685 2191/2651/685 2190/2650/685 778/1444/685
f 779/2652/686 2188/2648/686 2191/2651/686 1069/1956/686
f 2192/2653/536 2193/2654/536 2194/2655/536 2195/2656/536
f 1053/1857/712 2193/2654/712 2192/2653/712 795/1881/712
f 803/1438/713 2194/2655/713 2193/2654/713 1053/1857/713
f 1052/1020/714 2195/2656/714 2194/2655/714 803/1438/714
f 795/1881/715 2192/2653/715 2195/2656/715 1052/1020/715
f 2196/2657/697 2197/2658/697 2198/2659/697 2199/2660/697
f 914/935/700 2197/2658/700 2196/2657/700 601/932/700
f 700/1915/701 2198/2659/701 2197/2658/701 914/935/701
f 913/933/698 2199/2660/698 2198/2659/698 700/1915/698
f 601/932/699 2196/2657/699 2199/2660/699 913/933/699
f 2200/2661/519 2201/2662/519 2202/2663/519 2203/2664/519
f 1189/2578/716 2201/2662/716 2200/2661/716 652/1060/716
f 667/2579/717 2202/2663/717 2201/2662/717 1189/2578/717
f 1188/1055/718 2203/2664/718 2202/2663/718 667/2579/718
f 652/1060/719 2200/2661/719 2203/2664/719 1188/1055/719
f 2204/2665/616 2205/2666/616 2206/2667/616 2207/2668/616
f 1033/1975/617 2205/2666/617 2204/2665/617 823/1846/617
f 822/1224/618 2206/2667/618 2205/2666/618 1033/1975/618
f 1025/1636/619 2207/2668/619 2206/2667/619 822/1224/619
f 823/1846/620 2204/2665/620 2207/2668/620 1025/1636/620
f 2208/2669/527 2209/2670/527 2210/2671/527 2211/2672/527
f 1125/2339/720 2209/2670/720 2208/2669/720 723/2277/720
f 731/1351/721 2210/2671/721 2209/2670/721 1125/2339/721
f 1124/1039/722 2211/2672/722 2210/2671/722 731/1351/722
f 723/2277/723 2208/2669/723 2211/2672/723 1124/1039/723
f 2212/2673/661 2213/2674/661 2214/2675/661 2215/2676/661
f 982/1417/662 2213/2674/662 2212/2673/662 874/1461/662
f 873/2424/663 2214/2675/663 2213/2674/663 982/1417/663
f 974/1297/664 2215/2676/664 2214/2675/664 873/2424/664
f 874/1461/665 2212/2673/665 2215/2676/665 974/1297/665
f 2216/2677/542 2217/2678/542 2218/2679/542 2219/2680/542
f 1010/1828/724 2217/2678/724 2216/2677/724 838/1827/724
f 846/1982/725 2218/2679/725 2217/2678/725 1010/1828/725
f 1009/1981/726 2219/2680/726 2218/2679/726 846/1982/726
f 838/1827/727 2216/2677/727 2219/2680/727 1009/1981/727
f 2220/2681/636 2221/2682/636 2222/2683/636 2223/2684/636
f 1161/1799/637 2221/2682/637 2220/2681/637 695/1608/637
f 694/2473/638 2222/2683/638 2221/2682/638 1161/1799/638
f 1153/2647/639 2223/2684/639 2222/2683/639 694/2473/639
f 695/1608/640 2220/2681/640 2223/2684/640 1153/2647/640
f 2224/2685/521 2225/2686/521 2226/2687/521 2227/2688/521
f 1179/1128/728 2225/2686/728 2224/2685/728 669/1724/728
f 677/1129/729 2226/2687/729 2225/2686/729 1179/1128/729
f 1178/2599/730 2227/2688/730 2226/2687/730 677/1129/730
f 669/1724/731 2224/2685/731 2227/2688/731 1178/2599/731
f 2228/2689/636 2229/2690/636 2230/2691/636 2231/2692/636
f 1163/2626/637 2229/2690/637 2228/2689/637 693/2474/637
f 692/2007/638 2230/2691/638 2229/2690/638 1163/2626/638
f 1155/1913/639 2231/2692/639 2230/2691/639 692/2007/639
f 693/2474/640 2228/2689/640 2231/2692/640 1155/1913/640
f 2232/2693/530 2233/2694/530 2234/2695/530 2235/2696/530
f 1101/1310/732 2233/2694/732 2232/2693/732 747/2211/732
f 755/1311/733 2234/2695/733 2233/2694/733 1101/1310/733
f 1100/1033/734 2235/2696/734 2234/2695/734 755/1311/734
f 747/2211/735 2232/2693/735 2235/2696/735 1100/1033/735
f 2236/2697/621 2237/2698/621 2238/2699/621 2239/2700/621
f 1021/1508/622 2237/2698/622 2236/2697/622 835/1231/622
f 834/2429/623 2238/2699/623 2237/2698/623 1021/1508/623
f 1013/1467/624 2239/2700/624 2238/2699/624 834/2429/624
f 835/1231/625 2236/2697/625 2239/2700/625 1013/1467/625
f 2240/2701/525 2241/2702/525 2242/2703/525 2243/2704/525
f 1146/2396/736 2241/2702/736 2240/2701/736 702/2436/736
f 710/2380/737 2242/2703/737 2241/2702/737 1146/2396/737
f 1145/2379/738 2243/2704/738 2242/2703/738 710/2380/738
f 702/2436/739 2240/2701/739 2243/2704/739 1145/2379/739
f 2244/2705/666 2245/2706/666 2246/2707/666 2247/2708/666
f 1127/2391/667 2245/2706/667 2244/2705/667 729/2308/667
f 728/2271/668 2246/2707/668 2245/2706/668 1127/2391/668
f 1119/2230/669 2247/2708/669 2246/2707/669 728/2271/669
f 729/2308/670 2244/2705/670 2247/2708/670 1119/2230/670
f 2248/2709/545 2249/2710/545 2250/2711/545 2251/2712/545
f 985/1364/740 2249/2710/740 2248/2709/740 863/1409/740
f 871/1358/741 2250/2711/741 2249/2710/741 985/1364/741
f 984/1356/742 2251/2712/742 2250/2711/742 871/1358/742
f 863/1409/743 2248/2709/743 2251/2712/743 984/1356/743
f 2252/2713/666 2253/2714/666 2254/2715/666 2255/2716/666
f 1125/2339/667 2253/2714/667 2252/2713/667 731/1351/667
f 730/2307/668 2254/2715/668 2253/2714/668 1125/2339/668
f 1117/2167/669 2255/2716/669 2254/2715/669 730/2307/669
f 731/1351/670 2252/2713/670 2255/2716/670 1117/2167/670
f 2256/2717/544 2257/2718/544 2258/2719/544 2259/2720/544
f 995/1382/744 2257/2718/744 2256/2717/744 853/1433/744
f 861/1383/745 2258/2719/745 2257/2718/745 995/1382/745
f 994/1401/746 2259/2720/746 2258/2719/746 861/1383/746
f 853/1433/747 2256/2717/747 2259/2720/747 994/1401/747
f 2260/2721/707 2261/2722/707 2262/2723/707 2263/2724/707
f 915/937/710 2261/2722/710 2260/2721/710 603/934/710
f 708/2283/711 2262/2723/711 2261/2722/711 915/937/711
f 914/935/708 2263/2724/708 2262/2723/708 708/2283/708
f 603/934/709 2260/2721/709 2263/2724/709 914/935/709
f 2264/2725/538 2265/2726/538 2266/2727/538 2267/2728/538
f 1038/1998/748 2265/2726/748 2264/2725/748 810/1809/748
f 818/1890/749 2266/2727/749 2265/2726/749 1038/1998/749
f 1037/1810/750 2267/2728/750 2266/2727/750 818/1890/750
f 810/1809/751 2264/2725/751 2267/2728/751 1037/1810/751
f 2268/2729/591 2269/2730/591 2270/2731/591 2271/2732/591
f 1165/2551/592 2269/2730/592 2268/2729/592 691/2638/592
f 690/2515/593 2270/2731/593 2269/2730/593 1165/2551/593
f 1157/2485/594 2271/2733/594 2270/2734/594 690/2520/594
f 691/2641/595 2268/2735/595 2271/2733/595 1157/2485/595
f 2272/2736/525 2273/2737/525 2274/2738/525 2275/2739/525
f 1141/1571/736 2273/2737/736 2272/2736/736 707/1569/736
f 715/2289/737 2274/2738/737 2273/2737/737 1141/1571/737
f 1140/1043/738 2275/2739/738 2274/2738/738 715/2289/738
f 707/1569/739 2272/2736/739 2275/2739/739 1140/1043/739
f 2276/2740/646 2277/2741/646 2278/2742/646 2279/2743/646
f 1121/2374/647 2277/2741/647 2276/2740/647 735/2224/647
f 734/2247/648 2278/2742/648 2277/2741/648 1121/2374/648
f 1113/2050/649 2279/2743/649 2278/2742/649 734/2247/649
f 735/2224/650 2276/2740/650 2279/2743/650 1113/2050/650
f 2280/2744/529 2281/2745/529 2282/2746/529 2283/2747/529
f 1109/2169/752 2281/2745/752 2280/2744/752 739/1274/752
f 747/2211/753 2282/2746/753 2281/2745/753 1109/2169/753
f 1108/1035/754 2283/2747/754 2282/2746/754 747/2211/754
f 739/1274/755 2280/2744/755 2283/2747/755 1108/1035/755
f 2284/2748/641 2285/2749/641 2286/2750/641 2287/2751/641
f 979/2752/642 2285/2749/642 2284/2748/642 877/1280/642
f 876/2506/643 2286/2750/643 2285/2749/643 979/2752/643
f 971/1907/644 2287/2753/644 2286/2754/644 876/2504/644
f 877/1283/645 2284/2755/645 2287/2753/645 971/1907/645
f 2288/2756/532 2289/2757/532 2290/2758/532 2291/2759/532
f 1091/2063/756 2289/2757/756 2288/2756/756 757/2062/756
f 765/2480/757 2290/2758/757 2289/2757/757 1091/2063/757
f 1090/2479/758 2291/2759/758 2290/2758/758 765/2480/758
f 757/2062/759 2288/2756/759 2291/2759/759 1090/2479/759
f 2292/2760/682 2293/2761/682 2294/2762/682 2295/2763/682
f 1076/1026/683 2293/2761/683 2292/2760/683 618/1023/683
f 779/2652/684 2294/2762/684 2293/2761/684 1076/1026/684
f 1068/1024/685 2295/2763/685 2294/2762/685 779/2652/685
f 618/1023/686 2292/2760/686 2295/2763/686 1068/1024/686
f 2296/2764/547 2297/2765/547 2298/2766/547 2299/2767/547
f 969/1264/760 2297/2765/760 2296/2764/760 879/1268/760
f 887/1939/761 2298/2766/761 2297/2765/761 969/1264/761
f 968/1937/762 2299/2767/762 2298/2766/762 887/1939/762
f 879/1268/763 2296/2764/763 2299/2767/763 968/1937/763
f 2300/2768/616 2301/2769/616 2302/2770/616 2303/2771/616
f 1028/1013/617 2301/2769/617 2300/2768/617 630/1010/617
f 827/1506/618 2302/2770/618 2301/2769/618 1028/1013/618
f 1020/1011/619 2303/2771/619 2302/2770/619 827/1506/619
f 630/1010/620 2300/2768/620 2303/2771/620 1020/1011/620
f 2304/2772/532 2305/2773/532 2306/2774/532 2307/2775/532
f 1088/1834/756 2305/2773/756 2304/2772/756 760/1833/756
f 768/2454/757 2306/2774/757 2305/2773/757 1088/1834/757
f 1087/2024/758 2307/2775/758 2306/2774/758 768/2454/758
f 760/1833/759 2304/2772/759 2307/2775/759 1087/2024/759
f 2308/2776/687 2309/2777/687 2310/2778/687 2311/2779/687
f 1047/1817/690 2309/2777/690 2308/2776/690 809/1997/690
f 808/2612/691 2310/2778/691 2309/2777/691 1047/1817/691
f 1039/1685/688 2311/2779/688 2310/2778/688 808/2612/688
f 809/1997/689 2308/2776/689 2311/2779/689 1039/1685/689
f 2312/2780/533 2313/2781/533 2314/2782/533 2315/2783/533
f 1078/1443/764 2313/2781/764 2312/2780/764 770/2035/764
f 778/1444/765 2314/2782/765 2313/2781/765 1078/1443/765
f 1077/2201/766 2315/2783/766 2314/2782/766 778/1444/766
f 770/2035/767 2312/2780/767 2315/2783/767 1077/2201/767
f 2316/2784/656 2317/2785/656 2318/2786/656 2319/2787/656
f 1062/1947/657 2317/2785/657 2316/2784/657 794/1882/657
f 793/2788/658 2318/2786/658 2317/2785/658 1062/1947/658
f 1054/1497/659 2319/2787/659 2318/2786/659 793/2788/659
f 794/1882/660 2316/2784/660 2319/2787/660 1054/1497/660
f 2320/2789/543 2321/2790/543 2322/2791/543 2323/2792/543
f 997/1713/768 2321/2790/768 2320/2789/768 851/1712/768
f 859/1377/769 2322/2791/769 2321/2790/769 997/1713/769
f 996/1005/770 2323/2792/770 2322/2791/770 859/1377/770
f 851/1712/771 2320/2789/771 2323/2792/771 996/1005/771
f 2324/2793/606 2325/2794/606 2326/2795/606 2327/2796/606
f 967/2238/607 2325/2794/607 2324/2793/607 889/2445/607
f 888/1938/608 2326/2795/608 2325/2794/608 967/2238/608
f 959/2797/609 2327/2796/609 2326/2795/609 888/1938/609
f 889/2445/610 2324/2793/610 2327/2796/610 959/2797/610
f 2328/2798/535 2329/2799/535 2330/2800/535 2331/2801/535
f 1061/1880/772 2329/2799/772 2328/2798/772 787/1346/772
f 795/1881/773 2330/2800/773 2329/2799/773 1061/1880/773
f 1060/1022/774 2331/2801/774 2330/2800/774 795/1881/774
f 787/1346/775 2328/2798/775 2331/2801/775 1060/1022/775
f 2332/2802/596 2333/2803/596 2334/2804/596 2335/2805/596
f 1002/2075/597 2333/2803/597 2332/2802/597 854/1193/597
f 853/1433/598 2334/2804/598 2333/2803/598 1002/2075/598
f 994/1401/599 2335/2805/599 2334/2804/599 853/1433/599
f 854/1193/600 2332/2802/600 2335/2805/600 994/1401/600
f 2336/2806/547 2337/2807/547 2338/2808/547 2339/2809/547
f 971/1907/762 2337/2807/762 2336/2806/762 884/1852/762
f 876/2504/763 2338/2808/763 2337/2807/763 971/1907/763
f 936/982/760 2339/2809/760 2338/2808/760 876/2504/760
f 884/1852/761 2336/2806/761 2339/2809/761 936/982/761
f 2340/2810/561 2341/2811/561 2342/2812/561 2343/2813/561
f 1091/2063/562 2341/2811/562 2340/2810/562 765/2480/562
f 764/2206/563 2342/2812/563 2341/2811/563 1091/2063/563
f 1083/2589/564 2343/2813/564 2342/2812/564 764/2206/564
f 765/2480/565 2340/2810/565 2343/2813/565 1083/2589/565
f 2344/2814/548 2345/2815/548 2346/2816/548 2347/2817/548
f 963/1908/776 2345/2815/776 2344/2814/776 885/1209/776
f 893/1577/777 2346/2816/777 2345/2815/777 963/1908/777
f 962/1210/778 2347/2817/778 2346/2816/778 893/1577/778
f 885/1209/779 2344/2814/779 2347/2817/779 962/1210/779
f 2348/2818/601 2349/2819/601 2350/2820/601 2351/2821/601
f 1071/1782/602 2349/2819/602 2348/2818/602 785/1946/602
f 784/1594/603 2350/2820/603 2349/2819/603 1071/1782/603
f 1063/2822/604 2351/2821/604 2350/2820/604 784/1594/604
f 785/1946/605 2348/2818/605 2351/2821/605 1063/2822/605
f 2352/2823/535 2353/2824/535 2354/2825/535 2355/2826/535
f 1065/1582/772 2353/2824/772 2352/2823/772 783/1595/772
f 791/1325/773 2354/2825/773 2353/2824/773 1065/1582/773
f 1064/1323/774 2355/2826/774 2354/2825/774 791/1325/774
f 783/1595/775 2352/2823/775 2355/2826/775 1064/1323/775
f 2356/2827/687 2357/2828/687 2358/2829/687 2359/2830/687
f 1044/1018/690 2357/2828/690 2356/2827/690 626/1015/690
f 811/1808/691 2358/2829/691 2357/2828/691 1044/1018/691
f 1036/1016/688 2359/2830/688 2358/2829/688 811/1808/688
f 626/1015/689 2356/2827/689 2359/2830/689 1036/1016/689
f 2360/2831/539 2361/2832/539 2362/2833/539 2363/2834/539
f 1034/1223/780 2361/2832/780 2360/2831/780 814/1976/780
f 822/1224/781 2362/2833/781 2361/2832/781 1034/1223/781
f 1033/1975/782 2363/2834/782 2362/2833/782 822/1224/782
f 814/1976/783 2360/2831/783 2363/2834/783 1033/1975/783
f 2364/2835/566 2365/2836/566 2366/2837/566 2367/2838/566
f 1178/2599/567 2365/2836/567 2364/2835/567 678/2565/567
f 677/1129/568 2366/2837/568 2365/2836/568 1178/2599/568
f 1170/1730/569 2367/2838/569 2366/2837/569 677/1129/569
f 678/2565/570 2364/2835/570 2367/2838/570 1170/1730/570
f 2368/2839/538 2369/2840/538 2370/2841/538 2371/2842/538
f 1042/2152/748 2369/2840/748 2368/2839/748 806/1774/748
f 814/1973/749 2370/2841/749 2369/2840/749 1042/2152/749
f 1041/1775/750 2371/2842/750 2370/2841/750 814/1973/750
f 806/1774/751 2368/2839/751 2371/2842/751 1041/1775/751
f 2372/2843/661 2373/2844/661 2374/2845/661 2375/2846/661
f 987/1385/662 2373/2844/662 2372/2843/662 869/1341/662
f 868/1902/663 2374/2845/663 2373/2844/663 987/1385/663
f 979/2752/664 2375/2846/664 2374/2845/664 868/1902/664
f 869/1341/665 2372/2843/665 2375/2846/665 979/2752/665
f 2376/2847/546 2377/2848/546 2378/2849/546 2379/2850/546
f 976/1359/784 2377/2848/784 2376/2847/784 872/1357/784
f 880/2041/785 2378/2849/785 2377/2848/785 976/1359/785
f 975/2237/786 2379/2850/786 2378/2849/786 880/2041/786
f 872/1357/787 2376/2847/787 2379/2850/787 975/2237/787
f 2380/2851/611 2381/2852/611 2382/2853/611 2383/2854/611
f 1004/1007/612 2381/2852/612 2380/2851/612 636/1004/612
f 851/1712/613 2382/2853/613 2381/2852/613 1004/1007/613
f 996/1005/614 2383/2854/614 2382/2853/614 851/1712/614
f 636/1004/615 2380/2851/615 2383/2854/615 996/1005/615
f 2384/2855/542 2385/2856/542 2386/2857/542 2387/2858/542
f 1005/1469/724 2385/2856/724 2384/2855/724 843/1136/724
f 851/1712/725 2386/2857/725 2385/2856/725 1005/1469/725
f 1004/1007/726 2387/2858/726 2386/2857/726 851/1712/726
f 843/1136/727 2384/2855/727 2387/2858/727 1004/1007/727
f 2388/2859/596 2389/2860/596 2390/2861/596 2391/2862/596
f 997/1713/597 2389/2860/597 2388/2859/597 859/1377/597
f 858/1793/598 2390/2861/598 2389/2860/598 997/1713/598
f 989/2863/599 2391/2862/599 2390/2861/599 858/1793/599
f 859/1377/600 2388/2859/600 2391/2862/600 989/2863/600
f 2392/2864/536 2393/2865/536 2394/2866/536 2395/2867/536
f 1058/1369/712 2393/2865/712 2392/2864/712 790/1583/712
f 798/1370/713 2394/2866/713 2393/2865/713 1058/1369/713
f 1057/1584/714 2395/2867/714 2394/2866/714 798/1370/714
f 790/1583/715 2392/2864/715 2395/2867/715 1057/1584/715
f 2396/2868/676 2397/2869/676 2398/2870/676 2399/2871/676
f 988/1003/677 2397/2869/677 2396/2868/677 640/1000/677
f 867/2872/678 2398/2870/678 2397/2869/678 988/1003/678
f 980/1001/679 2399/2871/679 2398/2870/679 867/2872/679
f 640/1000/680 2396/2868/680 2399/2871/680 980/1001/680
f 2400/2873/527 2401/2874/527 2402/2875/527 2403/2876/527
f 1128/2270/720 2401/2874/720 2400/2873/720 720/2331/720
f 728/2271/721 2402/2875/721 2401/2874/721 1128/2270/721
f 1127/2391/722 2403/2876/722 2402/2875/722 728/2271/722
f 720/2331/723 2400/2873/723 2403/2876/723 1127/2391/723
f 2404/2877/601 2405/2878/601 2406/2879/601 2407/2880/601
f 924/956/604 2405/2878/604 2404/2877/604 621/953/604
f 780/1486/605 2406/2879/605 2405/2878/605 924/956/605
f 923/954/602 2407/2880/602 2406/2879/602 780/1486/602
f 621/953/603 2404/2877/603 2407/2880/603 923/954/603
f 2408/2881/534 2409/2882/534 2410/2883/534 2411/2884/534
f 1071/1782/788 2409/2882/788 2408/2881/788 777/1445/788
f 785/1946/789 2410/2883/789 2409/2882/789 1071/1782/789
f 1070/1446/790 2411/2884/790 2410/2883/790 785/1946/790
f 777/1445/791 2408/2881/791 2411/2884/791 1070/1446/791
f 2412/2885/581 2413/2886/581 2414/2887/581 2415/2888/581
f 920/948/584 2413/2889/584 2412/2890/584 613/946/584
f 748/2136/585 2414/2891/585 2413/2889/585 920/948/585
f 919/945/582 2415/2888/582 2414/2887/582 748/2133/582
f 613/944/583 2412/2885/583 2415/2888/583 919/945/583
f 2416/2892/525 2417/2893/525 2418/2894/525 2419/2895/525
f 1145/2379/736 2417/2893/736 2416/2892/736 703/1630/736
f 711/2300/737 2418/2894/737 2417/2893/737 1145/2379/737
f 1144/1631/738 2419/2895/738 2418/2894/738 711/2300/738
f 703/1630/739 2416/2892/739 2419/2895/739 1144/1631/739
f 2420/2896/656 2421/2897/656 2422/2898/656 2423/2899/656
f 1063/2822/657 2421/2897/657 2420/2896/657 793/2788/657
f 792/1324/658 2422/2898/658 2421/2897/658 1063/2822/658
f 1055/1815/659 2423/2899/659 2422/2898/659 792/1324/659
f 793/2788/660 2420/2896/660 2423/2899/660 1055/1815/660
f 2424/2900/547 2425/2901/547 2426/2902/547 2427/2903/547
f 965/1241/760 2425/2901/760 2424/2900/760 883/1699/760
f 891/1242/761 2426/2902/761 2425/2901/761 965/1241/761
f 964/996/762 2427/2903/762 2426/2902/762 891/1242/762
f 883/1699/763 2424/2900/763 2427/2903/763 964/996/763
f 2428/2904/576 2429/2905/576 2430/2906/576 2431/2907/576
f 959/2797/577 2429/2905/577 2428/2904/577 897/1744/577
f 896/2068/578 2430/2906/578 2429/2905/578 959/2797/578
f 951/1114/579 2431/2907/579 2430/2906/579 896/2068/579
f 897/1744/580 2428/2904/580 2431/2907/580 951/1114/580
f 2432/2908/532 2433/2909/532 2434/2910/532 2435/2911/532
f 1086/1541/756 2433/2909/756 2432/2908/756 762/1539/756
f 770/2035/757 2434/2910/757 2433/2909/757 1086/1541/757
f 1085/1788/758 2435/2911/758 2434/2910/758 770/2035/758
f 762/1539/759 2432/2908/759 2435/2911/759 1085/1788/759
f 2436/2912/556 2437/2913/556 2438/2914/556 2439/2915/556
f 948/992/557 2437/2913/557 2436/2912/557 650/989/557
f 907/1081/558 2438/2914/558 2437/2913/558 948/992/558
f 940/990/559 2439/2915/559 2438/2914/559 907/1081/559
f 650/989/560 2436/2912/560 2439/2915/560 940/990/560
f 2440/2916/549 2441/2917/549 2442/2918/549 2443/2919/549
f 949/1080/792 2441/2917/792 2440/2916/792 899/1141/792
f 907/1081/793 2442/2918/793 2441/2917/793 949/1080/793
f 948/992/794 2443/2919/794 2442/2918/794 907/1081/794
f 899/1141/795 2440/2916/795 2443/2919/795 948/992/795
f 2444/2920/550 2445/2921/550 2446/2922/550 2447/2923/550
f 943/1102/796 2445/2921/796 2444/2920/796 905/1108/796
f 654/1101/797 2446/2922/797 2445/2921/797 943/1102/797
f 942/1109/798 2447/2923/798 2446/2922/798 654/1101/798
f 905/1108/799 2444/2920/799 2447/2923/799 942/1109/799
f 2448/2924/550 2449/2925/550 2450/2926/550 2451/2927/550
f 947/1068/798 2449/2925/798 2448/2924/798 659/1066/798
f 900/1075/799 2450/2926/799 2449/2925/799 947/1068/799
f 939/987/796 2451/2927/796 2450/2926/796 900/1075/796
f 659/1066/797 2448/2924/797 2451/2927/797 939/987/797
f 2452/2928/551 2453/2929/551 2454/2930/551 2455/2931/551
f 939/987/554 2453/2929/554 2452/2928/554 659/1066/554
f 589/920/555 2454/2930/555 2453/2929/555 939/987/555
f 908/922/552 2455/2931/552 2454/2930/552 589/920/552
f 659/1066/553 2452/2928/553 2455/2931/553 908/922/553
f 2456/2932/550 2457/2933/550 2458/2934/550 2459/2935/550
f 944/2345/796 2457/2933/796 2456/2932/796 904/1115/796
f 655/1100/797 2458/2934/797 2457/2933/797 944/2345/797
f 943/1102/798 2459/2935/798 2458/2934/798 655/1100/798
f 904/1115/799 2456/2932/799 2459/2935/799 943/1102/799
f 2460/2936/556 2461/2937/556 2462/2938/556 2463/2939/556
f 953/2143/557 2461/2937/557 2460/2936/557 903/2344/557
f 902/1093/558 2462/2938/558 2461/2937/558 953/2143/558
f 945/2940/559 2463/2939/559 2462/2938/559 902/1093/559
f 903/2344/560 2460/2936/560 2463/2939/560 945/2940/560
f 2464/2941/550 2465/2942/550 2466/2943/550 2467/2944/550
f 942/1109/796 2465/2942/796 2464/2941/796 906/1082/796
f 653/2945/797 2466/2943/797 2465/2942/797 942/1109/797
f 941/1083/798 2467/2944/798 2466/2943/798 653/2945/798
f 906/1082/799 2464/2941/799 2467/2944/799 941/1083/799
f 2468/2946/551 2469/2947/551 2470/2948/551 2471/2949/551
f 1193/2187/552 2469/2947/552 2468/2946/552 657/2950/552
f 656/2951/553 2470/2948/553 2469/2947/553 1193/2187/553
f 945/2940/554 2471/2949/554 2470/2948/554 656/2951/554
f 657/2950/555 2468/2946/555 2471/2949/555 945/2940/555
f 2472/2952/550 2473/2953/550 2474/2954/550 2475/2955/550
f 947/1068/796 2473/2953/796 2472/2952/796 901/1074/796
f 658/1067/797 2474/2954/797 2473/2953/797 947/1068/797
f 946/1094/798 2475/2955/798 2474/2954/798 658/1067/798
f 901/1074/799 2472/2952/799 2475/2955/799 946/1094/799
f 2476/2956/551 2477/2957/551 2478/2958/551 2479/2959/551
f 1192/2459/552 2477/2957/552 2476/2956/552 656/2951/552
f 655/1100/553 2478/2958/553 2477/2957/553 1192/2459/553
f 944/2345/554 2479/2959/554 2478/2958/554 655/1100/554
f 656/2951/555 2476/2956/555 2479/2959/555 944/2345/555
f 2480/2960/550 2481/2961/550 2482/2962/550 2483/2963/550
f 946/1094/796 2481/2961/796 2480/2960/796 902/1093/796
f 657/2950/797 2482/2962/797 2481/2961/797 946/1094/797
f 945/2940/798 2483/2963/798 2482/2962/798 657/2950/798
f 902/1093/799 2480/2960/799 2483/2963/799 945/2940/799
f 2484/2964/551 2485/2965/551 2486/2966/551 2487/2967/551
f 1194/2621/552 2485/2965/552 2484/2964/552 658/1067/552
f 657/2950/553 2486/2966/553 2485/2965/553 1194/2621/553
f 946/1094/554 2487/2967/554 2486/2966/554 657/2950/554
f 658/1067/555 2484/2964/555 2487/2967/555 946/1094/555
f 2488/2968/676 2489/2969/676 2490/2970/676 2491/2971/676
f 989/2863/677 2489/2969/677 2488/2968/677 867/2872/677
f 866/1415/678 2490/2970/678 2489/2969/678 989/2863/678
f 981/1459/679 2491/2971/679 2490/2970/679 866/1415/679
f 867/2872/680 2488/2968/680 2491/2971/680 981/1459/680
f 2492/2972/550 2493/2973/550 2494/2974/550 2495/2975/550
f 945/2940/796 2493/2973/796 2492/2972/796 903/2344/796
f 656/2951/797 2494/2974/797 2493/2973/797 945/2940/797
f 944/2345/798 2495/2975/798 2494/2974/798 656/2951/798
f 903/2344/799 2492/2972/799 2495/2975/799 944/2345/799
f 2496/2976/551 2497/2977/551 2498/2978/551 2499/2979/551
f 1190/1289/552 2497/2977/552 2496/2976/552 654/1101/552
f 653/2945/553 2498/2978/553 2497/2977/553 1190/1289/553
f 942/1109/554 2499/2979/554 2498/2978/554 653/2945/554
f 654/1101/555 2496/2976/555 2499/2979/555 942/1109/555
f 2500/2980/551 2501/2981/551 2502/2982/551 2503/2983/551
f 1189/2578/552 2501/2981/552 2500/2980/552 653/2945/552
f 652/1060/553 2502/2982/553 2501/2981/553 1189/2578/553
f 941/1083/554 2503/2983/554 2502/2982/554 652/1060/554
f 653/2945/555 2500/2980/555 2503/2983/555 941/1083/555
f 2504/2984/522 2505/2985/522 2506/2986/522 2507/2987/522
f 1168/1172/800 2505/2985/800 2504/2984/800 680/2029/800
f 688/1173/801 2506/2986/801 2505/2985/801 1168/1172/801
f 1167/2030/802 2507/2987/802 2506/2986/802 688/1173/802
f 680/2029/803 2504/2984/803 2507/2987/803 1167/2030/803
f 2508/2988/533 2509/2989/533 2510/2990/533 2511/2991/533
f 1082/1991/764 2509/2989/764 2508/2988/764 766/1122/764
f 774/1562/765 2510/2990/765 2509/2989/765 1082/1991/765
f 1081/1123/766 2511/2991/766 2510/2990/766 774/1562/766
f 766/1122/767 2508/2988/767 2511/2991/767 1081/1123/767
f 2512/2992/533 2513/2993/533 2514/2994/533 2515/2995/533
f 1077/2201/764 2513/2993/764 2512/2992/764 771/2200/764
f 779/2652/765 2514/2994/765 2513/2993/765 1077/2201/765
f 1076/1026/766 2515/2995/766 2514/2994/766 779/2652/766
f 771/2200/767 2512/2992/767 2515/2995/767 1076/1026/767
f 2516/2996/547 2517/2997/547 2518/2998/547 2519/2999/547
f 967/2238/760 2517/2997/760 2516/2996/760 881/1303/760
f 889/2445/761 2518/2998/761 2517/2997/761 967/2238/761
f 966/1300/762 2519/2999/762 2518/2998/762 889/2445/762
f 881/1303/763 2516/2996/763 2519/2999/763 966/1300/763
f 2520/3000/522 2521/3001/522 2522/3002/522 2523/3003/522
f 1170/1730/800 2521/3001/800 2520/3000/800 678/2565/800
f 686/1731/801 2522/3002/801 2521/3001/801 1170/1730/801
f 1169/1798/802 2523/3003/802 2522/3002/802 686/1731/802
f 678/2565/803 2520/3000/803 2523/3003/803 1169/1798/803
f 2524/3004/546 2525/3005/546 2526/3006/546 2527/3007/546
f 977/1261/784 2525/3005/784 2524/3004/784 871/1358/784
f 879/1262/785 2526/3006/785 2525/3005/785 977/1261/785
f 976/1359/786 2527/3007/786 2526/3006/786 879/1262/786
f 871/1358/787 2524/3004/787 2527/3007/787 976/1359/787
f 2528/3008/541 2529/3009/541 2530/3010/541 2531/3011/541
f 1015/1478/804 2529/3009/804 2528/3008/804 833/1644/804
f 841/1479/805 2530/3010/805 2529/3009/805 1015/1478/805
f 1014/2430/806 2531/3011/806 2530/3010/806 841/1479/806
f 833/1644/807 2528/3008/807 2531/3011/807 1014/2430/807
f 2532/3012/548 2533/3013/548 2534/3014/548 2535/3015/548
f 963/1908/778 2533/3013/778 2532/3012/778 892/2018/778
f 884/1852/779 2534/3014/779 2533/3013/779 963/1908/779
f 937/984/776 2535/3015/776 2534/3014/776 884/1852/776
f 892/2018/777 2532/3012/777 2535/3015/777 937/984/777
f 2536/3016/537 2537/3017/537 2538/3018/537 2539/3019/537
f 1045/1807/808 2537/3017/808 2536/3016/808 803/1438/808
f 811/1808/809 2538/3018/809 2537/3017/809 1045/1807/809
f 1044/1018/810 2539/3019/810 2538/3018/810 811/1808/810
f 803/1438/811 2536/3016/811 2539/3019/811 1044/1018/811
f 2540/3020/545 2541/3021/545 2542/3022/545 2543/3023/545
f 983/1422/740 2541/3021/740 2540/3020/740 865/1416/740
f 873/2424/741 2542/3022/741 2541/3021/741 983/1422/741
f 982/1417/742 2543/3023/742 2542/3022/742 873/2424/742
f 865/1416/743 2540/3020/743 2543/3023/743 982/1417/743
f 2544/3024/548 2545/3025/548 2546/3026/548 2547/3027/548
f 959/2797/776 2545/3025/776 2544/3024/776 889/2445/776
f 897/1744/777 2546/3026/777 2545/3025/777 959/2797/777
f 958/1743/778 2547/3027/778 2546/3026/778 897/1744/778
f 889/2445/779 2544/3024/779 2547/3027/779 958/1743/779
f 2548/3028/548 2549/3029/548 2550/3030/548 2551/3031/548
f 960/1940/776 2549/3029/776 2548/3028/776 888/1938/776
f 896/2068/777 2550/3030/777 2549/3029/777 960/1940/777
f 959/2797/778 2551/3031/778 2550/3030/778 896/2068/778
f 888/1938/779 2548/3028/779 2551/3031/779 959/2797/779
f 2552/3032/523 2553/3033/523 2554/3034/523 2555/3035/523
f 1158/1253/812 2553/3033/812 2552/3032/812 690/2520/812
f 698/1254/813 2554/3034/813 2553/3033/813 1158/1253/813
f 1157/2485/814 2555/3035/814 2554/3034/814 698/1254/814
f 690/2520/815 2552/3032/815 2555/3035/815 1157/2485/815
f 2556/3036/548 2557/3037/548 2558/3038/548 2559/3039/548
f 958/1743/776 2557/3037/776 2556/3036/776 890/1243/776
f 898/1186/777 2558/3038/777 2557/3037/777 958/1743/777
f 957/1185/778 2559/3039/778 2558/3038/778 898/1186/778
f 890/1243/779 2556/3036/779 2559/3039/779 957/1185/779
f 2560/3040/542 2561/3041/542 2562/3042/542 2563/3043/542
f 1011/1334/726 2561/3041/726 2560/3040/726 844/1718/726
f 836/1333/727 2562/3042/727 2561/3041/727 1011/1334/727
f 931/971/724 2563/3043/724 2562/3042/724 836/1333/724
f 844/1718/725 2560/3040/725 2563/3043/725 931/971/725
f 2564/3044/543 2565/3045/543 2566/3046/543 2567/3047/543
f 1003/1432/768 2565/3045/768 2564/3044/768 845/1822/768
f 853/1433/769 2566/3046/769 2565/3045/769 1003/1432/769
f 1002/2075/770 2567/3047/770 2566/3046/770 853/1433/770
f 845/1822/771 2564/3044/771 2567/3047/771 1002/2075/771
f 2568/3048/534 2569/3049/534 2570/3050/534 2571/3051/534
f 1075/1485/788 2569/3049/788 2568/3048/788 773/1992/788
f 781/1201/789 2570/3050/789 2569/3049/789 1075/1485/789
f 1074/1199/790 2571/3051/790 2570/3050/790 781/1201/790
f 773/1992/791 2568/3048/791 2571/3051/791 1074/1199/791
f 2572/3052/549 2573/3053/549 2574/3054/549 2575/3055/549
f 951/1114/792 2573/3053/792 2572/3052/792 897/1744/792
f 905/1108/793 2574/3054/793 2573/3053/793 951/1114/793
f 950/1107/794 2575/3055/794 2574/3054/794 905/1108/794
f 897/1744/795 2572/3052/795 2575/3055/795 950/1107/795
f 2576/3056/523 2577/3057/523 2578/3058/523 2579/3059/523
f 1157/2485/812 2577/3057/812 2576/3056/812 691/2641/812
f 699/1759/813 2578/3058/813 2577/3057/813 1157/2485/813
f 1156/1047/814 2579/3059/814 2578/3058/814 699/1759/814
f 691/2641/815 2576/3056/815 2579/3059/815 1156/1047/815
f 2580/3060/541 2581/3061/541 2582/3062/541 2583/3063/541
f 1018/1624/804 2581/3061/804 2580/3060/804 830/1622/804
f 838/1827/805 2582/3062/805 2581/3061/805 1018/1624/805
f 1017/1638/806 2583/3063/806 2582/3062/806 838/1827/806
f 830/1622/807 2580/3060/807 2583/3063/807 1017/1638/807
f 2584/3064/542 2585/3065/542 2586/3066/542 2587/3067/542
f 1007/1215/724 2585/3065/724 2584/3064/724 841/1479/724
f 849/1216/725 2586/3066/725 2585/3065/725 1007/1215/725
f 1006/1518/726 2587/3067/726 2586/3066/726 849/1216/726
f 841/1479/727 2584/3064/727 2587/3067/727 1006/1518/727
f 2588/3068/519 2589/3069/519 2590/3070/519 2591/3071/519
f 1195/1065/718 2589/3069/718 2588/3068/718 660/1680/718
f 659/1066/719 2590/3070/719 2589/3069/719 1195/1065/719
f 908/922/716 2591/3071/716 2590/3070/716 659/1066/716
f 660/1680/717 2588/3068/717 2591/3071/717 908/922/717
f 2592/3072/522 2593/3073/522 2594/3074/522 2595/3075/522
f 1171/1131/802 2593/3073/802 2592/3072/802 684/2178/802
f 676/1130/803 2594/3074/803 2593/3073/803 1171/1131/803
f 911/928/800 2595/3075/800 2594/3074/800 676/1130/800
f 684/2178/801 2592/3072/801 2595/3075/801 911/928/801
f 2596/3076/520 2597/3077/520 2598/3078/520 2599/3079/520
f 1184/1673/816 2597/3077/816 2596/3076/816 664/1667/816
f 672/1674/817 2598/3078/817 2597/3077/817 1184/1673/817
f 1183/1668/818 2599/3079/818 2598/3078/818 672/1674/818
f 664/1667/819 2596/3076/819 2599/3079/819 1183/1668/819
f 2600/3080/525 2601/3081/525 2602/3082/525 2603/3083/525
f 1142/2362/736 2601/3081/736 2600/3080/736 706/1570/736
f 714/2363/737 2602/3082/737 2601/3081/737 1142/2362/737
f 1141/1571/738 2603/3083/738 2602/3082/738 714/2363/738
f 706/1570/739 2600/3080/739 2603/3083/739 1141/1571/739
f 2604/3084/519 2605/3085/519 2606/3086/519 2607/3087/519
f 1194/2621/716 2605/3085/716 2604/3084/716 657/2950/716
f 662/2189/717 2606/3086/717 2605/3085/717 1194/2621/717
f 1193/2187/718 2607/3087/718 2606/3086/718 662/2189/718
f 657/2950/719 2604/3084/719 2607/3087/719 1193/2187/719
f 2608/3088/519 2609/3089/519 2610/3090/519 2611/3091/519
f 1192/2459/716 2609/3089/716 2608/3088/716 655/1100/716
f 664/1667/717 2610/3090/717 2609/3089/717 1192/2459/717
f 1191/1099/718 2611/3091/718 2610/3090/718 664/1667/718
f 655/1100/719 2608/3088/719 2611/3091/719 1191/1099/719
f 2612/3092/546 2613/3093/546 2614/3094/546 2615/3095/546
f 974/1297/784 2613/3093/784 2612/3092/784 874/1461/784
f 882/1298/785 2614/3094/785 2613/3093/785 974/1297/785
f 973/1462/786 2615/3095/786 2614/3094/786 882/1298/786
f 874/1461/787 2612/3092/787 2615/3095/787 973/1462/787
f 2616/3096/540 2617/3097/540 2618/3098/540 2619/3099/540
f 1025/1636/820 2617/3097/820 2616/3096/820 823/1846/820
f 831/1637/821 2618/3098/821 2617/3097/821 1025/1636/821
f 1024/1847/822 2619/3099/822 2618/3098/822 831/1637/822
f 823/1846/823 2616/3096/823 2619/3099/823 1024/1847/823
f 2620/3100/545 2621/3101/545 2622/3102/545 2623/3103/545
f 987/1385/740 2621/3101/740 2620/3100/740 861/1383/740
f 869/1341/741 2622/3102/741 2621/3101/741 987/1385/741
f 986/1339/742 2623/3103/742 2622/3102/742 869/1341/742
f 861/1383/743 2620/3100/743 2623/3103/743 986/1339/743
f 2624/3104/529 2625/3105/529 2626/3106/529 2627/3107/529
f 1115/2254/754 2625/3105/754 2624/3104/754 740/1248/754
f 732/2217/755 2626/3106/755 2625/3105/755 1115/2254/755
f 918/943/752 2627/3107/752 2626/3106/752 732/2217/752
f 740/1248/753 2624/3104/753 2627/3107/753 918/943/753
f 2628/3108/530 2629/3109/530 2630/3110/530 2631/3111/530
f 1102/2085/732 2629/3109/732 2628/3108/732 746/2212/732
f 754/1312/733 2630/3110/733 2629/3109/733 1102/2085/733
f 1101/1310/734 2631/3111/734 2630/3110/734 754/1312/734
f 746/2212/735 2628/3108/735 2631/3111/735 1101/1310/735
f 2632/3112/530 2633/3113/530 2634/3114/530 2635/3115/530
f 1106/1767/732 2633/3113/732 2632/3112/732 742/1765/732
f 750/1148/733 2634/3114/733 2633/3113/733 1106/1767/733
f 1105/1146/734 2635/3115/734 2634/3114/734 750/1148/734
f 742/1765/735 2632/3112/735 2635/3115/735 1105/1146/735
f 2636/3116/543 2637/3117/543 2638/3118/543 2639/3119/543
f 1000/1652/768 2637/3117/768 2636/3116/768 848/1217/768
f 856/1391/769 2638/3118/769 2637/3117/769 1000/1652/769
f 999/1218/770 2639/3119/770 2638/3118/770 856/1391/770
f 848/1217/771 2636/3116/771 2639/3119/771 999/1218/771
f 2640/3120/540 2641/3121/540 2642/3122/540 2643/3123/540
f 1022/1602/820 2641/3121/820 2640/3120/820 826/1507/820
f 834/2429/821 2642/3122/821 2641/3121/821 1022/1602/821
f 1021/1508/822 2643/3123/822 2642/3122/822 834/2429/822
f 826/1507/823 2640/3120/823 2643/3123/823 1021/1508/823
f 2644/3124/520 2645/3125/520 2646/3126/520 2647/3127/520
f 1183/1668/816 2645/3125/816 2644/3124/816 665/1291/816
f 673/1840/817 2646/3126/817 2645/3125/817 1183/1668/817
f 1182/1292/818 2647/3127/818 2646/3126/818 673/1840/818
f 665/1291/819 2644/3124/819 2647/3127/819 1182/1292/819
f 2648/3128/544 2649/3129/544 2650/3130/544 2651/3131/544
f 993/1194/744 2649/3129/744 2648/3128/744 855/1192/744
f 863/1409/745 2650/3130/745 2649/3129/745 993/1194/745
f 992/1407/746 2651/3131/746 2650/3130/746 863/1409/746
f 855/1192/747 2648/3128/747 2651/3131/747 992/1407/747
f 2652/3132/528 2653/3133/528 2654/3134/528 2655/3135/528
f 1120/2222/824 2653/3133/824 2652/3132/824 728/2271/824
f 736/2223/825 2654/3134/825 2653/3133/825 1120/2222/825
f 1119/2230/826 2655/3135/826 2654/3134/826 736/2223/826
f 728/2271/827 2652/3132/827 2655/3135/827 1119/2230/827
f 2656/3136/524 2657/3137/524 2658/3138/524 2659/3139/524
f 1151/2013/828 2657/3137/828 2656/3136/828 697/1255/828
f 705/2415/829 2658/3138/829 2657/3137/829 1151/2013/829
f 1150/1256/830 2659/3139/830 2658/3138/830 705/2415/830
f 697/1255/831 2656/3136/831 2659/3139/831 1150/1256/831
f 2660/3140/526 2661/3141/526 2662/3142/526 2663/3143/526
f 1139/2284/832 2661/3141/832 2660/3140/832 716/2326/832
f 708/2283/833 2662/3142/833 2661/3141/833 1139/2284/833
f 915/937/834 2663/3143/834 2662/3142/834 708/2283/834
f 716/2326/835 2660/3140/835 2663/3143/835 915/937/835
f 2664/3144/519 2665/3145/519 2666/3146/519 2667/3147/519
f 1191/1099/716 2665/3145/716 2664/3144/716 654/1101/716
f 665/1291/717 2666/3146/717 2665/3145/717 1191/1099/717
f 1190/1289/718 2667/3147/718 2666/3146/718 665/1291/718
f 654/1101/719 2664/3144/719 2667/3147/719 1190/1289/719
f 2668/3148/528 2669/3149/528 2670/3150/528 2671/3151/528
f 1122/2246/824 2669/3149/824 2668/3148/824 726/2314/824
f 734/2247/825 2670/3150/825 2669/3149/825 1122/2246/825
f 1121/2374/826 2671/3151/826 2670/3150/826 734/2247/826
f 726/2314/827 2668/3148/827 2671/3151/827 1121/2374/827
f 2672/3152/543 2673/3153/543 2674/3154/543 2675/3155/543
f 1003/1432/770 2673/3153/770 2672/3152/770 852/1427/770
f 844/1718/771 2674/3154/771 2673/3153/771 1003/1432/771
f 932/973/768 2675/3155/768 2674/3154/768 844/1718/768
f 852/1427/769 2672/3152/769 2675/3155/769 932/973/769
f 2676/3156/536 2677/3157/536 2678/3158/536 2679/3159/536
f 1057/1584/712 2677/3157/712 2676/3156/712 791/1325/712
f 799/1932/713 2678/3158/713 2677/3157/713 1057/1584/713
f 1056/1326/714 2679/3159/714 2678/3158/714 799/1932/714
f 791/1325/715 2676/3156/715 2679/3159/715 1056/1326/715
f 2680/3160/547 2681/3161/547 2682/3162/547 2683/3163/547
f 970/1207/760 2681/3161/760 2680/3160/760 878/1267/760
f 886/1208/761 2682/3162/761 2681/3161/761 970/1207/761
f 969/1264/762 2683/3163/762 2682/3162/762 886/1208/762
f 878/1267/763 2680/3160/763 2683/3163/763 969/1264/763
f 2684/3164/536 2685/3165/536 2686/3166/536 2687/3167/536
f 1059/1864/712 2685/3165/712 2684/3164/712 789/1862/712
f 797/1371/713 2686/3166/713 2685/3165/713 1059/1864/713
f 1058/1369/714 2687/3167/714 2686/3166/714 797/1371/714
f 789/1862/715 2684/3164/715 2687/3167/715 1058/1369/715
f 2688/3168/521 2689/3169/521 2690/3170/521 2691/3171/521
f 1176/1675/728 2689/3169/728 2688/3168/728 672/1674/728
f 680/2029/729 2690/3170/729 2689/3169/729 1176/1675/729
f 1175/1966/730 2691/3171/730 2690/3170/730 680/2029/730
f 672/1674/731 2688/3168/731 2691/3171/731 1175/1966/731
f 2692/3172/536 2693/3173/536 2694/3174/536 2695/3175/536
f 1054/1497/712 2693/3173/712 2692/3172/712 794/1882/712
f 802/1498/713 2694/3174/713 2693/3173/713 1054/1497/713
f 1053/1857/714 2695/3175/714 2694/3174/714 802/1498/714
f 794/1882/715 2692/3172/715 2695/3175/715 1053/1857/715
f 2696/3176/543 2697/3177/543 2698/3178/543 2699/3179/543
f 998/1520/768 2697/3177/768 2696/3176/768 850/1519/768
f 858/1793/769 2698/3178/769 2697/3177/769 998/1520/769
f 997/1713/770 2699/3179/770 2698/3178/770 858/1793/770
f 850/1519/771 2696/3176/771 2699/3179/771 997/1713/771
f 2700/3180/535 2701/3181/535 2702/3182/535 2703/3183/535
f 1067/1487/774 2701/3181/774 2700/3180/774 788/1863/774
f 780/1486/775 2702/3182/775 2701/3181/775 1067/1487/775
f 924/956/772 2703/3183/772 2702/3182/772 780/1486/772
f 788/1863/773 2700/3180/773 2703/3183/773 924/956/773
f 2704/3184/533 2705/3185/533 2706/3186/533 2707/3187/533
f 1083/2589/764 2705/3185/764 2704/3184/764 765/2480/764
f 773/1992/765 2706/3186/765 2705/3185/765 1083/2589/765
f 1082/1991/766 2707/3187/766 2706/3186/766 773/1992/766
f 765/2480/767 2704/3184/767 2707/3187/767 1082/1991/767
f 2708/3188/534 2709/3189/534 2710/3190/534 2711/3191/534
f 1074/1199/788 2709/3189/788 2708/3188/788 774/1562/788
f 782/1200/789 2710/3190/789 2709/3189/789 1074/1199/789
f 1073/1563/790 2711/3191/790 2710/3190/790 782/1200/790
f 774/1562/791 2708/3188/791 2711/3191/791 1073/1563/791
f 2712/3192/534 2713/3193/534 2714/3194/534 2715/3195/534
f 1073/1563/788 2713/3193/788 2712/3192/788 775/1561/788
f 783/1595/789 2714/3194/789 2713/3193/789 1073/1563/789
f 1072/1593/790 2715/3195/790 2714/3194/790 783/1595/790
f 775/1561/791 2712/3192/791 2715/3195/791 1072/1593/791
f 2716/3196/537 2717/3197/537 2718/3198/537 2719/3199/537
f 1046/1500/808 2717/3197/808 2716/3196/808 802/1498/808
f 810/1809/809 2718/3198/809 2717/3197/809 1046/1500/809
f 1045/1807/810 2719/3199/810 2718/3198/810 810/1809/810
f 802/1498/811 2716/3196/811 2719/3199/811 1045/1807/811
f 2720/3200/525 2721/3201/525 2722/3202/525 2723/3203/525
f 1147/1916/738 2721/3201/738 2720/3200/738 708/2283/738
f 700/1915/739 2722/3202/739 2721/3201/739 1147/1916/739
f 914/935/736 2723/3203/736 2722/3202/736 700/1915/736
f 708/2283/737 2720/3200/737 2723/3203/737 914/935/737
f 2724/3204/542 2725/3205/542 2726/3206/542 2727/3207/542
f 1006/1518/724 2725/3205/724 2724/3204/724 842/1468/724
f 850/1519/725 2726/3206/725 2725/3205/725 1006/1518/725
f 1005/1469/726 2727/3207/726 2726/3206/726 850/1519/726
f 842/1468/727 2724/3204/727 2727/3207/727 1005/1469/727
f 2728/3208/531 2729/3209/531 2730/3210/531 2731/3211/531
f 1098/2096/836 2729/3209/836 2728/3208/836 750/1152/836
f 758/1750/837 2730/3210/837 2729/3209/837 1098/2096/837
f 1097/1149/838 2731/3211/838 2730/3210/838 758/1750/838
f 750/1152/839 2728/3208/839 2731/3211/839 1097/1149/839
f 2732/3212/529 2733/3213/529 2734/3214/529 2735/3215/529
f 1112/2225/752 2733/3213/752 2732/3212/752 736/2223/752
f 744/2464/753 2734/3214/753 2733/3213/753 1112/2225/753
f 1111/2232/754 2735/3215/754 2734/3214/754 744/2464/754
f 736/2223/755 2732/3212/755 2735/3215/755 1111/2232/755
f 2736/3216/540 2737/3217/540 2738/3218/540 2739/3219/540
f 1023/1643/820 2737/3217/820 2736/3216/820 825/1601/820
f 833/1644/821 2738/3218/821 2737/3217/821 1023/1643/821
f 1022/1602/822 2739/3219/822 2738/3218/822 833/1644/822
f 825/1601/823 2736/3216/823 2739/3219/823 1022/1602/823
f 2740/3220/547 2741/3221/547 2742/3222/547 2743/3223/547
f 968/1937/760 2741/3221/760 2740/3220/760 880/2044/760
f 888/1938/761 2742/3222/761 2741/3221/761 968/1937/761
f 967/2238/762 2743/3223/762 2742/3222/762 888/1938/762
f 880/2044/763 2740/3220/763 2743/3223/763 967/2238/763
f 2744/3224/533 2745/3225/533 2746/3226/533 2747/3227/533
f 1079/1780/764 2745/3225/764 2744/3224/764 769/2036/764
f 777/1445/765 2746/3226/765 2745/3225/765 1079/1780/765
f 1078/1443/766 2747/3227/766 2746/3226/766 777/1445/766
f 769/2036/767 2744/3224/767 2747/3227/767 1078/1443/767
f 2748/3228/532 2749/3229/532 2750/3230/532 2751/3231/532
f 1087/2024/756 2749/3229/756 2748/3228/756 761/1540/756
f 769/2036/757 2750/3230/757 2749/3229/757 1087/2024/757
f 1086/1541/758 2751/3231/758 2750/3230/758 769/2036/758
f 761/1540/759 2748/3228/759 2751/3231/759 1086/1541/759
f 2752/3232/541 2753/3233/541 2754/3234/541 2755/3235/541
f 1016/1874/804 2753/3233/804 2752/3232/804 832/1645/804
f 840/1480/805 2754/3234/805 2753/3233/805 1016/1874/805
f 1015/1478/806 2755/3235/806 2754/3234/806 840/1480/806
f 832/1645/807 2752/3232/807 2755/3235/807 1015/1478/807
f 2756/3236/524 2757/3237/524 2758/3238/524 2759/3239/524
f 1153/2647/828 2757/3237/828 2756/3236/828 695/1608/828
f 703/1630/829 2758/3238/829 2757/3237/829 1153/2647/829
f 1152/1609/830 2759/3239/830 2758/3238/830 703/1630/830
f 695/1608/831 2756/3236/831 2759/3239/831 1152/1609/831
f 2760/3240/541 2761/3241/541 2762/3242/541 2763/3243/541
f 1019/1331/804 2761/3241/804 2760/3240/804 829/1623/804
f 837/1332/805 2762/3242/805 2761/3241/805 1019/1331/805
f 1018/1624/806 2763/3243/806 2762/3242/806 837/1332/806
f 829/1623/807 2760/3240/807 2763/3243/807 1018/1624/807
f 2764/3244/548 2765/3245/548 2766/3246/548 2767/3247/548
f 957/1185/776 2765/3245/776 2764/3244/776 891/1242/776
f 899/1141/777 2766/3246/777 2765/3245/777 957/1185/777
f 956/994/778 2767/3247/778 2766/3246/778 899/1141/778
f 891/1242/779 2764/3244/779 2767/3247/779 956/994/779
f 2768/3248/533 2769/3249/533 2770/3250/533 2771/3251/533
f 1080/1869/764 2769/3249/764 2768/3248/764 768/2454/764
f 776/1781/765 2770/3250/765 2769/3249/765 1080/1869/765
f 1079/1780/766 2771/3251/766 2770/3250/766 776/1781/766
f 768/2454/767 2768/3248/767 2771/3251/767 1079/1780/767
f 2772/3252/534 2773/3253/534 2774/3254/534 2775/3255/534
f 1069/1956/788 2773/3253/788 2772/3252/788 779/2652/788
f 787/1346/789 2774/3254/789 2773/3253/789 1069/1956/789
f 1068/1024/790 2775/3255/790 2774/3254/790 787/1346/790
f 779/2652/791 2772/3252/791 2775/3255/791 1068/1024/791
f 2776/3256/532 2777/3257/532 2778/3258/532 2779/3259/532
f 1085/1788/756 2777/3257/756 2776/3256/756 763/1787/756
f 771/2200/757 2778/3258/757 2777/3257/757 1085/1788/757
f 1084/1028/758 2779/3259/758 2778/3258/758 771/2200/758
f 763/1787/759 2776/3256/759 2779/3259/759 1084/1028/759
f 2780/3260/549 2781/3261/549 2782/3262/549 2783/3263/549
f 955/1073/792 2781/3261/792 2780/3260/792 893/1577/792
f 901/1074/793 2782/3262/793 2781/3261/793 955/1073/793
f 954/1092/794 2783/3263/794 2782/3262/794 901/1074/794
f 893/1577/795 2780/3260/795 2783/3263/795 954/1092/795
f 2784/3264/549 2785/3265/549 2786/3266/549 2787/3267/549
f 952/2070/792 2785/3265/792 2784/3264/792 896/2068/792
f 904/1115/793 2786/3266/793 2785/3265/793 952/2070/793
f 951/1114/794 2787/3267/794 2786/3266/794 904/1115/794
f 896/2068/795 2784/3264/795 2787/3267/795 951/1114/795
f 2788/3268/537 2789/3269/537 2790/3270/537 2791/3271/537
f 1048/2410/808 2789/3269/808 2788/3268/808 800/1816/808
f 808/2612/809 2790/3270/809 2789/3269/809 1048/2410/809
f 1047/1817/810 2791/3271/810 2790/3270/810 808/2612/810
f 800/1816/811 2788/3268/811 2791/3271/811 1047/1817/811
f 2792/3272/532 2793/3273/532 2794/3274/532 2795/3275/532
f 1091/2063/758 2793/3273/758 2792/3272/758 764/2206/758
f 756/2056/759 2794/3274/759 2793/3273/759 1091/2063/759
f 921/950/756 2795/3275/756 2794/3274/756 756/2056/756
f 764/2206/757 2792/3272/757 2795/3275/757 921/950/757
f 2796/3276/521 2797/3277/521 2798/3278/521 2799/3279/521
f 1179/1128/730 2797/3277/730 2796/3276/730 676/1130/730
f 668/1725/731 2798/3278/731 2797/3277/731 1179/1128/731
f 910/926/728 2799/3279/728 2798/3278/728 668/1725/728
f 676/1130/729 2796/3276/729 2799/3279/729 910/926/729
f 2800/3280/529 2801/3281/529 2802/3282/529 2803/3283/529
f 1114/1764/752 2801/3281/752 2800/3280/752 734/2247/752
f 742/1765/753 2802/3282/753 2801/3281/753 1114/1764/753
f 1113/2050/754 2803/3283/754 2802/3282/754 742/1765/754
f 734/2247/755 2800/3280/755 2803/3283/755 1113/2050/755
f 2804/3284/539 2805/3285/539 2806/3286/539 2807/3287/539
f 1029/1505/780 2805/3285/780 2804/3284/780 819/1893/780
f 827/1506/781 2806/3286/781 2805/3285/781 1029/1505/781
f 1028/1013/782 2807/3287/782 2806/3286/782 827/1506/782
f 819/1893/783 2804/3284/783 2807/3287/783 1028/1013/783
f 2808/3288/538 2809/3289/538 2810/3290/538 2811/3291/538
f 1039/1685/748 2809/3289/748 2808/3288/748 809/1997/748
f 817/1688/749 2810/3290/749 2809/3289/749 1039/1685/749
f 1038/1998/750 2811/3291/750 2810/3290/750 817/1688/750
f 809/1997/751 2808/3288/751 2811/3291/751 1038/1998/751
f 2812/3292/538 2813/3293/538 2814/3294/538 2815/3295/538
f 1043/1525/750 2813/3293/750 2812/3292/750 812/1529/750
f 804/1492/751 2814/3294/751 2813/3293/751 1043/1525/751
f 927/962/748 2815/3295/748 2814/3294/748 804/1492/748
f 812/1529/749 2812/3292/749 2815/3295/749 927/962/749
f 2816/3296/541 2817/3297/541 2818/3298/541 2819/3299/541
f 1017/1638/804 2817/3297/804 2816/3296/804 831/1637/804
f 839/1875/805 2818/3298/805 2817/3297/805 1017/1638/805
f 1016/1874/806 2819/3299/806 2818/3298/806 839/1875/806
f 831/1637/807 2816/3296/807 2819/3299/807 1016/1874/807
f 2820/3300/527 2821/3301/527 2822/3302/527 2823/3303/527
f 1131/2320/722 2821/3301/722 2820/3300/722 724/2294/722
f 716/2326/723 2822/3302/723 2821/3301/723 1131/2320/723
f 916/939/720 2823/3303/720 2822/3302/720 716/2326/720
f 724/2294/721 2820/3300/721 2823/3303/721 916/939/721
f 2824/3304/529 2825/3305/529 2826/3306/529 2827/3307/529
f 1113/2050/752 2825/3305/752 2824/3304/752 735/2224/752
f 743/2051/753 2826/3306/753 2825/3305/753 1113/2050/753
f 1112/2225/754 2827/3307/754 2826/3306/754 743/2051/754
f 735/2224/755 2824/3304/755 2827/3307/755 1112/2225/755
f 2828/3308/528 2829/3309/528 2830/3310/528 2831/3311/528
f 1123/2253/824 2829/3309/824 2828/3308/824 725/2315/824
f 733/2248/825 2830/3310/825 2829/3309/825 1123/2253/825
f 1122/2246/826 2831/3311/826 2830/3310/826 733/2248/826
f 725/2315/827 2828/3308/827 2831/3311/827 1122/2246/827
f 2832/3312/525 2833/3313/525 2834/3314/525 2835/3315/525
f 1143/2405/736 2833/3313/736 2832/3312/736 705/2415/736
f 713/2364/737 2834/3314/737 2833/3313/737 1143/2405/737
f 1142/2362/738 2835/3315/738 2834/3314/738 713/2364/738
f 705/2415/739 2832/3312/739 2835/3315/739 1142/2362/739
f 2836/3316/523 2837/3317/523 2838/3318/523 2839/3319/523
f 1159/2012/812 2837/3317/812 2836/3316/812 689/2519/812
f 697/1255/813 2838/3318/813 2837/3317/813 1159/2012/813
f 1158/1253/814 2839/3319/814 2838/3318/814 697/1255/814
f 689/2519/815 2836/3316/815 2839/3319/815 1158/1253/815
f 2840/3320/548 2841/3321/548 2842/3322/548 2843/3323/548
f 961/2142/776 2841/3321/776 2840/3320/776 887/1939/776
f 895/2069/777 2842/3322/777 2841/3321/777 961/2142/777
f 960/1940/778 2843/3323/778 2842/3322/778 895/2069/778
f 887/1939/779 2840/3320/779 2843/3323/779 960/1940/779
f 2844/3324/523 2845/3325/523 2846/3326/523 2847/3327/523
f 1161/1799/812 2845/3325/812 2844/3324/812 687/1178/812
f 695/1608/813 2846/3326/813 2845/3325/813 1161/1799/813
f 1160/1175/814 2847/3327/814 2846/3326/814 695/1608/814
f 687/1178/815 2844/3324/815 2847/3327/815 1160/1175/815
f 2848/3328/531 2849/3329/531 2850/3330/531 2851/3331/531
f 1099/2061/836 2849/3329/836 2848/3328/836 749/2099/836
f 757/2062/837 2850/3330/837 2849/3329/837 1099/2061/837
f 1098/2096/838 2851/3331/838 2850/3330/838 757/2062/838
f 749/2099/839 2848/3328/839 2851/3331/839 1098/2096/839
f 2852/3332/542 2853/3333/542 2854/3334/542 2855/3335/542
f 1009/1981/724 2853/3333/724 2852/3332/724 839/1875/724
f 847/1651/725 2854/3334/725 2853/3333/725 1009/1981/725
f 1008/1650/726 2855/3335/726 2854/3334/726 847/1651/726
f 839/1875/727 2852/3332/727 2855/3335/727 1008/1650/727
f 2856/3336/521 2857/3337/521 2858/3338/521 2859/3339/521
f 1174/1614/728 2857/3337/728 2856/3336/728 674/1839/728
f 682/1615/729 2858/3338/729 2857/3337/729 1174/1614/729
f 1173/2550/730 2859/3339/730 2858/3338/730 682/1615/730
f 674/1839/731 2856/3336/731 2859/3339/731 1173/2550/731
f 2860/3340/531 2861/3341/531 2862/3342/531 2863/3343/531
f 1097/1149/836 2861/3341/836 2860/3340/836 751/1153/836
f 759/1749/837 2862/3342/837 2861/3341/837 1097/1149/837
f 1096/1552/838 2863/3343/838 2862/3342/838 759/1749/838
f 751/1153/839 2860/3340/839 2863/3343/839 1096/1552/839
f 2864/3344/538 2865/3345/538 2866/3346/538 2867/3347/538
f 1040/1159/748 2865/3345/748 2864/3344/748 808/2612/748
f 816/1162/749 2866/3346/749 2865/3345/749 1040/1159/749
f 1039/1685/750 2867/3347/750 2866/3346/750 816/1162/750
f 808/2612/751 2864/3344/751 2867/3347/751 1039/1685/751
f 2868/3348/536 2869/3349/536 2870/3350/536 2871/3351/536
f 1059/1864/714 2869/3349/714 2868/3348/714 796/2080/714
f 788/1863/715 2870/3350/715 2869/3349/715 1059/1864/715
f 925/958/712 2871/3351/712 2870/3350/712 788/1863/712
f 796/2080/713 2868/3348/713 2871/3351/713 925/958/713
f 2872/3352/538 2873/3353/538 2874/3354/538 2875/3355/538
f 1043/1525/748 2873/3353/748 2872/3352/748 805/2195/748
f 813/1528/749 2874/3354/749 2873/3353/749 1043/1525/749
f 1042/2152/750 2875/3355/750 2874/3354/750 813/1528/750
f 805/2195/751 2872/3352/751 2875/3355/751 1042/2152/751
f 2876/3356/549 2877/3357/549 2878/3358/549 2879/3359/549
f 950/1107/792 2877/3357/792 2876/3356/792 898/1186/792
f 906/1082/793 2878/3358/793 2877/3357/793 950/1107/793
f 949/1080/794 2879/3359/794 2878/3358/794 906/1082/794
f 898/1186/795 2876/3356/795 2879/3359/795 949/1080/795
f 2880/3360/529 2881/3361/529 2882/3362/529 2883/3363/529
f 1110/2260/752 2881/3361/752 2880/3360/752 738/2168/752
f 746/2212/753 2882/3362/753 2881/3361/753 1110/2260/753
f 1109/2169/754 2883/3363/754 2882/3362/754 746/2212/754
f 738/2168/755 2880/3360/755 2883/3363/755 1109/2169/755
f 2884/3364/542 2885/3365/542 2886/3366/542 2887/3367/542
f 1008/1650/724 2885/3365/724 2884/3364/724 840/1480/724
f 848/1217/725 2886/3366/725 2885/3365/725 1008/1650/725
f 1007/1215/726 2887/3367/726 2886/3366/726 848/1217/726
f 840/1480/727 2884/3364/727 2887/3367/727 1007/1215/727
f 2888/3368/541 2889/3369/541 2890/3370/541 2891/3371/541
f 1014/2430/804 2889/3369/804 2888/3368/804 834/2429/804
f 842/1468/805 2890/3370/805 2889/3369/805 1014/2430/805
f 1013/1467/806 2891/3371/806 2890/3370/806 842/1468/806
f 834/2429/807 2888/3368/807 2891/3371/807 1013/1467/807
f 2892/3372/546 2893/3373/546 2894/3374/546 2895/3375/546
f 973/1462/784 2893/3373/784 2892/3372/784 875/1460/784
f 883/1696/785 2894/3374/785 2893/3373/785 973/1462/785
f 972/999/786 2895/3375/786 2894/3374/786 883/1696/786
f 875/1460/787 2892/3372/787 2895/3375/787 972/999/787
f 2896/3376/537 2897/3377/537 2898/3378/537 2899/3379/537
f 1051/2194/810 2897/3377/810 2896/3376/810 804/1492/810
f 796/2080/811 2898/3378/811 2897/3377/811 1051/2194/811
f 926/960/808 2899/3379/808 2898/3378/808 796/2080/808
f 804/1492/809 2896/3376/809 2899/3379/809 926/960/809
f 2900/3380/535 2901/3381/535 2902/3382/535 2903/3383/535
f 1067/1487/772 2901/3381/772 2900/3380/772 781/1201/772
f 789/1862/773 2902/3382/773 2901/3381/773 1067/1487/773
f 1066/1202/774 2903/3383/774 2902/3382/774 789/1862/774
f 781/1201/775 2900/3380/775 2903/3383/775 1066/1202/775
f 2904/3384/540 2905/3385/540 2906/3386/540 2907/3387/540
f 1024/1847/820 2905/3385/820 2904/3384/820 824/1845/820
f 832/1645/821 2906/3386/821 2905/3385/821 1024/1847/821
f 1023/1643/822 2907/3387/822 2906/3386/822 832/1645/822
f 824/1845/823 2904/3384/823 2907/3387/823 1023/1643/823
f 2908/3388/523 2909/3389/523 2910/3390/523 2911/3391/523
f 1163/2626/814 2909/3389/814 2908/3388/814 692/2007/814
f 684/2176/815 2910/3390/815 2909/3389/815 1163/2626/815
f 912/931/812 2911/3391/812 2910/3390/812 684/2176/812
f 692/2007/813 2908/3388/813 2911/3391/813 912/931/813
f 2912/3392/542 2913/3393/542 2914/3394/542 2915/3395/542
f 1011/1334/724 2913/3393/724 2912/3392/724 837/1332/724
f 845/1822/725 2914/3394/725 2913/3393/725 1011/1334/725
f 1010/1828/726 2915/3395/726 2914/3394/726 845/1822/726
f 837/1332/727 2912/3392/727 2915/3395/727 1010/1828/727
f 2916/3396/540 2917/3397/540 2918/3398/540 2919/3399/540
f 1026/1226/820 2917/3397/820 2916/3396/820 822/1224/820
f 830/1622/821 2918/3398/821 2917/3397/821 1026/1226/821
f 1025/1636/822 2919/3399/822 2918/3398/822 830/1622/822
f 822/1224/823 2916/3396/823 2919/3399/823 1025/1636/823
f 2920/3400/533 2921/3401/533 2922/3402/533 2923/3403/533
f 1081/1123/764 2921/3401/764 2920/3400/764 767/1121/764
f 775/1561/765 2922/3402/765 2921/3401/765 1081/1123/765
f 1080/1869/766 2923/3403/766 2922/3402/766 775/1561/766
f 767/1121/767 2920/3400/767 2923/3403/767 1080/1869/767
f 2924/3404/534 2925/3405/534 2926/3406/534 2927/3407/534
f 1075/1485/790 2925/3405/790 2924/3404/790 780/1486/790
f 772/1961/791 2926/3406/791 2925/3405/791 1075/1485/791
f 923/954/788 2927/3407/788 2926/3406/788 772/1961/788
f 780/1486/789 2924/3404/789 2927/3407/789 923/954/789
f 2928/3408/523 2929/3409/523 2930/3410/523 2931/3411/523
f 1160/1175/812 2929/3409/812 2928/3408/812 688/1179/812
f 696/1607/813 2930/3410/813 2929/3409/813 1160/1175/813
f 1159/2012/814 2931/3411/814 2930/3410/814 696/1607/814
f 688/1179/815 2928/3408/815 2931/3411/815 1159/2012/815
f 2932/3412/529 2933/3413/529 2934/3414/529 2935/3415/529
f 1111/2232/752 2933/3413/752 2932/3412/752 737/2231/752
f 745/2560/753 2934/3414/753 2933/3413/753 1111/2232/753
f 1110/2260/754 2935/3415/754 2934/3414/754 745/2560/754
f 737/2231/755 2932/3412/755 2935/3415/755 1110/2260/755
f 2936/3416/545 2937/3417/545 2938/3418/545 2939/3419/545
f 984/1356/740 2937/3417/740 2936/3416/740 864/1408/740
f 872/1357/741 2938/3418/741 2937/3417/741 984/1356/741
f 983/1422/742 2939/3419/742 2938/3418/742 872/1357/742
f 864/1408/743 2936/3416/743 2939/3419/743 983/1422/743
f 2940/3420/545 2941/3421/545 2942/3422/545 2943/3423/545
f 986/1339/740 2941/3421/740 2940/3420/740 862/1402/740
f 870/1340/741 2942/3422/741 2941/3421/741 986/1339/741
f 985/1364/742 2943/3423/742 2942/3422/742 870/1340/742
f 862/1402/743 2940/3420/743 2943/3423/743 985/1364/743
f 2944/3424/547 2945/3425/547 2946/3426/547 2947/3427/547
f 966/1300/760 2945/3425/760 2944/3424/760 882/1304/760
f 890/1243/761 2946/3426/761 2945/3425/761 966/1300/761
f 965/1241/762 2947/3427/762 2946/3426/762 890/1243/762
f 882/1304/763 2944/3424/763 2947/3427/763 965/1241/763
f 2948/3428/531 2949/3429/531 2950/3430/531 2951/3431/531
f 1096/1552/836 2949/3429/836 2948/3428/836 752/1555/836
f 760/1833/837 2950/3430/837 2949/3429/837 1096/1552/837
f 1095/2023/838 2951/3431/838 2950/3430/838 760/1833/838
f 752/1555/839 2948/3428/839 2951/3431/839 1095/2023/839
f 2952/3432/533 2953/3433/533 2954/3434/533 2955/3435/533
f 1083/2589/766 2953/3433/766 2952/3432/766 772/1961/766
f 764/2206/767 2954/3434/767 2953/3433/767 1083/2589/767
f 922/952/764 2955/3435/764 2954/3434/764 764/2206/764
f 772/1961/765 2952/3432/765 2955/3435/765 922/952/765
f 2956/3436/529 2957/3437/529 2958/3438/529 2959/3439/529
f 1115/2254/752 2957/3437/752 2956/3436/752 733/2248/752
f 741/1766/753 2958/3438/753 2957/3437/753 1115/2254/753
f 1114/1764/754 2959/3439/754 2958/3438/754 741/1766/754
f 733/2248/755 2956/3436/755 2959/3439/755 1114/1764/755
f 2960/3440/541 2961/3441/541 2962/3442/541 2963/3443/541
f 1019/1331/806 2961/3441/806 2960/3440/806 836/1333/806
f 828/1662/807 2962/3442/807 2961/3441/807 1019/1331/807
f 930/969/804 2963/3443/804 2962/3442/804 828/1662/804
f 836/1333/805 2960/3440/805 2963/3443/805 930/969/805
f 2964/3444/540 2965/3445/540 2966/3446/540 2967/3447/540
f 1027/1657/820 2965/3445/820 2964/3444/820 821/1225/820
f 829/1623/821 2966/3446/821 2965/3445/821 1027/1657/821
f 1026/1226/822 2967/3447/822 2966/3446/822 829/1623/822
f 821/1225/823 2964/3444/823 2967/3447/823 1026/1226/823
f 2968/3448/539 2969/3449/539 2970/3450/539 2971/3451/539
f 1030/1600/780 2969/3449/780 2968/3448/780 818/1892/780
f 826/1507/781 2970/3450/781 2969/3449/781 1030/1600/781
f 1029/1505/782 2971/3451/782 2970/3450/782 826/1507/782
f 818/1892/783 2968/3448/783 2971/3451/783 1029/1505/783
f 2972/3452/543 2973/3453/543 2974/3454/543 2975/3455/543
f 999/1218/768 2973/3453/768 2972/3452/768 849/1216/768
f 857/1390/769 2974/3454/769 2973/3453/769 999/1218/769
f 998/1520/770 2975/3455/770 2974/3454/770 857/1390/770
f 849/1216/771 2972/3452/771 2975/3455/771 998/1520/771
f 2976/3456/543 2977/3457/543 2978/3458/543 2979/3459/543
f 1002/2075/768 2977/3457/768 2976/3456/768 846/1982/768
f 854/1193/769 2978/3458/769 2977/3457/769 1002/2075/769
f 1001/1191/770 2979/3459/770 2978/3458/770 854/1193/770
f 846/1982/771 2976/3456/771 2979/3459/771 1001/1191/771
f 2980/3460/539 2981/3461/539 2982/3462/539 2983/3463/539
f 1031/1690/780 2981/3461/780 2980/3460/780 817/1691/780
f 825/1601/781 2982/3462/781 2981/3461/781 1031/1690/781
f 1030/1600/782 2983/3463/782 2982/3462/782 825/1601/782
f 817/1691/783 2980/3460/783 2983/3463/783 1030/1600/783
f 2984/3464/535 2985/3465/535 2986/3466/535 2987/3467/535
f 1064/1323/772 2985/3465/772 2984/3464/772 784/1594/772
f 792/1324/773 2986/3466/773 2985/3465/773 1064/1323/773
f 1063/2822/774 2987/3467/774 2986/3466/774 792/1324/774
f 784/1594/775 2984/3464/775 2987/3467/775 1063/2822/775
f 2988/3468/545 2989/3469/545 2990/3470/545 2991/3471/545
f 982/1417/740 2989/3469/740 2988/3468/740 866/1415/740
f 874/1461/741 2990/3470/741 2989/3469/741 982/1417/741
f 981/1459/742 2991/3471/742 2990/3470/742 874/1461/742
f 866/1415/743 2988/3468/743 2991/3471/743 981/1459/743
f 2992/3472/530 2993/3473/530 2994/3474/530 2995/3475/530
f 1107/2132/732 2993/3473/732 2992/3472/732 741/1766/732
f 749/2095/733 2994/3474/733 2993/3473/733 1107/2132/733
f 1106/1767/734 2995/3475/734 2994/3474/734 749/2095/734
f 741/1766/735 2992/3472/735 2995/3475/735 1106/1767/735
f 2996/3476/535 2997/3477/535 2998/3478/535 2999/3479/535
f 1066/1202/772 2997/3477/772 2996/3476/772 782/1200/772
f 790/1583/773 2998/3478/773 2997/3477/773 1066/1202/773
f 1065/1582/774 2999/3479/774 2998/3478/774 790/1583/774
f 782/1200/775 2996/3476/775 2999/3479/775 1065/1582/775
f 3000/3480/538 3001/3481/538 3002/3482/538 3003/3483/538
f 1037/1810/748 3001/3481/748 3000/3480/748 811/1808/748
f 819/1889/749 3002/3482/749 3001/3481/749 1037/1810/749
f 1036/1016/750 3003/3483/750 3002/3482/750 819/1889/750
f 811/1808/751 3000/3480/751 3003/3483/751 1036/1016/751
f 3004/3484/531 3005/3485/531 3006/3486/531 3007/3487/531
f 1093/1313/836 3005/3485/836 3004/3484/836 755/1317/836
f 763/1787/837 3006/3486/837 3005/3485/837 1093/1313/837
f 1092/1030/838 3007/3487/838 3006/3486/838 763/1787/838
f 755/1317/839 3004/3484/839 3007/3487/839 1092/1030/839
f 3008/3488/539 3009/3489/539 3010/3490/539 3011/3491/539
f 1032/1165/780 3009/3489/780 3008/3488/780 816/1167/780
f 824/1845/781 3010/3490/781 3009/3489/781 1032/1165/781
f 1031/1690/782 3011/3491/782 3010/3490/782 824/1845/782
f 816/1167/783 3008/3488/783 3011/3491/783 1031/1690/783
f 3012/3492/534 3013/3493/534 3014/3494/534 3015/3495/534
f 1072/1593/788 3013/3493/788 3012/3492/788 776/1781/788
f 784/1594/789 3014/3494/789 3013/3493/789 1072/1593/789
f 1071/1782/790 3015/3495/790 3014/3494/790 784/1594/790
f 776/1781/791 3012/3492/791 3015/3495/791 1071/1782/791
f 3016/3496/539 3017/3497/539 3018/3498/539 3019/3499/539
f 1033/1975/780 3017/3497/780 3016/3496/780 815/1166/780
f 823/1846/781 3018/3498/781 3017/3497/781 1033/1975/781
f 1032/1165/782 3019/3499/782 3018/3498/782 823/1846/782
f 815/1166/783 3016/3496/783 3019/3499/783 1032/1165/783
f 3020/3500/534 3021/3501/534 3022/3502/534 3023/3503/534
f 1070/1446/788 3021/3501/788 3020/3500/788 778/1444/788
f 786/1945/789 3022/3502/789 3021/3501/789 1070/1446/789
f 1069/1956/790 3023/3503/790 3022/3502/790 786/1945/790
f 778/1444/791 3020/3500/791 3023/3503/791 1069/1956/791
f 3024/3504/530 3025/3505/530 3026/3506/530 3027/3507/530
f 1105/1146/732 3025/3505/732 3024/3504/732 743/2051/732
f 751/1147/733 3026/3506/733 3025/3505/733 1105/1146/733
f 1104/1550/734 3027/3507/734 3026/3506/734 751/1147/734
f 743/2051/735 3024/3504/735 3027/3507/735 1104/1550/735
f 3028/3508/523 3029/3509/523 3030/3510/523 3031/3511/523
f 1162/1733/812 3029/3509/812 3028/3508/812 686/1737/812
f 694/2473/813 3030/3510/813 3029/3509/813 1162/1733/813
f 1161/1799/814 3031/3511/814 3030/3510/814 694/2473/814
f 686/1737/815 3028/3508/815 3031/3511/815 1161/1799/815
f 3032/3512/523 3033/3513/523 3034/3514/523 3035/3515/523
f 1163/2626/812 3033/3513/812 3032/3512/812 685/1736/812
f 693/2474/813 3034/3514/813 3033/3513/813 1163/2626/813
f 1162/1733/814 3035/3515/814 3034/3514/814 693/2474/814
f 685/1736/815 3032/3512/815 3035/3515/815 1162/1733/815
f 3036/3516/531 3037/3517/531 3038/3518/531 3039/3519/531
f 1099/2061/838 3037/3517/838 3036/3516/838 756/2056/838
f 748/2136/839 3038/3518/839 3037/3517/839 1099/2061/839
f 920/948/836 3039/3519/836 3038/3518/836 748/2136/836
f 756/2056/837 3036/3516/837 3039/3519/837 920/948/837
f 3040/3520/548 3041/3521/548 3042/3522/548 3043/3523/548
f 962/1210/776 3041/3521/776 3040/3520/776 886/1208/776
f 894/1576/777 3042/3522/777 3041/3521/777 962/1210/777
f 961/2142/778 3043/3523/778 3042/3522/778 894/1576/778
f 886/1208/779 3040/3520/779 3043/3523/779 961/2142/779
f 3044/3524/535 3045/3525/535 3046/3526/535 3047/3527/535
f 1062/1947/772 3045/3525/772 3044/3524/772 786/1945/772
f 794/1882/773 3046/3526/773 3045/3525/773 1062/1947/773
f 1061/1880/774 3047/3527/774 3046/3526/774 794/1882/774
f 786/1945/775 3044/3524/775 3047/3527/775 1061/1880/775
f 3048/3528/536 3049/3529/536 3050/3530/536 3051/3531/536
f 1055/1815/712 3049/3529/712 3048/3528/712 793/2788/712
f 801/1499/713 3050/3530/713 3049/3529/713 1055/1815/713
f 1054/1497/714 3051/3531/714 3050/3530/714 801/1499/714
f 793/2788/715 3048/3528/715 3051/3531/715 1054/1497/715
f 3052/3532/522 3053/3533/522 3054/3534/522 3055/3535/522
f 1166/1617/800 3053/3533/800 3052/3532/800 682/1615/800
f 690/2515/801 3054/3534/801 3053/3533/801 1166/1617/801
f 1165/2551/802 3055/3535/802 3054/3534/802 690/2515/802
f 682/1615/803 3052/3532/803 3055/3535/803 1165/2551/803
f 3056/3536/541 3057/3537/541 3058/3538/541 3059/3539/541
f 1013/1467/804 3057/3537/804 3056/3536/804 835/1231/804
f 843/1136/805 3058/3538/805 3057/3537/805 1013/1467/805
f 1012/1009/806 3059/3539/806 3058/3538/806 843/1136/806
f 835/1231/807 3056/3536/807 3059/3539/807 1012/1009/807
f 3060/3540/537 3061/3541/537 3062/3542/537 3063/3543/537
f 1047/1817/808 3061/3541/808 3060/3540/808 801/1499/808
f 809/1997/809 3062/3542/809 3061/3541/809 1047/1817/809
f 1046/1500/810 3063/3543/810 3062/3542/810 809/1997/810
f 801/1499/811 3060/3540/811 3063/3543/811 1046/1500/811
f 3064/3544/545 3065/3545/545 3066/3546/545 3067/3547/545
f 987/1385/742 3065/3545/742 3064/3544/742 868/1902/742
f 860/1384/743 3066/3546/743 3065/3545/743 987/1385/743
f 934/977/740 3067/3547/740 3066/3546/740 860/1384/740
f 868/1902/741 3064/3544/741 3067/3547/741 934/977/741
f 3068/3548/532 3069/3549/532 3070/3550/532 3071/3551/532
f 1089/1120/756 3069/3549/756 3068/3548/756 759/1749/756
f 767/1121/757 3070/3550/757 3069/3549/757 1089/1120/757
f 1088/1834/758 3071/3551/758 3070/3550/758 767/1121/758
f 759/1749/759 3068/3548/759 3071/3551/759 1088/1834/759
f 3072/3552/545 3073/3553/545 3074/3554/545 3075/3555/545
f 981/1459/740 3073/3553/740 3072/3552/740 867/2872/740
f 875/1460/741 3074/3554/741 3073/3553/741 981/1459/741
f 980/1001/742 3075/3555/742 3074/3554/742 875/1460/742
f 867/2872/743 3072/3552/743 3075/3555/743 980/1001/743
f 3076/3556/531 3077/3557/531 3078/3558/531 3079/3559/531
f 1094/1538/836 3077/3557/836 3076/3556/836 754/1316/836
f 762/1539/837 3078/3558/837 3077/3557/837 1094/1538/837
f 1093/1313/838 3079/3559/838 3078/3558/838 762/1539/838
f 754/1316/839 3076/3556/839 3079/3559/839 1093/1313/839
f 3080/3560/539 3081/3561/539 3082/3562/539 3083/3563/539
f 1035/1531/780 3081/3561/780 3080/3560/780 813/1533/780
f 821/1225/781 3082/3562/781 3081/3561/781 1035/1531/781
f 1034/1223/782 3083/3563/782 3082/3562/782 821/1225/782
f 813/1533/783 3080/3560/783 3083/3563/783 1034/1223/783
f 3084/3564/530 3085/3565/530 3086/3566/530 3087/3567/530
f 1103/2110/732 3085/3565/732 3084/3564/732 745/2560/732
f 753/2086/733 3086/3566/733 3085/3565/733 1103/2110/733
f 1102/2085/734 3087/3567/734 3086/3566/734 753/2086/734
f 745/2560/735 3084/3564/735 3087/3567/735 1102/2085/735
f 3088/3568/536 3089/3569/536 3090/3570/536 3091/3571/536
f 1056/1326/712 3089/3569/712 3088/3568/712 792/1324/712
f 800/1816/713 3090/3570/713 3089/3569/713 1056/1326/713
f 1055/1815/714 3091/3571/714 3090/3570/714 800/1816/714
f 792/1324/715 3088/3568/715 3091/3571/715 1055/1815/715
f 3092/3572/519 3093/3573/519 3094/3574/519 3095/3575/519
f 1190/1289/716 3093/3573/716 3092/3572/716 653/2945/716
f 666/1290/717 3094/3574/717 3093/3573/717 1190/1289/717
f 1189/2578/718 3095/3575/718 3094/3574/718 666/1290/718
f 653/2945/719 3092/3572/719 3095/3575/719 1189/2578/719
f 3096/3576/544 3097/3577/544 3098/3578/544 3099/3579/544
f 992/1407/744 3097/3577/744 3096/3576/744 856/1391/744
f 864/1408/745 3098/3578/745 3097/3577/745 992/1407/745
f 991/1392/746 3099/3579/746 3098/3578/746 864/1408/746
f 856/1391/747 3096/3576/747 3099/3579/747 991/1392/747
f 3100/3580/522 3101/3581/522 3102/3582/522 3103/3583/522
f 1165/2551/800 3101/3581/800 3100/3580/800 683/2541/800
f 691/2638/801 3102/3582/801 3101/3581/801 1165/2551/801
f 1164/1050/802 3103/3583/802 3102/3582/802 691/2638/802
f 683/2541/803 3100/3580/803 3103/3583/803 1164/1050/803
f 3104/3584/524 3105/3585/524 3106/3586/524 3107/3587/524
f 1149/1568/828 3105/3585/828 3104/3584/828 699/1759/828
f 707/1569/829 3106/3586/829 3105/3585/829 1149/1568/829
f 1148/1045/830 3107/3587/830 3106/3586/830 707/1569/830
f 699/1759/831 3104/3584/831 3107/3587/831 1148/1045/831
f 3108/3588/544 3109/3589/544 3110/3590/544 3111/3591/544
f 991/1392/744 3109/3589/744 3108/3588/744 857/1390/744
f 865/1416/745 3110/3590/745 3109/3589/745 991/1392/745
f 990/1414/746 3111/3591/746 3110/3590/746 865/1416/746
f 857/1390/747 3108/3588/747 3111/3591/747 990/1414/747
f 3112/3592/526 3113/3593/526 3114/3594/526 3115/3595/526
f 1134/2356/834 3113/3593/834 3112/3592/834 714/2363/834
f 722/2338/835 3114/3594/835 3113/3593/835 1134/2356/835
f 1133/2337/832 3115/3595/832 3114/3594/832 722/2338/832
f 714/2363/833 3112/3592/833 3115/3595/833 1133/2337/833
f 3116/3596/528 3117/3597/528 3118/3598/528 3119/3599/528
f 1118/2259/824 3117/3597/824 3116/3596/824 730/2307/824
f 738/2168/825 3118/3598/825 3117/3597/825 1118/2259/825
f 1117/2167/826 3119/3599/826 3118/3598/826 738/2168/826
f 730/2307/827 3116/3596/827 3119/3599/827 1117/2167/827
f 3120/3600/519 3121/3601/519 3122/3602/519 3123/3603/519
f 1193/2187/716 3121/3601/716 3120/3600/716 656/2951/716
f 663/2188/717 3122/3602/717 3121/3601/717 1193/2187/717
f 1192/2459/718 3123/3603/718 3122/3602/718 663/2188/718
f 656/2951/719 3120/3600/719 3123/3603/719 1192/2459/719
f 3124/3604/527 3125/3605/527 3126/3606/527 3127/3607/527
f 1131/2320/720 3125/3605/720 3124/3604/720 717/2325/720
f 725/2315/721 3126/3606/721 3125/3605/721 1131/2320/721
f 1130/2313/722 3127/3607/722 3126/3606/722 725/2315/722
f 717/2325/723 3124/3604/723 3127/3607/723 1130/2313/723
f 3128/3608/538 3129/3609/538 3130/3610/538 3131/3611/538
f 1041/1775/748 3129/3609/748 3128/3608/748 807/1773/748
f 815/1163/749 3130/3610/749 3129/3609/749 1041/1775/749
f 1040/1159/750 3131/3611/750 3130/3610/750 815/1163/750
f 807/1773/751 3128/3608/751 3131/3611/751 1040/1159/751
f 3132/3612/527 3133/3613/527 3134/3614/527 3135/3615/527
f 1129/2373/720 3133/3613/720 3132/3612/720 719/2332/720
f 727/2272/721 3134/3614/721 3133/3613/721 1129/2373/721
f 1128/2270/722 3135/3615/722 3134/3614/722 727/2272/722
f 719/2332/723 3132/3612/723 3135/3615/723 1128/2270/723
f 3136/3616/521 3137/3617/521 3138/3618/521 3139/3619/521
f 1178/2599/728 3137/3617/728 3136/3616/728 670/1453/728
f 678/2565/729 3138/3618/729 3137/3617/729 1178/2599/729
f 1177/1454/730 3139/3619/730 3138/3618/730 678/2565/730
f 670/1453/731 3136/3616/731 3139/3619/731 1177/1454/731
f 3140/3620/549 3141/3621/549 3142/3622/549 3143/3623/549
f 953/2143/792 3141/3621/792 3140/3620/792 895/2069/792
f 903/2344/793 3142/3622/793 3141/3621/793 953/2143/793
f 952/2070/794 3143/3623/794 3142/3622/794 903/2344/794
f 895/2069/795 3140/3620/795 3143/3623/795 952/2070/795
f 3144/3624/521 3145/3625/521 3146/3626/521 3147/3627/521
f 1173/2550/728 3145/3625/728 3144/3624/728 675/1236/728
f 683/2541/729 3146/3626/729 3145/3625/729 1173/2550/729
f 1172/1052/730 3147/3627/730 3146/3626/730 683/2541/730
f 675/1236/731 3144/3624/731 3147/3627/731 1172/1052/731
f 3148/3628/526 3149/3629/526 3150/3630/526 3151/3631/526
f 1138/2350/834 3149/3629/834 3148/3628/834 710/2380/834
f 718/2351/835 3150/3630/835 3149/3629/835 1138/2350/835
f 1137/2381/832 3151/3631/832 3150/3630/832 718/2351/832
f 710/2380/833 3148/3628/833 3151/3631/833 1137/2381/833
f 3152/3632/526 3153/3633/526 3154/3634/526 3155/3635/526
f 1139/2284/834 3153/3633/834 3152/3632/834 709/2282/834
f 717/2325/835 3154/3634/835 3153/3633/835 1139/2284/835
f 1138/2350/832 3155/3635/832 3154/3634/832 717/2325/832
f 709/2282/833 3152/3632/833 3155/3635/833 1138/2350/833
f 3156/3636/526 3157/3637/526 3158/3638/526 3159/3639/526
f 1133/2337/834 3157/3637/834 3156/3636/834 715/2289/834
f 723/2277/835 3158/3638/835 3157/3637/835 1133/2337/835
f 1132/1041/832 3159/3639/832 3158/3638/832 723/2277/832
f 715/2289/833 3156/3636/833 3159/3639/833 1132/1041/833
f 3160/3640/526 3161/3641/526 3162/3642/526 3163/3643/526
f 1137/2381/834 3161/3641/834 3160/3640/834 711/2300/834
f 719/2332/835 3162/3642/835 3161/3641/835 1137/2381/835
f 1136/2301/832 3163/3643/832 3162/3642/832 719/2332/832
f 711/2300/833 3160/3640/833 3163/3643/833 1136/2301/833
f 3164/3644/526 3165/3645/526 3166/3646/526 3167/3647/526
f 1135/2390/834 3165/3645/834 3164/3644/834 713/2364/834
f 721/2357/835 3166/3646/835 3165/3645/835 1135/2390/835
f 1134/2356/832 3167/3647/832 3166/3646/832 721/2357/832
f 713/2364/833 3164/3644/833 3167/3647/833 1134/2356/833
f 3168/3648/550 3169/3649/550 3170/3650/550 3171/3651/550
f 941/1083/796 3169/3649/796 3168/3648/796 907/1081/796
f 652/1060/797 3170/3650/797 3169/3649/797 941/1083/797
f 940/990/798 3171/3651/798 3170/3650/798 652/1060/798
f 907/1081/799 3168/3648/799 3171/3651/799 940/990/799
f 3172/3652/526 3173/3653/526 3174/3654/526 3175/3655/526
f 1136/2301/834 3173/3653/834 3172/3652/834 712/2299/834
f 720/2331/835 3174/3654/835 3173/3653/835 1136/2301/835
f 1135/2390/832 3175/3655/832 3174/3654/832 720/2331/832
f 712/2299/833 3172/3652/833 3175/3655/833 1135/2390/833
f 3176/3656/520 3177/3657/520 3178/3658/520 3179/3659/520
f 1182/1292/816 3177/3657/816 3176/3656/816 666/1290/816
f 674/1839/817 3178/3658/817 3177/3657/817 1182/1292/817
f 1181/2580/818 3179/3659/818 3178/3658/818 674/1839/818
f 666/1290/819 3176/3656/819 3179/3659/819 1181/2580/819
f 3180/3660/525 3181/3661/525 3182/3662/525 3183/3663/525
f 1147/1916/736 3181/3661/736 3180/3660/736 701/1914/736
f 709/2282/737 3182/3662/737 3181/3661/737 1147/1916/737
f 1146/2396/738 3183/3663/738 3182/3662/738 709/2282/738
f 701/1914/739 3180/3660/739 3183/3663/739 1146/2396/739
f 3184/3664/540 3185/3665/540 3186/3666/540 3187/3667/540
f 1021/1508/820 3185/3665/820 3184/3664/820 827/1506/820
f 835/1231/821 3186/3666/821 3185/3665/821 1021/1508/821
f 1020/1011/822 3187/3667/822 3186/3666/822 835/1231/822
f 827/1506/823 3184/3664/823 3187/3667/823 1020/1011/823
f 3188/3668/546 3189/3669/546 3190/3670/546 3191/3671/546
f 979/2752/786 3189/3669/786 3188/3668/786 876/2506/786
f 868/1902/787 3190/3670/787 3189/3669/787 979/2752/787
f 935/979/784 3191/3671/784 3190/3670/784 868/1902/784
f 876/2506/785 3188/3668/785 3191/3671/785 935/979/785
f 3192/3672/522 3193/3673/522 3194/3674/522 3195/3675/522
f 1171/1131/800 3193/3673/800 3192/3672/800 677/1129/800
f 685/1732/801 3194/3674/801 3193/3673/801 1171/1131/801
f 1170/1730/802 3195/3675/802 3194/3674/802 685/1732/802
f 677/1129/803 3192/3672/803 3195/3675/803 1170/1730/803
f 3196/3676/544 3197/3677/544 3198/3678/544 3199/3679/544
f 989/2863/744 3197/3677/744 3196/3676/744 859/1377/744
f 867/2872/745 3198/3678/745 3197/3677/745 989/2863/745
f 988/1003/746 3199/3679/746 3198/3678/746 867/2872/746
f 859/1377/747 3196/3676/747 3199/3679/747 988/1003/747
f 3200/3680/537 3201/3681/537 3202/3682/537 3203/3683/537
f 1049/1772/808 3201/3681/808 3200/3680/808 799/1932/808
f 807/1773/809 3202/3682/809 3201/3681/809 1049/1772/809
f 1048/2410/810 3203/3683/810 3202/3682/810 807/1773/810
f 799/1932/811 3200/3680/811 3203/3683/811 1048/2410/811
f 3204/3684/544 3205/3685/544 3206/3686/544 3207/3687/544
f 994/1401/744 3205/3685/744 3204/3684/744 854/1193/744
f 862/1402/745 3206/3686/745 3205/3685/745 994/1401/745
f 993/1194/746 3207/3687/746 3206/3686/746 862/1402/746
f 854/1193/747 3204/3684/747 3207/3687/747 993/1194/747
f 3208/3688/528 3209/3689/528 3210/3690/528 3211/3691/528
f 1119/2230/824 3209/3689/824 3208/3688/824 729/2308/824
f 737/2231/825 3210/3690/825 3209/3689/825 1119/2230/825
f 1118/2259/826 3211/3691/826 3210/3690/826 737/2231/826
f 729/2308/827 3208/3688/827 3211/3691/827 1118/2259/827
f 3212/3692/527 3213/3693/527 3214/3694/527 3215/3695/527
f 1130/2313/720 3213/3693/720 3212/3692/720 718/2351/720
f 726/2314/721 3214/3694/721 3213/3693/721 1130/2313/721
f 1129/2373/722 3215/3695/722 3214/3694/722 726/2314/722
f 718/2351/723 3212/3692/723 3215/3695/723 1129/2373/723
f 3216/3696/520 3217/3697/520 3218/3698/520 3219/3699/520
f 1187/1723/818 3217/3697/818 3216/3696/818 668/1725/818
f 660/1680/819 3218/3698/819 3217/3697/819 1187/1723/819
f 909/924/816 3219/3699/816 3218/3698/816 660/1680/816
f 668/1725/817 3216/3696/817 3219/3699/817 909/924/817
f 3220/3700/543 3221/3701/543 3222/3702/543 3223/3703/543
f 1001/1191/768 3221/3701/768 3220/3700/768 847/1651/768
f 855/1192/769 3222/3702/769 3221/3701/769 1001/1191/769
f 1000/1652/770 3223/3703/770 3222/3702/770 855/1192/770
f 847/1651/771 3220/3700/771 3223/3703/771 1000/1652/771
f 3224/3704/524 3225/3705/524 3226/3706/524 3227/3707/524
f 1152/1609/828 3225/3705/828 3224/3704/828 696/1607/828
f 704/1629/829 3226/3706/829 3225/3705/829 1152/1609/829
f 1151/2013/830 3227/3707/830 3226/3706/830 704/1629/830
f 696/1607/831 3224/3704/831 3227/3707/831 1151/2013/831
f 3228/3708/524 3229/3709/524 3230/3710/524 3231/3711/524
f 1150/1256/828 3229/3709/828 3228/3708/828 698/1254/828
f 706/1570/829 3230/3710/829 3229/3709/829 1150/1256/829
f 1149/1568/830 3231/3711/830 3230/3710/830 706/1570/830
f 698/1254/831 3228/3708/831 3231/3711/831 1149/1568/831
f 3232/3712/530 3233/3713/530 3234/3714/530 3235/3715/530
f 1107/2132/734 3233/3713/734 3232/3712/734 748/2133/734
f 740/1248/735 3234/3714/735 3233/3713/735 1107/2132/735
f 919/945/732 3235/3715/732 3234/3714/732 740/1248/732
f 748/2133/733 3232/3712/733 3235/3715/733 919/945/733
f 3236/3716/539 3237/3717/539 3238/3718/539 3239/3719/539
f 1035/1531/782 3237/3717/782 3236/3716/782 820/1513/782
f 812/1532/783 3238/3718/783 3237/3717/783 1035/1531/783
f 928/965/780 3239/3719/780 3238/3718/780 812/1532/780
f 820/1513/781 3236/3716/781 3239/3719/781 928/965/781
f 3240/3720/531 3241/3721/531 3242/3722/531 3243/3723/531
f 1095/2023/836 3241/3721/836 3240/3720/836 753/2089/836
f 761/1540/837 3242/3722/837 3241/3721/837 1095/2023/837
f 1094/1538/838 3243/3723/838 3242/3722/838 761/1540/838
f 753/2089/839 3240/3720/839 3243/3723/839 1094/1538/839
f 3244/3724/530 3245/3725/530 3246/3726/530 3247/3727/530
f 1104/1550/732 3245/3725/732 3244/3724/732 744/2464/732
f 752/1551/733 3246/3726/733 3245/3725/733 1104/1550/733
f 1103/2110/734 3247/3727/734 3246/3726/734 752/1551/734
f 744/2464/735 3244/3724/735 3247/3727/735 1103/2110/735
f 3248/3728/537 3249/3729/537 3250/3730/537 3251/3731/537
f 1050/1372/808 3249/3729/808 3248/3728/808 798/1370/808
f 806/1774/809 3250/3730/809 3249/3729/809 1050/1372/809
f 1049/1772/810 3251/3731/810 3250/3730/810 806/1774/810
f 798/1370/811 3248/3728/811 3251/3731/811 1049/1772/811
f 3252/3732/547 3253/3733/547 3254/3734/547 3255/3735/547
f 971/1907/760 3253/3733/760 3252/3732/760 877/1283/760
f 885/1209/761 3254/3734/761 3253/3733/761 971/1907/761
f 970/1207/762 3255/3735/762 3254/3734/762 885/1209/762
f 877/1283/763 3252/3732/763 3255/3735/763 970/1207/763
f 3256/3736/535 3257/3737/535 3258/3738/535 3259/3739/535
f 1063/2822/772 3257/3737/772 3256/3736/772 785/1946/772
f 793/2788/773 3258/3738/773 3257/3737/773 1063/2822/773
f 1062/1947/774 3259/3739/774 3258/3738/774 793/2788/774
f 785/1946/775 3256/3736/775 3259/3739/775 1062/1947/775
f 3260/3740/544 3261/3741/544 3262/3742/544 3263/3743/544
f 990/1414/744 3261/3741/744 3260/3740/744 858/1793/744
f 866/1415/745 3262/3742/745 3261/3741/745 990/1414/745
f 989/2863/746 3263/3743/746 3262/3742/746 866/1415/746
f 858/1793/747 3260/3740/747 3263/3743/747 989/2863/747
f 3264/3744/537 3265/3745/537 3266/3746/537 3267/3747/537
f 1051/2194/808 3265/3745/808 3264/3744/808 797/1371/808
f 805/2195/809 3266/3746/809 3265/3745/809 1051/2194/809
f 1050/1372/810 3267/3747/810 3266/3746/810 805/2195/810
f 797/1371/811 3264/3744/811 3267/3747/811 1050/1372/811
f 3268/3748/540 3269/3749/540 3270/3750/540 3271/3751/540
f 1027/1657/822 3269/3749/822 3268/3748/822 828/1662/822
f 820/1513/823 3270/3750/823 3269/3749/823 1027/1657/823
f 929/967/820 3271/3751/820 3270/3750/820 820/1513/820
f 828/1662/821 3268/3748/821 3271/3751/821 929/967/821
f 3272/3752/524 3273/3753/524 3274/3754/524 3275/3755/524
f 1155/1913/830 3273/3753/830 3272/3752/830 700/1915/830
f 692/2007/831 3274/3754/831 3273/3753/831 1155/1913/831
f 913/933/828 3275/3755/828 3274/3754/828 692/2007/828
f 700/1915/829 3272/3752/829 3275/3755/829 913/933/829
f 3276/3756/528 3277/3757/528 3278/3758/528 3279/3759/528
f 1117/2167/824 3277/3757/824 3276/3756/824 731/1351/824
f 739/1274/825 3278/3758/825 3277/3757/825 1117/2167/825
f 1116/1037/826 3279/3759/826 3278/3758/826 739/1274/826
f 731/1351/827 3276/3756/827 3279/3759/827 1116/1037/827
f 3280/3760/522 3281/3761/522 3282/3762/522 3283/3763/522
f 1169/1798/800 3281/3761/800 3280/3760/800 679/2265/800
f 687/1174/801 3282/3762/801 3281/3761/801 1169/1798/801
f 1168/1172/802 3283/3763/802 3282/3762/802 687/1174/802
f 679/2265/803 3280/3760/803 3283/3763/803 1168/1172/803
f 3284/3764/522 3285/3765/522 3286/3766/522 3287/3767/522
f 1167/2030/800 3285/3765/800 3284/3764/800 681/1616/800
f 689/2516/801 3286/3766/801 3285/3765/801 1167/2030/801
f 1166/1617/802 3287/3767/802 3286/3766/802 689/2516/802
f 681/1616/803 3284/3764/803 3287/3767/803 1166/1617/803
f 3288/3768/520 3289/3769/520 3290/3770/520 3291/3771/520
f 1185/1451/816 3289/3769/816 3288/3768/816 663/2188/816
f 671/1452/817 3290/3770/817 3289/3769/817 1185/1451/817
f 1184/1673/818 3291/3771/818 3290/3770/818 671/1452/818
f 663/2188/819 3288/3768/819 3291/3771/819 1184/1673/819
f 3292/3772/525 3293/3773/525 3294/3774/525 3295/3775/525
f 1144/1631/736 3293/3773/736 3292/3772/736 704/1629/736
f 712/2299/737 3294/3774/737 3293/3773/737 1144/1631/737
f 1143/2405/738 3295/3775/738 3294/3774/738 712/2299/738
f 704/1629/739 3292/3772/739 3295/3775/739 1143/2405/739
f 3296/3776/528 3297/3777/528 3298/3778/528 3299/3779/528
f 1123/2253/826 3297/3777/826 3296/3776/826 732/2217/826
f 724/2294/827 3298/3778/827 3297/3777/827 1123/2253/827
f 917/941/824 3299/3779/824 3298/3778/824 724/2294/824
f 732/2217/825 3296/3776/825 3299/3779/825 917/941/825
f 3300/3780/546 3301/3781/546 3302/3782/546 3303/3783/546
f 979/2752/784 3301/3781/784 3300/3780/784 869/1341/784
f 877/1280/785 3302/3782/785 3301/3781/785 979/2752/785
f 978/1279/786 3303/3783/786 3302/3782/786 877/1280/786
f 869/1341/787 3300/3780/787 3303/3783/787 978/1279/787
f 3304/3784/546 3305/3785/546 3306/3786/546 3307/3787/546
f 978/1279/784 3305/3785/784 3304/3784/784 870/1340/784
f 878/1263/785 3306/3786/785 3305/3785/785 978/1279/785
f 977/1261/786 3307/3787/786 3306/3786/786 878/1263/786
f 870/1340/787 3304/3784/787 3307/3787/787 977/1261/787
f 3308/3788/520 3309/3789/520 3310/3790/520 3311/3791/520
f 1186/2598/816 3309/3789/816 3308/3788/816 662/2189/816
f 670/1453/817 3310/3790/817 3309/3789/817 1186/2598/817
f 1185/1451/818 3311/3791/818 3310/3790/818 670/1453/818
f 662/2189/819 3308/3788/819 3311/3791/819 1185/1451/819
f 3312/3792/521 3313/3793/521 3314/3794/521 3315/3795/521
f 1175/1966/728 3313/3793/728 3312/3792/728 673/1840/728
f 681/1616/729 3314/3794/729 3313/3793/729 1175/1966/729
f 1174/1614/730 3315/3795/730 3314/3794/730 681/1616/730
f 673/1840/731 3312/3792/731 3315/3795/731 1174/1614/731
f 3316/3796/527 3317/3797/527 3318/3798/527 3319/3799/527
f 1126/2306/720 3317/3797/720 3316/3796/720 722/2338/720
f 730/2307/721 3318/3798/721 3317/3797/721 1126/2306/721
f 1125/2339/722 3319/3799/722 3318/3798/722 730/2307/722
f 722/2338/723 3316/3796/723 3319/3799/723 1125/2339/723
f 3320/3800/520 3321/3801/520 3322/3802/520 3323/3803/520
f 1181/2580/816 3321/3801/816 3320/3800/816 667/2579/816
f 675/1236/817 3322/3802/817 3321/3801/817 1181/2580/817
f 1180/1054/818 3323/3803/818 3322/3802/818 675/1236/818
f 667/2579/819 3320/3800/819 3323/3803/819 1180/1054/819
f 3324/3804/544 3325/3805/544 3326/3806/544 3327/3807/544
f 995/1382/746 3325/3805/746 3324/3804/746 860/1384/746
f 852/1427/747 3326/3806/747 3325/3805/747 995/1382/747
f 933/975/744 3327/3807/744 3326/3806/744 852/1427/744
f 860/1384/745 3324/3804/745 3327/3807/745 933/975/745
f 3328/3808/549 3329/3809/549 3330/3810/549 3331/3811/549
f 955/1073/794 3329/3809/794 3328/3808/794 900/1075/794
f 892/2018/795 3330/3810/795 3329/3809/795 955/1073/795
f 938/986/792 3331/3811/792 3330/3810/792 892/2018/792
f 900/1075/793 3328/3808/793 3331/3811/793 938/986/793
f 3332/3812/546 3333/3813/546 3334/3814/546 3335/3815/546
f 975/2237/784 3333/3813/784 3332/3812/784 873/2424/784
f 881/1299/785 3334/3814/785 3333/3813/785 975/2237/785
f 974/1297/786 3335/3815/786 3334/3814/786 881/1299/786
f 873/2424/787 3332/3812/787 3335/3815/787 974/1297/787
f 3336/3816/520 3337/3817/520 3338/3818/520 3339/3819/520
f 1187/1723/816 3337/3817/816 3336/3816/816 661/2105/816
f 669/1724/817 3338/3818/817 3337/3817/817 1187/1723/817
f 1186/2598/818 3339/3819/818 3338/3818/818 669/1724/818
f 661/2105/819 3336/3816/819 3339/3819/819 1186/2598/819
f 3340/3820/549 3341/3821/549 3342/3822/549 3343/3823/549
f 954/1092/792 3341/3821/792 3340/3820/792 894/1576/792
f 902/1093/793 3342/3822/793 3341/3821/793 954/1092/793
f 953/2143/794 3343/3823/794 3342/3822/794 902/1093/794
f 894/1576/795 3340/3820/795 3343/3823/795 953/2143/795
f 3344/3824/532 3345/3825/532 3346/3826/532 3347/3827/532
f 1090/2479/756 3345/3825/756 3344/3824/756 758/1750/756
f 766/1122/757 3346/3826/757 3345/3825/757 1090/2479/757
f 1089/1120/758 3347/3827/758 3346/3826/758 766/1122/758
f 758/1750/759 3344/3824/759 3347/3827/759 1089/1120/759
f 3348/3828/524 3349/3829/524 3350/3830/524 3351/3831/524
f 1155/1913/828 3349/3829/828 3348/3828/828 693/2474/828
f 701/1914/829 3350/3830/829 3349/3829/829 1155/1913/829
f 1154/2435/830 3351/3831/830 3350/3830/830 701/1914/830
f 693/2474/831 3348/3828/831 3351/3831/831 1154/2435/831
f 3352/3832/527 3353/3833/527 3354/3834/527 3355/3835/527
f 1127/2391/720 3353/3833/720 3352/3832/720 721/2357/720
f 729/2308/721 3354/3834/721 3353/3833/721 1127/2391/721
f 1126/2306/722 3355/3835/722 3354/3834/722 729/2308/722
f 721/2357/723 3352/3832/723 3355/3835/723 1126/2306/723
f 3356/3836/519 3357/3837/519 3358/3838/519 3359/3839/519
f 1195/1065/716 3357/3837/716 3356/3836/716 658/1067/716
f 661/2105/717 3358/3838/717 3357/3837/717 1195/1065/717
f 1194/2621/718 3359/3839/718 3358/3838/718 661/2105/718
f 658/1067/719 3356/3836/719 3359/3839/719 1194/2621/719
f 3360/3840/528 3361/3841/528 3362/3842/528 3363/3843/528
f 1121/2374/824 3361/3841/824 3360/3840/824 727/2272/824
f 735/2224/825 3362/3842/825 3361/3841/825 1121/2374/825
f 1120/2222/826 3363/3843/826 3362/3842/826 735/2224/826
f 727/2272/827 3360/3840/827 3363/3843/827 1120/2222/827
f 3364/3844/521 3365/3845/521 3366/3846/521 3367/3847/521
f 1177/1454/728 3365/3845/728 3364/3844/728 671/1452/728
f 679/2265/729 3366/3846/729 3365/3845/729 1177/1454/729
f 1176/1675/730 3367/3847/730 3366/3846/730 679/2265/730
f 671/1452/731 3364/3844/731 3367/3847/731 1176/1675/731
f 3368/3848/524 3369/3849/524 3370/3850/524 3371/3851/524
f 1154/2435/828 3369/3849/828 3368/3848/828 694/2473/828
f 702/2436/829 3370/3850/829 3369/3849/829 1154/2435/829
f 1153/2647/830 3371/3851/830 3370/3850/830 702/2436/830
f 694/2473/831 3368/3848/831 3371/3851/831 1153/2647/831
f 627/3852/840 625/3853/841 3390/3854/841 3391/3855/840
f 641/3856/842 639/3857/843 3397/3858/843 3398/3859/842
f 601/3860/844 599/3861/845 3377/3862/845 3378/3863/844
f 615/3864/846 613/3865/847 3384/3866/847 3385/3867/846
f 629/3868/848 627/3852/840 3391/3855/840 3392/3869/848
f 643/3870/849 641/3856/842 3398/3859/842 3399/3871/849
f 603/3872/850 601/3860/844 3378/3863/844 3379/3873/850
f 617/3874/851 615/3864/846 3385/3867/846 3386/3875/851
f 631/3876/852 629/3868/848 3392/3869/848 3393/3877/852
f 591/3878/853 589/3879/854 3372/3880/854 3373/3881/853
f 645/3882/855 643/3870/849 3399/3871/849 3400/3883/855
f 605/3884/856 603/3872/850 3379/3873/850 3380/3885/856
f 619/3886/857 617/3874/851 3386/3875/851 3387/3887/857
f 633/3888/858 631/3876/852 3393/3877/852 3394/3889/858
f 593/3890/859 591/3878/853 3373/3881/853 3374/3891/859
f 647/3892/860 645/3882/855 3400/3883/855 3401/3893/860
f 607/3894/861 605/3884/856 3380/3885/856 3381/3895/861
f 621/3896/862 619/3886/857 3387/3887/857 3388/3897/862
f 635/3898/863 633/3888/858 3394/3889/858 3395/3899/863
f 595/3900/864 593/3890/859 3374/3891/859 3375/3901/864
f 649/3902/865 647/3892/860 3401/3893/860 3402/3903/865
f 609/3904/866 607/3894/861 3381/3895/861 3382/3905/866
f 623/3906/867 621/3896/862 3388/3897/862 3389/3907/867
f 637/3908/868 635/3898/863 3395/3899/863 3396/3909/868
f 597/3910/869 595/3900/864 3375/3901/864 3376/3911/869
f 651/3912/870 649/3902/865 3402/3903/865 3403/3913/870
f 611/3914/871 609/3904/866 3382/3905/866 3383/3915/871
f 625/3853/841 623/3906/867 3389/3907/867 3390/3854/841
f 639/3857/843 637/3908/868 3396/3909/868 3397/3858/843
f 599/3861/845 597/3910/869 3376/3911/869 3377/3862/845
f 589/3879/854 651/3912/870 3403/3913/870 3372/3880/854
f 613/3865/847 611/3914/871 3383/3915/871 3384/3866/847
f 616/3916/872 618/3917/873 3419/3918/873 3418/3919/872
f 630/3920/874 632/3921/875 3426/3922/875 3425/3923/874
f 590/3924/876 592/3925/877 3406/3926/877 3405/3927/876
f 644/3928/878 646/3929/879 3433/3930/879 3432/3931/878
f 604/3932/880 606/3933/881 3413/3934/881 3412/3935/880
f 618/3917/873 620/3936/882 3420/3937/882 3419/3918/873
f 632/3921/875 634/3938/883 3427/3939/883 3426/3922/875
f 592/3925/877 594/3940/884 3407/3941/884 3406/3926/877
f 646/3929/879 648/3942/885 3434/3943/885 3433/3930/879
f 606/3933/881 608/3944/886 3414/3945/886 3413/3934/881
f 620/3936/882 622/3946/887 3421/3947/887 3420/3937/882
f 634/3938/883 636/3948/888 3428/3949/888 3427/3939/883
f 594/3940/884 596/3950/889 3408/3951/889 3407/3941/884
f 648/3942/885 650/3952/890 3435/3953/890 3434/3943/885
f 608/3944/886 610/3954/891 3415/3955/891 3414/3945/886
f 622/3946/887 624/3956/892 3422/3957/892 3421/3947/887
f 636/3948/888 638/3958/893 3429/3959/893 3428/3949/888
f 596/3950/889 598/3960/894 3409/3961/894 3408/3951/889
f 650/3952/890 588/3962/895 3404/3963/895 3435/3953/890
f 610/3954/891 612/3964/896 3416/3965/896 3415/3955/891
f 624/3956/892 626/3966/897 3423/3967/897 3422/3957/892
f 638/3958/893 640/3968/898 3430/3969/898 3429/3959/893
f 598/3960/894 600/3970/899 3410/3971/899 3409/3961/894
f 612/3964/896 614/3972/900 3417/3973/900 3416/3965/896
f 626/3966/897 628/3974/901 3424/3975/901 3423/3967/897
f 640/3968/898 642/3976/902 3431/3977/902 3430/3969/898
f 600/3970/899 602/3978/903 3411/3979/903 3410/3971/899
f 614/3972/900 616/3916/872 3418/3919/872 3417/3973/900
f 628/3974/901 630/3920/874 3425/3923/874 3424/3975/901
f 588/3962/895 590/3924/876 3405/3927/876 3404/3963/895
f 642/3976/902 644/3928/878 3432/3931/878 3431/3977/902
f 602/3978/903 604/3932/880 3412/3935/880 3411/3979/903
f 3436/3980/904 3403/3981/904 3402/3982/905 3439/3983/905
f 3439/3983/905 3402/3982/905 3401/3984/906 3441/3985/906
f 3441/3985/906 3401/3984/906 3400/3986/907 3443/3987/907
f 3443/3988/907 3400/3989/907 3399/3990/908 3445/3991/908
f 3445/3991/908 3399/3990/908 3398/3992/909 3447/3993/909
f 3447/3993/909 3398/3992/909 3397/3994/910 3449/3995/910
f 3449/3995/910 3397/3994/910 3396/3996/911 3451/3997/911
f 3451/3997/911 3396/3996/911 3395/3998/912 3453/3999/912
f 3453/3999/912 3395/3998/912 3394/4000/913 3455/4001/913
f 3455/4001/913 3394/4000/913 3393/4002/914 3457/4003/914
f 3457/4003/914 3393/4002/914 3392/4004/915 3459/4005/915
f 3459/4006/915 3392/4007/915 3391/4008/916 3461/4009/916
f 3461/4009/916 3391/4008/916 3390/4010/917 3463/4011/917
f 3463/4011/917 3390/4010/917 3389/4012/918 3465/4013/918
f 3465/4013/918 3389/4012/918 3388/4014/919 3467/4015/919
f 3467/4015/919 3388/4014/919 3387/4016/920 3469/4017/920
f 3469/4017/920 3387/4016/920 3386/4018/921 3471/4019/921
f 3471/4019/921 3386/4018/921 3385/4020/922 3473/4021/922
f 3473/4021/922 3385/4020/922 3384/4022/923 3475/4023/923
f 3475/4024/923 3384/4025/923 3383/4026/924 3477/4027/924
f 3477/4027/924 3383/4026/924 3382/4028/925 3479/4029/925
f 3479/4029/925 3382/4028/925 3381/4030/926 3481/4031/926
f 3481/4031/926 3381/4030/926 3380/4032/927 3483/4033/927
f 3483/4033/927 3380/4032/927 3379/4034/928 3485/4035/928
f 3485/4035/928 3379/4034/928 3378/4036/929 3487/4037/929
f 3487/4037/929 3378/4036/929 3377/4038/930 3489/4039/930
f 3489/4039/930 3377/4038/930 3376/4040/931 3491/4041/931
f 3491/4042/931 3376/4043/931 3375/4044/932 3493/4045/932
f 3493/4045/932 3375/4044/932 3374/4046/933 3495/4047/933
f 3495/4047/933 3374/4046/933 3373/4048/934 3497/4049/934
f 3497/4049/934 3373/4048/934 3372/4050/935 3499/4051/935
f 3499/4051/935 3372/4050/935 3403/3981/904 3436/3980/904
f 3404/4052/935 3498/4053/935 3437/4054/904 3435/4055/904
f 3498/4053/935 3499/4051/935 3436/3980/904 3437/4054/904
f 3405/4056/934 3496/4057/934 3498/4053/935 3404/4052/935
f 3496/4057/934 3497/4049/934 3499/4051/935 3498/4053/935
f 3406/4058/933 3494/4059/933 3496/4057/934 3405/4056/934
f 3494/4059/933 3495/4047/933 3497/4049/934 3496/4057/934
f 3407/4060/932 3492/4061/932 3494/4059/933 3406/4058/933
f 3492/4061/932 3493/4045/932 3495/4047/933 3494/4059/933
f 3408/4062/931 3490/4063/931 3492/4061/932 3407/4060/932
f 3490/4063/931 3491/4042/931 3493/4045/932 3492/4061/932
f 3409/4064/930 3488/4065/930 3490/4066/931 3408/4067/931
f 3488/4065/930 3489/4039/930 3491/4041/931 3490/4066/931
f 3410/4068/929 3486/4069/929 3488/4065/930 3409/4064/930
f 3486/4069/929 3487/4037/929 3489/4039/930 3488/4065/930
f 3411/4070/928 3484/4071/928 3486/4069/929 3410/4068/929
f 3484/4071/928 3485/4035/928 3487/4037/929 3486/4069/929
f 3412/4072/927 3482/4073/927 3484/4071/928 3411/4070/928
f 3482/4073/927 3483/4033/927 3485/4035/928 3484/4071/928
f 3413/4074/926 3480/4075/926 3482/4073/927 3412/4072/927
f 3480/4075/926 3481/4031/926 3483/4033/927 3482/4073/927
f 3414/4076/925 3478/4077/925 3480/4075/926 3413/4074/926
f 3478/4077/925 3479/4029/925 3481/4031/926 3480/4075/926
f 3415/4078/924 3476/4079/924 3478/4077/925 3414/4076/925
f 3476/4079/924 3477/4027/924 3479/4029/925 3478/4077/925
f 3416/4080/923 3474/4081/923 3476/4079/924 3415/4078/924
f 3474/4081/923 3475/4024/923 3477/4027/924 3476/4079/924
f 3417/4082/922 3472/4083/922 3474/4084/923 3416/4085/923
f 3472/4083/922 3473/4021/922 3475/4023/923 3474/4084/923
f 3418/4086/921 3470/4087/921 3472/4083/922 3417/4082/922
f 3470/4087/921 3471/4019/921 3473/4021/922 3472/4083/922
f 3419/4088/920 3468/4089/920 3470/4087/921 3418/4086/921
f 3468/4089/920 3469/4017/920 3471/4019/921 3470/4087/921
f 3420/4090/919 3466/4091/919 3468/4089/920 3419/4088/920
f 3466/4091/919 3467/4015/919 3469/4017/920 3468/4089/920
f 3421/4092/918 3464/4093/918 3466/4091/919 3420/4090/919
f 3464/4093/918 3465/4013/918 3467/4015/919 3466/4091/919
f 3422/4094/917 3462/4095/917 3464/4093/918 3421/4092/918
f 3462/4095/917 3463/4011/917 3465/4013/918 3464/4093/918
f 3423/4096/916 3460/4097/916 3462/4095/917 3422/4094/917
f 3460/4097/916 3461/4009/916 3463/4011/917 3462/4095/917
f 3424/4098/915 3458/4099/915 3460/4097/916 3423/4096/916
f 3458/4099/915 3459/4006/915 3461/4009/916 3460/4097/916
f 3425/4100/914 3456/4101/914 3458/4102/915 3424/4103/915
f 3456/4101/914 3457/4003/914 3459/4005/915 3458/4102/915
f 3426/4104/913 3454/4105/913 3456/4101/914 3425/4100/914
f 3454/4105/913 3455/4001/913 3457/4003/914 3456/4101/914
f 3427/4106/912 3452/4107/912 3454/4105/913 3426/4104/913
f 3452/4107/912 3453/3999/912 3455/4001/913 3454/4105/913
f 3428/4108/911 3450/4109/911 3452/4107/912 3427/4106/912
f 3450/4109/911 3451/3997/911 3453/3999/912 3452/4107/912
f 3429/4110/910 3448/4111/910 3450/4109/911 3428/4108/911
f 3448/4111/910 3449/3995/910 3451/3997/911 3450/4109/911
f 3430/4112/909 3446/4113/909 3448/4111/910 3429/4110/910
f 3446/4113/909 3447/3993/909 3449/3995/910 3448/4111/910
f 3431/4114/908 3444/4115/908 3446/4113/909 3430/4112/909
f 3444/4115/908 3445/3991/908 3447/3993/909 3446/4113/909
f 3432/4116/907 3442/4117/907 3444/4115/908 3431/4114/908
f 3442/4117/907 3443/3988/907 3445/3991/908 3444/4115/908
f 3433/4118/906 3440/4119/906 3442/4120/907 3432/4121/907
f 3440/4119/906 3441/3985/906 3443/3987/907 3442/4120/907
f 3434/4122/905 3438/4123/905 3440/4119/906 3433/4118/906
f 3438/4123/905 3439/3983/905 3441/3985/906 3440/4119/906
f 3435/4055/904 3437/4054/904 3438/4123/905 3434/4122/905
f 3437/4054/904 3436/3980/904 3439/3983/905 3438/4123/905

# 3531 faces
